player_id,player_name,player_display_name,position,position_group,headshot_url,season,season_type,recent_team,games,completions,attempts,passing_yards,passing_tds,passing_interceptions,sacks_suffered,sack_yards_lost,sack_fumbles,sack_fumbles_lost,passing_air_yards,passing_yards_after_catch,passing_first_downs,passing_epa,passing_cpoe,passing_2pt_conversions,pacr,carries,rushing_yards,rushing_tds,rushing_fumbles,rushing_fumbles_lost,rushing_first_downs,rushing_epa,rushing_2pt_conversions,receptions,targets,receiving_yards,receiving_tds,receiving_fumbles,receiving_fumbles_lost,receiving_air_yards,receiving_yards_after_catch,receiving_first_downs,receiving_epa,receiving_2pt_conversions,racr,target_share,air_yards_share,wopr,special_teams_tds,def_tackles_solo,def_tackles_with_assist,def_tackle_assists,def_tackles_for_loss,def_tackles_for_loss_yards,def_fumbles_forced,def_sacks,def_sack_yards,def_qb_hits,def_interceptions,def_interception_yards,def_pass_defended,def_tds,def_fumbles,def_safeties,misc_yards,fumble_recovery_own,fumble_recovery_yards_own,fumble_recovery_opp,fumble_recovery_yards_opp,fumble_recovery_tds,penalties,penalty_yards,punt_returns,punt_return_yards,kickoff_returns,kickoff_return_yards,fg_made,fg_att,fg_missed,fg_blocked,fg_long,fg_pct,fg_made_0_19,fg_made_20_29,fg_made_30_39,fg_made_40_49,fg_made_50_59,fg_made_60_,fg_missed_0_19,fg_missed_20_29,fg_missed_30_39,fg_missed_40_49,fg_missed_50_59,fg_missed_60_,fg_made_list,fg_missed_list,fg_blocked_list,fg_made_distance,fg_missed_distance,fg_blocked_distance,pat_made,pat_att,pat_missed,pat_blocked,pat_pct,gwfg_made,gwfg_att,gwfg_missed,gwfg_blocked,gwfg_distance_list,fantasy_points,fantasy_points_ppr
00-0022531,J.Peters,Jason Peters,OT,OL,"https://static.www.nfl.com/image/upload/f_auto,q_auto/league/xcsyqvrlrpe6s3d0rodq",2023,REG,SEA,2,0,0,0,0,0,0,0,0,0,0,0,0,,,0,,0,0,0,0,0,0,,0,0,0,0,0,0,0,0,0,0,,0,,0,0,0,0,0,0,0,0,0,0,0,0,0,0,0,0,0,0,0,0,0,0,0,0,0,2,9,0,0,0,0,0,0,0,0,,,0,0,0,0,0,0,0,0,0,0,0,0,,,,0,0,0,0,0,0,0,,0,0,0,0,,0,0
00-0023459,A.Rodgers,Aaron Rodgers,QB,QB,"https://static.www.nfl.com/image/upload/f_auto,q_auto/league/dypvakakxhccxs67tb0y",2023,REG,NYJ,1,0,1,0,0,0,1,-10,0,0,17,0,0,-2.03195988433436,,0,0,0,0,0,0,0,0,,0,0,0,0,0,0,0,0,0,0,,0,,0,0,0,0,0,0,0,0,0,0,0,0,0,0,0,0,0,0,0,0,0,0,0,0,0,0,0,0,0,0,0,0,0,0,0,,,0,0,0,0,0,0,0,0,0,0,0,0,,,,0,0,0,0,0,0,0,,0,0,0,0,,0,0
00-0023853,M.Prater,Matt Prater,K,SPEC,"https://static.www.nfl.com/image/upload/f_auto,q_auto/league/pj981bi535y4jwy6skr1",2023,REG,ARI,17,0,0,0,0,0,0,0,0,0,0,0,0,,,0,,0,0,0,0,0,0,,0,0,0,0,0,0,0,0,0,0,,0,,0,0,0,0,0,0,0,0,0,0,0,0,0,0,0,0,0,0,0,0,0,0,0,0,0,0,0,0,0,0,0,28,33,5,0,62,0.848484848484848,0,6,7,6,8,1,0,0,1,1,3,0,28;54;37;37;44;39;43;62;38;55;32;27;44;47;51;46;56;23;57;51;58;43;28;55;28;34;23;34,55;34;56;43;51,,1174,239,0,22,23,1,0,0.956521739130435,1,2,1,0,23;51,0,0
00-0024243,M.Lewis,Marcedes Lewis,TE,TE,"https://static.www.nfl.com/image/private/f_auto,q_auto/league/ppq07tipygpftz5csipx",2023,REG,CHI,6,0,0,0,0,0,0,0,0,0,0,0,0,,,0,,0,0,0,0,0,0,,0,4,5,29,1,0,0,9,29,2,2.48608262301423,0,3.22222222222222,0.010482180293501,0.0023841059602649,0.017392144612437,0,0,0,0,0,0,0,0,0,0,0,0,0,0,0,0,0,0,0,0,0,0,2,15,0,0,0,0,0,0,0,0,,,0,0,0,0,0,0,0,0,0,0,0,0,,,,0,0,0,0,0,0,0,,0,0,0,0,,8.9,12.9
00-0025565,N.Folk,Nick Folk,K,SPEC,"https://static.www.nfl.com/image/upload/f_auto,q_auto/league/qcfiv2cc7ky37yq9iklp",2023,REG,TEN,17,0,0,0,0,0,0,0,0,0,0,0,0,,,0,,0,0,0,0,0,0,,0,0,0,0,0,0,0,0,0,0,,0,,0,0,0,0,0,0,0,0,0,0,0,0,0,0,0,0,0,0,0,0,0,0,0,0,0,0,0,0,0,0,0,29,30,1,0,53,0.966666666666667,0,9,9,6,5,0,0,0,0,0,1,0,50;27;31;45;29;33;41;44;53;35;27;53;34;26;27;38;36;36;48;38;27;53;24;46;28;23;45;33;53,51,,1083,51,0,28,30,2,0,0.933333333333333,1,1,0,0,41,0,0
00-0025580,M.Crosby,Mason Crosby,K,SPEC,"https://static.www.nfl.com/image/private/f_auto,q_auto/league/usbwgcjsdcugjafgjzvt",2023,REG,NYG,3,0,0,0,0,0,0,0,0,0,0,0,0,,,0,,0,0,0,0,0,0,,0,0,0,0,0,0,0,0,0,0,,0,,0,0,0,0,0,0,0,0,0,0,0,0,0,0,0,0,0,0,0,0,0,0,0,0,0,0,0,0,0,0,0,5,7,2,0,52,0.714285714285714,0,2,2,0,1,0,0,0,0,1,1,0,52;31;32;24;21,54;45,,160,99,0,6,7,1,0,0.857142857142857,0,1,1,0,54,0,0
00-0026027,J.Jansen,J.J. Jansen,LS,SPEC,"https://static.www.nfl.com/image/upload/f_auto,q_auto/league/vmbidsuvur7zfmpt9xak",2023,REG,CAR,2,0,0,0,0,0,0,0,0,0,0,0,0,,,0,,0,0,0,0,0,0,,0,0,0,0,0,0,0,0,0,0,,0,,0,0,0,0,1,0,1,0,0,0,0,0,0,0,0,0,0,0,0,0,0,0,0,0,0,0,0,0,0,0,0,0,0,0,0,,,0,0,0,0,0,0,0,0,0,0,0,0,,,,0,0,0,0,0,0,0,,0,0,0,0,,0,0
00-0026158,J.Flacco,Joe Flacco,QB,QB,"https://static.www.nfl.com/image/upload/f_auto,q_auto/league/vbqptn8emdlbeaz1kvmx",2023,REG,CLE,5,123,204,1616,13,8,8,-57,3,1,1910,678,60,-0.554587160902579,-2.87560623914457,1,0.846073298429319,9,2,0,1,0,4,-0.469945976810131,0,0,0,0,0,0,0,0,0,0,,0,,0,0,0,0,0,0,0,0,0,0,0,0,0,0,0,0,0,0,0,0,1,2,0,0,0,1,11,0,0,0,0,0,0,0,0,,,0,0,0,0,0,0,0,0,0,0,0,0,,,,0,0,0,0,0,0,0,,0,0,0,0,,100.84,100.84
00-0026166,D.Brown,Duane Brown,OT,OL,"https://static.www.nfl.com/image/private/f_auto,q_auto/league/oo4wdp0wxeyowhqtbor9",2023,REG,NYJ,1,0,0,0,0,0,0,0,0,0,0,0,0,,,0,,0,0,0,0,0,0,,0,0,0,0,0,0,0,0,0,0,,0,,0,0,0,0,1,0,0,0,0,0,0,0,0,0,0,0,0,0,0,0,0,0,0,0,0,0,0,0,0,0,0,0,0,0,0,,,0,0,0,0,0,0,0,0,0,0,0,0,,,,0,0,0,0,0,0,0,,0,0,0,0,,0,0
00-0026190,C.Campbell,Calais Campbell,DE,DL,"https://static.www.nfl.com/image/upload/f_auto,q_auto/league/juvpepl8uc1p9rs7upsf",2023,REG,ATL,16,0,0,0,0,0,0,0,0,0,0,0,0,,,0,,0,0,0,0,0,0,,0,0,0,0,0,0,0,0,0,0,,0,,0,0,0,0,25,7,24,9,35,1,6.5,29,17,0,0,1,0,0,1,0,0,0,1,1,0,1,5,0,0,0,0,0,0,0,0,,,0,0,0,0,0,0,0,0,0,0,0,0,,,,0,0,0,0,0,0,0,,0,0,0,0,,0,0
00-0026293,M.Slater,Matthew Slater,WR,WR,"https://static.www.nfl.com/image/private/f_auto,q_auto/league/cs1ojdzhxjuanbw6vflv",2023,REG,NE,5,0,0,0,0,0,0,0,0,0,0,0,0,,,0,,0,0,0,0,0,0,,0,0,0,0,0,0,0,0,0,0,,0,,0,0,0,0,4,1,1,0,0,0,0,0,0,0,0,0,0,0,0,0,0,0,0,0,0,2,15,0,0,0,0,0,0,0,0,,,0,0,0,0,0,0,0,0,0,0,0,0,,,,0,0,0,0,0,0,0,,0,0,0,0,,0,0
00-0026498,M.Stafford,Matthew Stafford,QB,QB,"https://static.www.nfl.com/image/upload/f_auto,q_auto/league/svxl2pk2cuqf26zrhii4",2023,REG,LA,15,326,521,3965,24,11,30,-205,0,0,4033,1890,187,54.1911078771295,-2.55678771120129,1,0.983139102405157,21,65,0,0,0,4,3.96563549202983,0,0,0,0,0,0,0,0,0,0,1.053,1,,0,0,0,0,0,0,0,0,0,0,0,0,0,0,0,0,0,0,0,0,0,0,0,0,0,3,32,0,0,0,0,0,0,0,0,,,0,0,0,0,0,0,0,0,0,0,0,0,,,,0,0,0,0,0,0,0,,0,0,0,0,,243.1,243.1
00-0026625,B.Hoyer,Brian Hoyer,QB,QB,"https://static.www.nfl.com/image/private/f_auto,q_auto/league/japt3mj2xctm7saqndxn",2023,REG,LV,2,23,42,231,0,2,1,-8,0,0,344,80,14,-8.7807727533644,-11.1679319824491,0,0.671511627906977,3,-3,0,0,0,0,-1.8153455403517,0,0,0,0,0,0,0,0,0,0,,0,,0,0,0,0,0,0,0,0,0,0,0,0,0,0,0,0,0,0,0,0,0,0,0,0,0,0,0,0,0,0,0,0,0,0,0,,,0,0,0,0,0,0,0,0,0,0,0,0,,,,0,0,0,0,0,0,0,,0,0,0,0,,4.94,4.94
00-0026858,G.Gano,Graham Gano,K,SPEC,"https://static.www.nfl.com/image/upload/f_auto,q_auto/league/wp5wochy7uuqcgyjcrrd",2023,REG,NYG,8,0,0,0,0,0,0,0,0,0,0,0,0,,,0,,0,0,0,0,0,0,,0,0,0,0,0,0,0,0,0,0,,0,,0,0,0,0,0,0,0,0,0,0,0,0,0,0,0,0,0,0,0,0,0,0,0,0,0,0,0,0,0,0,0,11,17,5,1,57,0.647058823529412,0,2,3,3,3,0,0,0,2,2,1,0,34;44;57;55;49;37;51;29;43;29;31,36;55;42;47;35,45,459,215,45,8,8,0,0,1,1,1,0,0,34,0,0
00-0027114,T.Morstead,Thomas Morstead,P,SPEC,"https://static.www.nfl.com/image/upload/f_auto,q_auto/league/uicxa9bwvrenvcwnoklm",2023,REG,NYJ,17,1,1,18,0,0,0,0,0,0,10,8,1,2.67090002633631,39.8191273212433,0,1.8,0,0,0,0,0,0,,0,0,0,0,0,0,0,0,0,0,,0,,0,0,0,0,0,0,0,0,0,0,0,0,0,0,0,0,0,0,0,0,0,0,0,0,0,0,0,0,0,0,0,0,0,0,0,,,0,0,0,0,0,0,0,0,0,0,0,0,,,,0,0,0,0,0,0,0,,0,0,0,0,,0.72,0.72
00-0027224,J.Weeks,Jon Weeks,LS,SPEC,"https://static.www.nfl.com/image/upload/f_auto,q_auto/league/efqsxmef1aoqnw6co1au",2023,REG,HOU,1,0,0,0,0,0,0,0,0,0,0,0,0,,,0,,0,0,0,0,0,0,,0,0,0,0,0,0,0,0,0,0,,0,,0,0,0,0,0,0,1,0,0,0,0,0,0,0,0,0,0,0,0,0,0,0,0,0,0,0,0,0,0,0,0,0,0,0,0,,,0,0,0,0,0,0,0,0,0,0,0,0,,,,0,0,0,0,0,0,0,,0,0,0,0,,0,0
00-0027557,M.Cox,Morgan Cox,LS,SPEC,"https://static.www.nfl.com/image/upload/f_auto,q_auto/league/lqdswjw8fzenqmc06zbe",2023,REG,TEN,1,0,0,0,0,0,0,0,0,0,0,0,0,,,0,,0,0,0,0,0,0,,0,0,0,0,0,0,0,0,0,0,,0,,0,0,0,0,1,0,0,0,0,0,0,0,0,0,0,0,0,0,0,0,0,0,0,0,0,0,0,0,0,0,0,0,0,0,0,,,0,0,0,0,0,0,0,0,0,0,0,0,,,,0,0,0,0,0,0,0,,0,0,0,0,,0,0
00-0027696,J.Graham,Jimmy Graham,TE,TE,"https://static.www.nfl.com/image/private/f_auto,q_auto/league/h7xs06oj6g03mippwtse",2023,REG,NO,6,0,0,0,0,0,0,0,0,0,0,0,0,,,0,,0,0,0,0,0,0,,0,6,7,39,4,0,0,42,3,6,8.15597459062701,0,0.928571428571429,0.0120898100172712,0.00837320574162679,0.0239959590450455,0,0,0,0,0,0,0,0,0,0,0,0,0,0,0,0,0,0,0,0,0,0,1,10,0,0,0,0,0,0,0,0,,,0,0,0,0,0,0,0,0,0,0,0,0,,,,0,0,0,0,0,0,0,,0,0,0,0,,27.9,33.9
00-0027723,A.Woods,Al Woods,DT,DL,"https://static.www.nfl.com/image/private/f_auto,q_auto/league/prcuuwfcof1uok4lxb11",2023,REG,NYJ,4,0,0,0,0,0,0,0,0,0,0,0,0,,,0,,0,0,0,0,0,0,,0,0,0,0,0,0,0,0,0,0,,0,,0,0,0,0,3,1,2,1,2,0,1,2,2,0,0,0,0,0,0,0,0,0,0,0,0,0,0,0,0,0,0,0,0,0,0,,,0,0,0,0,0,0,0,0,0,0,0,0,,,,0,0,0,0,0,0,0,,0,0,0,0,,0,0
00-0027857,T.Williams,Trent Williams,OT,OL,"https://static.www.nfl.com/image/upload/f_auto,q_auto/league/z3rgsbkzy0sripzunidx",2023,REG,SF,7,0,0,0,0,0,0,0,0,0,0,0,0,,,0,,0,0,0,0,0,0,,0,0,0,0,0,0,0,0,0,0,,0,,0,0,0,0,0,0,1,0,0,0,0,0,0,0,0,0,0,0,0,0,0,0,0,0,0,7,54,0,0,0,0,0,0,0,0,,,0,0,0,0,0,0,0,0,0,0,0,0,,,,0,0,0,0,0,0,0,,0,0,0,0,,0,0
00-0027862,T.Alualu,Tyson Alualu,DE,DL,"https://static.www.nfl.com/image/private/f_auto,q_auto/league/wz7lyukjawvr7xfdszmb",2023,REG,DET,2,0,0,0,0,0,0,0,0,0,0,0,0,,,0,,0,0,0,0,0,0,,0,0,0,0,0,0,0,0,0,0,,0,,0,0,0,0,2,1,1,0,0,0,0,0,0,0,0,0,0,0,0,0,0,0,0,0,0,0,0,0,0,0,0,0,0,0,0,,,0,0,0,0,0,0,0,0,0,0,0,0,,,,0,0,0,0,0,0,0,,0,0,0,0,,0,0
00-0027865,B.Graham,Brandon Graham,DE,DL,"https://static.www.nfl.com/image/upload/f_auto,q_auto/league/e6iqegrredwqev7qx81m",2023,REG,PHI,10,0,0,0,0,0,0,0,0,0,0,0,0,,,0,,0,0,0,0,0,0,,0,0,0,0,0,0,0,0,0,0,,0,,0,0,0,0,9,2,5,4,17,0,3,19,6,0,0,1,0,0,0,0,0,0,0,0,0,0,0,0,0,0,0,0,0,0,0,,,0,0,0,0,0,0,0,0,0,0,0,0,,,,0,0,0,0,0,0,0,,0,0,0,0,,0,0
00-0027867,J.Pierre-Paul,Jason Pierre-Paul,DE,DL,"https://static.www.nfl.com/image/private/f_auto,q_auto/league/pwl0fkpfwut1rizcarub",2023,REG,NO,1,0,0,0,0,0,0,0,0,0,0,0,0,,,0,,0,0,0,0,0,0,,0,0,0,0,0,0,0,0,0,0,,0,,0,0,0,0,1,0,1,0,0,0,0,0,0,0,0,0,0,0,0,0,0,0,0,0,0,0,0,0,0,0,0,0,0,0,0,,,0,0,0,0,0,0,0,0,0,0,0,0,,,,0,0,0,0,0,0,0,,0,0,0,0,,0,0
00-0027872,K.Jackson,Kareem Jackson,S,DB,"https://static.www.nfl.com/image/upload/f_auto,q_auto/league/vzmcqsvgotnfsmmzgtwa",2023,REG,HOU,10,0,0,0,0,0,0,0,0,0,0,0,0,,,0,,0,0,0,0,0,0,,0,0,0,0,0,0,0,0,0,0,,0,,0,0,0,0,34,3,16,0,0,0,0,0,0,2,5,3,0,0,0,0,0,0,0,0,0,4,41,0,0,0,0,0,0,0,0,,,0,0,0,0,0,0,0,0,0,0,0,0,,,,0,0,0,0,0,0,0,,0,0,0,0,,0,0
00-0027881,J.Hughes,Jerry Hughes,DE,DL,"https://static.www.nfl.com/image/upload/f_auto,q_auto/league/holacsltnj1mvxkeqgp0",2023,REG,HOU,14,0,0,0,0,0,0,0,0,0,0,0,0,,,0,,0,0,0,0,0,0,,0,0,0,0,0,0,0,0,0,0,,0,,0,0,0,0,16,7,9,2,18,1,3,28,3,0,0,0,0,0,0,0,0,0,0,0,0,1,5,0,0,0,0,0,0,0,0,,,0,0,0,0,0,0,0,0,0,0,0,0,,,,0,0,0,0,0,0,0,,0,0,0,0,,0,0
00-0027885,L.Joseph,Linval Joseph,DT,DL,"https://static.www.nfl.com/image/upload/f_auto,q_auto/league/xm9kvvx4uujqqjkqxngq",2023,REG,BUF,7,0,0,0,0,0,0,0,0,0,0,0,0,,,0,,0,0,0,0,0,0,,0,0,0,0,0,0,0,0,0,0,,0,,0,0,0,0,6,1,5,1,3,0,1,3,1,0,0,0,0,0,0,0,0,0,0,0,0,0,0,0,0,0,0,0,0,0,0,,,0,0,0,0,0,0,0,0,0,0,0,0,,,,0,0,0,0,0,0,0,,0,0,0,0,,0,0
00-0027940,V.Miller,Von Miller,OLB,LB,"https://static.www.nfl.com/image/upload/f_auto,q_auto/league/cqkgo6uw5ha7bjajkewf",2023,REG,BUF,5,0,0,0,0,0,0,0,0,0,0,0,0,,,0,,0,0,0,0,0,0,,0,0,0,0,0,0,0,0,0,0,,0,,0,0,0,0,1,1,1,0,0,0,0,0,3,0,0,0,0,0,0,0,0,0,0,0,0,1,5,0,0,0,0,0,0,0,0,,,0,0,0,0,0,0,0,0,0,0,0,0,,,,0,0,0,0,0,0,0,,0,0,0,0,,0,0
00-0027943,P.Peterson,Patrick Peterson,CB,DB,"https://static.www.nfl.com/image/private/f_auto,q_auto/league/hefuj7lvfmgvr4tme7te",2023,REG,PIT,16,0,0,0,0,0,0,0,0,0,0,0,0,,,0,,0,0,0,0,0,0,,0,0,0,0,0,0,0,0,0,0,,0,,0,0,0,0,29,5,8,0,0,0,0,0,0,2,0,11,0,0,0,0,0,0,0,0,0,6,27,0,0,0,0,0,0,0,0,,,0,0,0,0,0,0,0,0,0,0,0,0,,,,0,0,0,0,0,0,0,,0,0,0,0,,0,0
00-0027944,J.Jones,Julio Jones,WR,WR,"https://static.www.nfl.com/image/upload/f_auto,q_auto/league/omrddf2phtyztzx2nup1",2023,REG,PHI,8,0,0,0,0,0,0,0,0,0,0,0,0,,,0,,0,0,0,0,0,0,,0,11,19,74,3,0,0,131,28,4,2.23363445431562,0,0.564885496183206,0.0361904761904762,0.0270437654830718,0.0732163501238646,0,0,0,0,0,0,0,0,0,0,0,0,0,0,0,0,0,0,0,0,0,0,0,0,0,0,0,0,0,0,0,0,,,0,0,0,0,0,0,0,0,0,0,0,0,,,,0,0,0,0,0,0,0,,0,0,0,0,,25.4,36.4
00-0027947,Tyr.Smith,Tyron Smith,OT,OL,"https://static.www.nfl.com/image/upload/f_auto,q_auto/league/w7doljwg9c9jqwejqf8b",2023,REG,DAL,3,0,0,0,0,0,0,0,0,0,0,0,0,,,0,,0,0,0,0,0,0,,0,0,0,0,0,0,0,0,0,0,,0,,0,0,0,0,0,0,0,0,0,0,0,0,0,0,0,0,0,0,0,0,0,0,0,0,0,3,25,0,0,0,0,0,0,0,0,,,0,0,0,0,0,0,0,0,0,0,0,0,,,,0,0,0,0,0,0,0,,0,0,0,0,,0,0
00-0027948,B.Gabbert,Blaine Gabbert,QB,QB,"https://static.www.nfl.com/image/private/f_auto,q_auto/league/fphhd3wedamgkps6e0dl",2023,REG,KC,2,18,35,185,0,3,1,-9,0,0,198,118,8,-16.1432871051638,-15.380810288822,0,0.934343434343434,7,45,0,0,0,2,-0.619769561337307,0,0,0,0,0,0,0,0,0,0,,0,,0,0,0,0,0,0,0,0,0,0,0,0,0,0,0,0,0,0,0,0,0,0,0,0,0,0,0,0,0,0,0,0,0,0,0,,,0,0,0,0,0,0,0,0,0,0,0,0,,,,0,0,0,0,0,0,0,,0,0,0,0,,5.9,5.9
00-0027962,C.Jordan,Cameron Jordan,DE,DL,"https://static.www.nfl.com/image/upload/f_auto,q_auto/league/eauqz3xbdtl0wfoy71da",2023,REG,NO,14,0,0,0,0,0,0,0,0,0,0,0,0,,,0,,0,0,0,0,0,0,,0,0,0,0,0,0,0,0,0,0,,0,,0,0,0,0,15,5,23,2,5,0,2,8,6,0,0,3,0,0,0,0,0,0,1,1,0,1,4,0,0,0,0,0,0,0,0,,,0,0,0,0,0,0,0,0,0,0,0,0,,,,0,0,0,0,0,0,0,,0,0,0,0,,0,0
00-0027969,C.Heyward,Cameron Heyward,DT,DL,"https://static.www.nfl.com/image/upload/f_auto,q_auto/league/vfql05jp29d2pltrlwqz",2023,REG,PIT,10,0,0,0,0,0,0,0,0,0,0,0,0,,,0,,0,0,0,0,0,0,,0,0,0,0,0,0,0,0,0,0,,0,,0,0,0,0,18,7,8,3,22,0,2,14,3,0,0,1,0,0,0,0,0,0,0,0,0,0,0,0,0,0,0,0,0,0,0,,,0,0,0,0,0,0,0,0,0,0,0,0,,,,0,0,0,0,0,0,0,,0,0,0,0,,0,0
00-0027973,A.Dalton,Andy Dalton,QB,QB,"https://static.www.nfl.com/image/upload/f_auto,q_auto/league/nyjb97rajdqckaxsoniv",2023,REG,CAR,2,34,58,361,2,0,3,-27,0,0,477,128,17,4.54832959122722,-5.50634359058581,0,0.756813417190776,3,12,0,0,0,2,1.4284599639941,0,0,0,0,0,0,0,0,0,0,,0,,0,0,0,0,0,0,0,0,0,0,0,0,0,0,0,0,0,0,0,0,0,0,0,0,0,0,0,0,0,0,0,0,0,0,0,,,0,0,0,0,0,0,0,0,0,0,0,0,,,,0,0,0,0,0,0,0,,0,0,0,0,,23.64,23.64
00-0028002,R.Cobb,Randall Cobb,WR,WR,"https://static.www.nfl.com/image/private/f_auto,q_auto/league/kuwo5hnkbtesfw6n9w1s",2023,REG,NYJ,9,0,0,0,0,0,0,0,0,0,0,0,0,,,0,,0,0,0,0,0,0,,0,5,17,39,1,0,0,165,23,3,-14.4144704297376,1,0.236363636363636,0.0301953818827709,0.04125,0.0741680728241563,0,0,0,0,0,0,0,0,0,0,0,0,0,0,0,0,0,0,0,0,0,0,0,0,0,0,0,0,0,0,0,0,,,0,0,0,0,0,0,0,0,0,0,0,0,,,,0,0,0,0,0,0,0,,0,0,0,0,,11.9,16.9
00-0028008,J.Houston,Justin Houston,OLB,LB,"https://static.www.nfl.com/image/upload/f_auto,q_auto/league/uvob2wz6eezshbjclcya",2023,REG,CAR,6,0,0,0,0,0,0,0,0,0,0,0,0,,,0,,0,0,0,0,0,0,,0,0,0,0,0,0,0,0,0,0,,0,,0,0,0,0,4,1,4,2,7,0,0.5,3.5,3,0,0,1,0,0,0,0,0,0,0,0,0,1,15,0,0,0,0,0,0,0,0,,,0,0,0,0,0,0,0,0,0,0,0,0,,,,0,0,0,0,0,0,0,,0,0,0,0,,0,0
00-0028118,T.Taylor,Tyrod Taylor,QB,QB,"https://static.www.nfl.com/image/upload/f_auto,q_auto/league/nqpyumxuo0e9sitk0a0o",2023,REG,NYG,10,116,180,1341,5,3,17,-94,2,0,1541,578,52,1.16901569665396,4.38499879546282,0,0.870214146658014,38,197,0,2,0,12,-0.412836546254149,0,0,0,0,0,0,0,0,0,0,,0,,0,0,0,0,0,0,0,0,0,0,0,0,0,0,0,0,0,0,0,0,3,5,0,0,0,0,0,0,0,0,0,0,0,0,0,,,0,0,0,0,0,0,0,0,0,0,0,0,,,,0,0,0,0,0,0,0,,0,0,0,0,,87.34,87.34
00-0028129,J.Kelce,Jason Kelce,C,OL,"https://static.www.nfl.com/image/private/f_auto,q_auto/league/jkleqefsugfjxde0hzci",2023,REG,PHI,5,0,0,0,0,0,0,0,0,0,0,0,0,,,0,,0,0,0,0,0,0,,0,0,0,0,0,0,0,0,0,0,,0,,0,0,0,0,0,0,0,0,0,0,0,0,0,0,0,0,0,0,0,0,0,0,0,0,0,6,30,0,0,0,0,0,0,0,0,,,0,0,0,0,0,0,0,0,0,0,0,0,,,,0,0,0,0,0,0,0,,0,0,0,0,,0,0
00-0028171,L.Guy,Lawrence Guy,DT,DL,"https://static.www.nfl.com/image/private/f_auto,q_auto/league/jyc3hf6lyt5js3b7oon8",2023,REG,NE,15,0,0,0,0,0,0,0,0,0,0,0,0,,,0,,0,0,0,0,0,0,,0,0,0,0,0,0,0,0,0,0,,0,,0,0,0,0,10,6,22,0,0,0,0,0,0,0,0,1,0,0,0,0,0,0,0,0,0,0,0,0,0,0,0,0,0,0,0,,,0,0,0,0,0,0,0,0,0,0,0,0,,,,0,0,0,0,0,0,0,,0,0,0,0,,0,0
00-0028292,N.Bellore,Nick Bellore,LB,LB,"https://static.www.nfl.com/image/upload/f_auto,q_auto/league/wlj7zdf6h9p9dnhdtmih",2023,REG,SEA,8,0,0,0,0,0,0,0,0,0,0,0,0,,,0,,0,0,0,0,0,0,,0,0,0,0,0,0,0,0,0,0,,0,,0,0,0,0,7,1,6,0,0,0,0,0,0,0,0,0,0,0,0,0,0,0,0,0,0,0,0,0,0,0,0,0,0,0,0,,,0,0,0,0,0,0,0,0,0,0,0,0,,,,0,0,0,0,0,0,0,,0,0,0,0,,0,0
00-0028394,J.McQuaide,Jake McQuaide,LS,SPEC,"https://static.www.nfl.com/image/upload/f_auto,q_auto/league/gjtq2nbl0i8ejcx4dx9u",2023,REG,DET,1,0,0,0,0,0,0,0,0,0,0,0,0,,,0,,0,0,0,0,0,0,,0,0,0,0,0,0,0,0,0,0,,0,,0,0,0,0,0,0,1,0,0,0,0,0,0,0,0,0,0,0,0,0,0,0,0,0,0,0,0,0,0,0,0,0,0,0,0,,,0,0,0,0,0,0,0,0,0,0,0,0,,,,0,0,0,0,0,0,0,,0,0,0,0,,0,0
00-0028845,J.Harris,Josh Harris,LS,SPEC,"https://static.www.nfl.com/image/upload/f_auto,q_auto/league/agckpghgjhwbacdexqyd",2023,REG,LAC,4,0,0,0,0,0,0,0,0,0,0,0,0,,,0,,0,0,0,0,0,0,,0,0,0,0,0,0,0,0,0,0,,0,,0,0,0,0,3,0,2,0,0,0,0,0,0,0,0,0,0,0,0,0,0,0,0,0,0,0,0,0,0,0,0,0,0,0,0,,,0,0,0,0,0,0,0,0,0,0,0,0,,,,0,0,0,0,0,0,0,,0,0,0,0,,0,0
00-0028872,J.Hekker,Johnny Hekker,P,SPEC,"https://static.www.nfl.com/image/upload/f_auto,q_auto/league/qqxvnynrahubphl6gjvw",2023,REG,CAR,17,1,1,7,0,0,0,0,0,0,-4,11,0,-1.94108840171248,16.2852168083191,0,0,1,-11,0,1,1,0,-6.0536010384094,0,0,0,0,0,0,0,0,0,0,,0,,0,0,0,0,0,0,0,0,0,0,0,0,0,0,0,0,0,0,0,0,0,0,0,0,0,0,0,0,0,0,0,0,0,0,0,,,0,0,0,0,0,0,0,0,0,0,0,0,,,,0,0,0,0,0,0,0,,0,0,0,0,,-2.82,-2.82
00-0028899,R.McLeod,Rodney McLeod Jr.,FS,DB,"https://static.www.nfl.com/image/upload/f_auto,q_auto/league/ettne7rdpnkozuyhx8be",2023,REG,CLE,10,0,0,0,0,0,0,0,0,0,0,0,0,,,0,,0,0,0,0,0,0,,0,0,0,0,0,0,0,0,0,0,,0,,0,0,0,0,14,2,13,1,1,0,0,0,0,0,0,1,0,0,0,0,0,0,0,0,0,0,0,0,0,0,0,0,0,0,0,,,0,0,0,0,0,0,0,0,0,0,0,0,,,,0,0,0,0,0,0,0,,0,0,0,0,,0,0
00-0028924,T.Gipson,Tashaun Gipson,FS,DB,"https://static.www.nfl.com/image/private/f_auto,q_auto/league/mbniabicepxxcetygjhk",2023,REG,SF,16,0,0,0,0,0,0,0,0,0,0,0,0,,,0,,0,0,0,0,0,0,,0,0,0,0,0,0,0,0,0,0,,0,,0,0,0,0,35,6,19,1,9,0,1,9,1,1,26,3,0,0,0,0,0,0,0,0,0,3,52,0,0,0,0,0,0,0,0,,,0,0,0,0,0,0,0,0,0,0,0,0,,,,0,0,0,0,0,0,0,,0,0,0,0,,0,0
00-0028986,C.Keenum,Case Keenum,QB,QB,"https://static.www.nfl.com/image/upload/f_auto,q_auto/league/weixhyzal4ntsyszyepu",2023,REG,HOU,2,34,53,291,1,3,6,-60,0,0,377,146,14,-20.6513293816017,-2.89297565525653,0,0.771883289124668,2,1,0,1,0,1,-1.65093343582703,0,0,0,0,0,0,0,0,0,0,,0,,0,0,0,0,0,0,0,0,0,0,0,0,0,0,0,0,0,0,0,0,0,1,0,0,0,1,12,0,0,0,0,0,0,0,0,,,0,0,0,0,0,0,0,0,0,0,0,0,,,,0,0,0,0,0,0,0,,0,0,0,0,,9.74,9.74
00-0029008,C.Hughlett,Charley Hughlett,LS,SPEC,"https://static.www.nfl.com/image/upload/f_auto,q_auto/league/cowm2qllr7vpyktisnln",2023,REG,CLE,5,0,0,0,0,0,0,0,0,0,0,0,0,,,0,,0,0,0,0,0,0,,0,0,0,0,0,0,0,0,0,0,,0,,0,0,0,0,0,0,5,0,0,0,0,0,0,0,0,0,0,0,0,0,0,0,0,0,0,0,0,0,0,0,0,0,0,0,0,,,0,0,0,0,0,0,0,0,0,0,0,0,,,,0,0,0,0,0,0,0,,0,0,0,0,,0,0
00-0029193,B.Irvin,Bruce Irvin,LB,LB,"https://static.www.nfl.com/image/private/f_auto,q_auto/league/jxsrulnbvfvmls7u6w7s",2023,REG,DET,2,0,0,0,0,0,0,0,0,0,0,0,0,,,0,,0,0,0,0,0,0,,0,0,0,0,0,0,0,0,0,0,,0,,0,0,0,0,1,0,0,1,10,0,1,10,2,0,0,0,0,0,0,0,0,0,0,0,0,1,15,0,0,0,0,0,0,0,0,,,0,0,0,0,0,0,0,0,0,0,0,0,,,,0,0,0,0,0,0,0,,0,0,0,0,,0,0
00-0029239,B.Bolden,Brandon Bolden,RB,RB,"https://static.www.nfl.com/image/private/f_auto,q_auto/league/kqqwz35z9brhkzbs4bcn",2023,REG,LV,5,0,0,0,0,0,0,0,0,0,0,0,0,,,0,,4,31,1,0,0,2,4.73202799433796,1,0,0,0,0,0,0,0,0,0,,0,,0,0,0,0,3,0,1,0,0,0,0,0,0,0,0,0,0,0,0,0,0,0,0,0,0,0,0,0,0,0,0,0,0,0,0,,,0,0,0,0,0,0,0,0,0,0,0,0,,,,0,0,0,0,0,0,0,,0,0,0,0,,11.1,11.1
00-0029249,M.Ingram,Melvin Ingram,LB,LB,"https://static.www.nfl.com/image/private/f_auto,q_auto/league/kbnd1mhegpg4n5kj7rac",2023,REG,MIA,2,0,0,0,0,0,0,0,0,0,0,0,0,,,0,,0,0,0,0,0,0,,0,0,0,0,0,0,0,0,0,0,,0,,0,0,0,0,4,2,1,1,8,0,1.5,8,2,0,0,0,0,0,0,0,0,0,0,0,0,0,0,0,0,0,0,0,0,0,0,,,0,0,0,0,0,0,0,0,0,0,0,0,,,,0,0,0,0,0,0,0,,0,0,0,0,,0,0
00-0029255,B.Wagner,Bobby Wagner,MLB,LB,"https://static.www.nfl.com/image/upload/f_auto,q_auto/league/msulezmb9dk3klpgymoj",2023,REG,SEA,17,0,0,0,0,0,0,0,0,0,0,0,0,,,0,,0,0,0,0,0,0,,0,0,0,0,0,0,0,0,0,0,,0,,0,0,0,0,77,19,87,8,30,0,3.5,24,6,0,0,3,0,0,0,0,0,0,1,1,0,1,2,0,0,0,0,0,0,0,0,,,0,0,0,0,0,0,0,0,0,0,0,0,,,,0,0,0,0,0,0,0,,0,0,0,0,,0,0
00-0029263,R.Wilson,Russell Wilson,QB,QB,"https://static.www.nfl.com/image/upload/f_auto,q_auto/league/vkstxj0evgkjiycu4glc",2023,REG,DEN,15,297,447,3070,26,8,45,-258,7,4,3189,1735,136,-15.177197524169,4.85304437487958,2,0.962684227030417,80,341,3,3,1,39,17.5656617270545,0,0,0,0,0,0,0,0,0,0,,0,,0,0,0,0,1,0,0,0,0,0,0,0,0,0,0,0,0,0,0,0,2,3,0,0,0,1,6,0,0,0,0,0,0,0,0,,,0,0,0,0,0,0,0,0,0,0,0,0,,,,0,0,0,0,0,0,0,,0,0,0,0,,256.9,256.9
00-0029285,J.Norman,Josh Norman,CB,DB,"https://static.www.nfl.com/image/private/f_auto,q_auto/league/i2bihsraophhbhvhhypb",2023,REG,BUF,2,0,0,0,0,0,0,0,0,0,0,0,0,,,0,,0,0,0,0,0,0,,0,0,0,0,0,0,0,0,0,0,,0,,0,0,0,0,3,0,1,0,0,0,0,0,0,0,0,0,0,0,0,0,0,0,0,0,0,0,0,0,0,0,0,0,0,0,0,,,0,0,0,0,0,0,0,0,0,0,0,0,,,,0,0,0,0,0,0,0,,0,0,0,0,,0,0
00-0029293,M.Jones,Marvin Jones,WR,WR,"https://static.www.nfl.com/image/private/f_auto,q_auto/league/ciy9sxefmcnwjw7ln3h2",2023,REG,DET,4,0,0,0,0,0,0,0,0,0,0,0,0,,,0,,0,0,0,0,0,0,,0,5,10,35,0,1,1,80,9,2,-5.42696698851174,0,0.4375,0.0174216027874564,0.0195790504160548,0.039837739472423,0,0,0,0,0,0,0,0,0,0,0,0,0,0,0,0,0,0,0,0,0,0,0,0,0,0,0,0,0,0,0,0,,,0,0,0,0,0,0,0,0,0,0,0,0,,,,0,0,0,0,0,0,0,,0,0,0,0,,1.5,6.5
00-0029316,K.Beachum,Kelvin Beachum,OT,OL,"https://static.www.nfl.com/image/upload/f_auto,q_auto/league/dgul4jljoasida1h8tag",2023,REG,ARI,1,0,0,0,0,0,0,0,0,0,0,0,0,,,0,,0,0,0,0,0,0,,0,0,0,0,0,0,0,0,0,0,,0,,0,0,0,0,0,0,0,0,0,0,0,0,0,0,0,0,0,0,0,0,0,0,0,0,0,1,10,0,0,0,0,0,0,0,0,,,0,0,0,0,0,0,0,0,0,0,0,0,,,,0,0,0,0,0,0,0,,0,0,0,0,,0,0
00-0029421,R.Bullock,Randy Bullock,K,SPEC,"https://static.www.nfl.com/image/private/f_auto,q_auto/league/pim6xbwsdnk5xwhlwde8",2023,REG,NYG,6,0,0,0,0,0,0,0,0,0,0,0,0,,,0,,0,0,0,0,0,0,,0,0,0,0,0,0,0,0,0,0,,0,,0,0,0,0,0,0,0,0,0,0,0,0,0,0,0,0,0,0,0,0,0,0,0,0,0,0,0,0,0,0,0,5,6,1,0,56,0.833333333333333,0,0,2,2,1,0,0,0,0,1,0,0,40;36;42;37;56,48,,211,48,0,10,10,0,0,1,1,1,0,0,37,0,0
00-0029530,J.Bethel,Justin Bethel,CB,DB,"https://static.www.nfl.com/image/private/f_auto,q_auto/league/ctqpivwrs2u9gwrohbce",2023,REG,MIA,10,0,0,0,0,0,0,0,0,0,0,0,0,,,0,,0,0,0,0,0,0,,0,0,0,0,0,0,0,0,0,0,,0,,0,0,0,0,11,4,4,2,5,0,0.5,4.5,1,0,0,1,0,0,0,0,0,0,0,0,0,2,15,0,0,0,0,0,0,0,0,,,0,0,0,0,0,0,0,0,0,0,0,0,,,,0,0,0,0,0,0,0,,0,0,0,0,,0,0
00-0029542,S.Gilmore,Stephon Gilmore,CB,DB,"https://static.www.nfl.com/image/upload/f_auto,q_auto/league/rzqv9harev8c0excxzfz",2023,REG,DAL,17,0,0,0,0,0,0,0,0,0,0,0,0,,,0,,0,0,0,0,0,0,,0,0,0,0,0,0,0,0,0,0,,0,,0,0,0,0,50,4,14,0,0,1,0,0,0,2,0,13,0,0,0,0,0,0,0,0,0,4,55,0,0,0,0,0,0,0,0,,,0,0,0,0,0,0,0,0,0,0,0,0,,,,0,0,0,0,0,0,0,,0,0,0,0,,0,0
00-0029562,L.David,Lavonte David,OLB,LB,"https://static.www.nfl.com/image/upload/f_auto,q_auto/league/gicyoxodiwdzvybrzddk",2023,REG,TB,15,0,0,0,0,0,0,0,0,0,0,0,0,,,0,,0,0,0,0,0,0,,0,0,0,0,0,0,0,0,0,0,,0,,0,0,0,0,69,17,48,12,51,1,4.5,43.5,5,0,0,5,0,0,0,0,0,0,0,0,0,2,20,0,0,0,0,0,0,0,0,,,0,0,0,0,0,0,0,0,0,0,0,0,,,,0,0,0,0,0,0,0,,0,0,0,0,,0,0
00-0029592,K.Zeitler,Kevin Zeitler,G,OL,"https://static.www.nfl.com/image/upload/f_auto,q_auto/league/nfb14plexvixmjo0p5ye",2023,REG,BAL,5,0,0,0,0,0,0,0,0,0,0,0,0,,,0,,0,0,0,0,0,0,,0,0,0,0,0,0,0,0,0,0,,0,,0,0,0,0,1,0,0,0,0,0,0,0,0,0,0,0,0,0,0,0,1,1,0,0,0,3,20,0,0,0,0,0,0,0,0,,,0,0,0,0,0,0,0,0,0,0,0,0,,,,0,0,0,0,0,0,0,,0,0,0,0,,0,0
00-0029597,J.Tucker,Justin Tucker,K,SPEC,"https://static.www.nfl.com/image/upload/f_auto,q_auto/league/thawkkxcbyuddwuidgb0",2023,REG,BAL,17,0,0,0,0,0,0,0,0,0,0,0,0,,,0,,0,0,0,0,0,0,,0,0,0,0,0,0,0,0,0,0,,0,,0,0,0,0,0,0,0,0,0,0,0,0,0,0,0,0,0,0,0,0,0,0,0,0,0,0,0,0,0,0,0,32,37,4,1,50,0.864864864864865,0,10,10,11,1,0,0,0,0,1,2,1,39;44;40;50;23;41;28;23;29;20;36;32;48;37;45;31;37;25;47;42;48;31;47;33;43;26;34;28;41;28;24;36,59;61;53;44,55,1136,217,55,51,52,0,1,0.980769230769231,0,0,0,0,,0,0
00-0029604,K.Cousins,Kirk Cousins,QB,QB,"https://static.www.nfl.com/image/upload/f_auto,q_auto/league/hmdqr7gju0dciapvdjcv",2023,REG,MIN,8,216,311,2331,18,5,17,-110,4,3,2252,996,113,37.1030454711041,4.28785780901151,0,1.03507992895204,14,25,0,2,1,8,1.68736862461083,0,0,0,0,0,0,0,0,0,0,,0,,0,0,0,0,0,0,0,0,0,0,0,0,0,0,0,0,0,0,0,0,2,3,0,0,0,2,20,0,0,0,0,0,0,0,0,,,0,0,0,0,0,0,0,0,0,0,0,0,,,,0,0,0,0,0,0,0,,0,0,0,0,,149.74,149.74
00-0029606,H.Smith,Harrison Smith,FS,DB,"https://static.www.nfl.com/image/upload/f_auto,q_auto/league/kadw1bk0cxsarjrwbdrq",2023,REG,MIN,17,0,0,0,0,0,0,0,0,0,0,0,0,,,0,,0,0,0,0,0,0,,0,0,0,0,0,0,0,0,0,0,,0,,0,0,0,0,49,11,33,2,14,3,3,35,6,0,0,3,0,0,0,0,0,0,0,0,0,1,31,0,0,0,0,0,0,0,0,,,0,0,0,0,0,0,0,0,0,0,0,0,,,,0,0,0,0,0,0,0,,0,0,0,0,,0,0
00-0029607,D.Davis,Demario Davis,OLB,LB,"https://static.www.nfl.com/image/upload/f_auto,q_auto/league/fx9oohbyik0ibdlvyr8z",2023,REG,NO,17,0,0,0,0,0,0,0,0,0,0,0,0,,,0,,0,0,0,0,0,0,,0,0,0,0,0,0,0,0,0,0,,0,,0,0,0,0,67,7,47,11,48,1,6.5,48.5,11,0,0,4,0,0,0,0,0,0,1,1,0,0,0,0,0,0,0,0,0,0,0,,,0,0,0,0,0,0,0,0,0,0,0,0,,,,0,0,0,0,0,0,0,,0,0,0,0,,0,0
00-0029621,G.Zuerlein,Greg Zuerlein,K,SPEC,"https://static.www.nfl.com/image/private/f_auto,q_auto/league/gzuks9rryzy90fecvi9l",2023,REG,NYJ,16,0,0,0,0,0,0,0,0,0,0,0,0,,,0,,0,0,0,0,0,0,,0,0,0,0,0,0,0,0,0,0,,0,,0,0,0,0,0,0,0,0,0,0,0,0,0,0,0,0,0,0,0,0,0,0,0,0,0,0,0,0,0,0,0,35,38,2,1,55,0.921052631578947,0,8,9,13,5,0,0,0,0,1,1,0,26;43;30;52;31;30;26;27;22;49;43;42;35;38;35;33;47;46;47;53;30;45;27;46;51;55;44;25;27;54;46;44;21;40;33,52;49,31,1343,101,31,15,16,1,0,0.9375,2,2,0,0,33;54,0,0
00-0029653,F.Cox,Fletcher Cox,DT,DL,"https://static.www.nfl.com/image/private/f_auto,q_auto/league/guiegvu50wdv6lzspebo",2023,REG,PHI,14,0,0,0,0,0,0,0,0,0,0,0,0,,,0,,0,0,0,0,0,0,,0,0,0,0,0,0,0,0,0,0,,0,,0,0,0,0,12,3,18,2,6,1,5,20.5,17,0,0,2,0,0,0,0,0,0,1,1,0,2,20,0,0,0,0,0,0,0,0,,,0,0,0,0,0,0,0,0,0,0,0,0,,,,0,0,0,0,0,0,0,,0,0,0,0,,0,0
00-0029685,G.Van Roten,Greg Van Roten,G,OL,"https://static.www.nfl.com/image/upload/f_auto,q_auto/league/iey1sirxc8ggdt5yeunm",2023,REG,LV,1,0,0,0,0,0,0,0,0,0,0,0,0,,,0,,0,0,0,0,0,0,,0,0,0,5,0,0,0,0,5,0,,0,0,0,0,0,0,0,0,0,0,0,0,0,0,0,0,0,0,0,0,0,0,0,0,0,0,0,0,0,0,0,0,0,0,0,0,0,,,0,0,0,0,0,0,0,0,0,0,0,0,,,,0,0,0,0,0,0,0,,0,0,0,0,,0.5,0.5
00-0029692,B.Anger,Bryan Anger,P,SPEC,"https://static.www.nfl.com/image/upload/f_auto,q_auto/league/e1fozrp2fhprrkheqt0x",2023,REG,DAL,15,0,0,0,0,0,0,0,0,0,0,0,0,1.053,,1,,0,0,0,0,0,0,,0,0,0,0,0,0,0,0,0,0,,0,,0,0,0,0,1,0,0,0,0,0,0,0,0,0,0,0,0,0,0,0,0,0,0,0,0,0,0,0,0,0,0,0,0,0,0,,,0,0,0,0,0,0,0,0,0,0,0,0,,,,0,0,0,0,0,0,0,,0,0,0,0,,2,2
00-0029701,R.Tannehill,Ryan Tannehill,QB,QB,"https://static.www.nfl.com/image/private/f_auto,q_auto/league/yvwju12dl6haf3r8uzrm",2023,REG,TEN,9,149,230,1616,4,7,32,-230,2,0,1816,795,74,-22.8663676627939,1.04270432446454,0,0.889867841409692,17,74,1,1,0,5,-4.06789508505608,0,0,1,0,0,0,0,-1,0,0,-0.418015068164095,0,0,0.00209205020920502,-0.000218866272707376,0.00298486892291237,0,1,0,0,0,0,0,0,0,0,0,0,0,0,0,0,0,2,3,0,0,0,0,0,0,0,0,0,0,0,0,0,,,0,0,0,0,0,0,0,0,0,0,0,0,,,,0,0,0,0,0,0,0,,0,0,0,0,,80.04,80.04
00-0029714,A.DePaola,Andrew DePaola,LS,SPEC,"https://static.www.nfl.com/image/upload/f_auto,q_auto/league/jcrvuhkivwjhbqmzp5tm",2023,REG,MIN,3,0,0,0,0,0,0,0,0,0,0,0,0,,,0,,0,0,0,0,0,0,,0,0,0,0,0,0,0,0,0,0,,0,,0,0,0,0,1,0,2,0,0,0,0,0,0,0,0,0,0,0,0,0,0,0,0,0,0,0,0,0,0,0,0,0,0,0,0,,,0,0,0,0,0,0,0,0,0,0,0,0,,,,0,0,0,0,0,0,0,,0,0,0,0,,0,0
00-0029764,C.Davis,Cody Davis,DB,DB,"https://static.www.nfl.com/image/private/f_auto,q_auto/league/pdijtrs1tnltal8g6cmx",2023,REG,NE,5,0,0,0,0,0,0,0,0,0,0,0,0,,,0,,0,0,0,0,0,0,,0,0,0,0,0,0,0,0,0,0,,0,,0,0,0,0,4,0,1,0,0,0,0,0,0,0,0,0,0,0,0,0,0,0,1,1,1,0,0,0,0,0,0,0,0,0,0,,,0,0,0,0,0,0,0,0,0,0,0,0,,,,0,0,0,0,0,0,0,,0,0,0,0,,0,0
00-0029822,B.McManus,Brandon McManus,K,SPEC,"https://static.www.nfl.com/image/upload/f_auto,q_auto/league/qvwi9b1vfkn0wlmdl7ej",2023,REG,JAX,17,0,0,0,0,0,0,0,0,0,0,0,0,,,0,,0,0,0,0,0,0,,0,0,0,0,0,0,0,0,0,0,,0,,0,0,0,0,1,0,0,0,0,0,0,0,0,0,0,0,0,0,0,0,0,0,0,0,0,0,0,0,0,0,0,30,37,6,1,56,0.810810810810811,0,4,10,11,5,0,0,0,0,2,4,0,45;32;49;22;33;56;43;38;44;48;49;51;43;50;51;38;37;37;30;25;40;48;53;40;35;26;24;34;44;30,48;55;48;50;55;52,51,1195,308,51,35,35,0,0,1,0,0,0,0,,0,0
00-0029890,M.Purcell,Mike Purcell,NT,DL,"https://static.www.nfl.com/image/private/f_auto,q_auto/league/thcksouge8z0pgfli6xt",2023,REG,DEN,16,0,0,0,0,0,0,0,0,0,0,0,0,,,0,,0,0,0,0,0,0,,0,0,0,0,0,0,0,0,0,0,,0,,0,0,0,0,6,5,14,0,0,0,0,0,5,0,0,3,0,0,0,0,0,0,1,1,0,2,6,0,0,0,0,0,0,0,0,,,0,0,0,0,0,0,0,0,0,0,0,0,,,,0,0,0,0,0,0,0,,0,0,0,0,,0,0
00-0029892,K.Juszczyk,Kyle Juszczyk,FB,RB,"https://static.www.nfl.com/image/upload/f_auto,q_auto/league/qflumv1aag7yw9mgwpga",2023,REG,SF,11,0,0,0,0,0,0,0,0,0,0,0,0,,,0,,5,6,0,0,0,2,-1.90736266170279,0,14,17,119,2,0,0,73,58,8,9.33885127832764,0,1.63013698630137,0.0360934182590234,0.0181682429069189,0.0668578974233782,0,1,0,0,0,0,0,0,0,0,0,0,0,0,0,0,0,0,0,0,0,0,1,5,0,0,1,18,0,0,0,0,,,0,0,0,0,0,0,0,0,0,0,0,0,,,,0,0,0,0,0,0,0,,0,0,0,0,,24.5,38.5
00-0030035,A.Thielen,Adam Thielen,WR,WR,"https://static.www.nfl.com/image/upload/f_auto,q_auto/league/pv6gajxtt6zhum2unnsl",2023,REG,CAR,17,0,0,0,0,0,0,0,0,0,0,0,0,,,0,,1,6,0,0,0,0,0.236421025590971,0,103,137,1014,4,2,0,1058,340,57,60.7283974883863,1,0.958412098298677,0.256554307116105,0.236055332440875,0.55007019338277,0,0,0,0,0,0,0,0,0,0,0,0,0,0,0,0,0,0,0,0,0,0,4,27,0,0,0,0,0,0,0,0,,,0,0,0,0,0,0,0,0,0,0,0,0,,,,0,0,0,0,0,0,0,,0,0,0,0,,128,231
00-0030061,Z.Ertz,Zach Ertz,TE,TE,"https://static.www.nfl.com/image/upload/f_auto,q_auto/league/xktmmeumuoglbuam75iz",2023,REG,ARI,7,0,0,0,0,0,0,0,0,0,0,0,0,,,0,,0,0,0,0,0,0,,0,27,43,187,1,0,0,332,46,8,-14.02521783112,0,0.563253012048193,0.0796296296296296,0.0793119923554706,0.174962839093274,0,1,0,0,0,0,0,0,0,0,0,0,0,0,0,0,0,0,0,0,0,0,0,0,0,0,0,0,0,0,0,0,,,0,0,0,0,0,0,0,0,0,0,0,0,,,,0,0,0,0,0,0,0,,0,0,0,0,,24.7,51.7
00-0030062,D.Slay,Darius Slay,CB,DB,"https://static.www.nfl.com/image/upload/f_auto,q_auto/league/r7dwifb7wrqvqj714dgh",2023,REG,PHI,12,0,0,0,0,0,0,0,0,0,0,0,0,,,0,,0,0,0,0,0,0,,0,0,0,0,0,0,0,0,0,0,,0,,0,0,0,0,41,7,9,1,5,0,0,0,0,2,86,15,1,0,0,0,0,0,0,0,0,3,36,0,0,0,0,0,0,0,0,,,0,0,0,0,0,0,0,0,0,0,0,0,,,,0,0,0,0,0,0,0,,0,0,0,0,,0,0
00-0030063,J.Hankins,Johnathan Hankins,DT,DL,"https://static.www.nfl.com/image/upload/f_auto,q_auto/league/iqrq5urtdwurus6hievb",2023,REG,DAL,13,0,0,0,0,0,0,0,0,0,0,0,0,,,0,,0,0,0,0,0,0,,0,0,0,0,0,0,0,0,0,0,,0,,0,0,0,0,10,3,14,2,18,0,3,18,3,0,0,2,0,0,0,0,0,0,0,0,0,3,25,0,0,0,0,0,0,0,0,,,0,0,0,0,0,0,0,0,0,0,0,0,,,,0,0,0,0,0,0,0,,0,0,0,0,,0,0
00-0030067,T.Armstead,Terron Armstead,OT,OL,"https://static.www.nfl.com/image/private/f_auto,q_auto/league/zjqocz6fl2qrhxqkgdbp",2023,REG,MIA,2,0,0,0,0,0,0,0,0,0,0,0,0,,,0,,0,0,0,0,0,0,,0,0,0,0,0,0,0,0,0,0,,0,,0,0,0,0,0,0,0,0,0,0,0,0,0,0,0,0,0,0,0,0,0,0,0,0,0,3,19,0,0,0,0,0,0,0,0,,,0,0,0,0,0,0,0,0,0,0,0,0,,,,0,0,0,0,0,0,0,,0,0,0,0,,0,0
00-0030068,M.Goodwin,Marquise Goodwin,WR,WR,"https://static.www.nfl.com/image/upload/f_auto,q_auto/league/cof5bbih1o9dtnonwmjp",2023,REG,CLE,10,0,0,0,0,0,0,0,0,0,0,0,0,,,0,,4,33,0,0,0,2,1.45523146964842,0,4,13,67,0,0,0,391,21,1,-8.26666054083037,0,0.171355498721228,0.0217755443886097,0.0737875070768069,0.0843145715366794,0,0,0,0,0,0,0,0,0,0,0,0,0,0,0,0,0,0,0,0,0,0,0,0,0,0,0,0,0,0,0,0,,,0,0,0,0,0,0,0,0,0,0,0,0,,,,0,0,0,0,0,0,0,,0,0,0,0,,10,14
00-0030070,J.Jenkins,John Jenkins,DT,DL,"https://static.www.nfl.com/image/upload/f_auto,q_auto/league/cgamzernsuzy7zamg3rx",2023,REG,LV,16,0,0,0,0,0,0,0,0,0,0,0,0,,,0,,0,0,0,0,0,0,,0,0,0,0,0,0,0,0,0,0,,0,,0,0,0,0,13,11,37,3,8,0,1,4,2,0,0,4,0,0,0,0,0,0,1,1,1,0,0,0,0,0,0,0,0,0,0,,,0,0,0,0,0,0,0,0,0,0,0,0,,,,0,0,0,0,0,0,0,,0,0,0,0,,0,0
00-0030090,M.Hyde,Micah Hyde,S,DB,"https://static.www.nfl.com/image/private/f_auto,q_auto/league/xxdwo2ndjc4qm9q5lpgx",2023,REG,BUF,14,0,0,0,0,0,0,0,0,0,0,0,0,,,0,,0,0,0,0,0,0,,0,0,0,0,0,0,0,0,0,0,,0,,0,0,0,0,28,9,17,1,3,0,0,0,1,2,24,7,0,0,0,0,0,0,0,0,0,0,0,0,0,0,0,0,0,0,0,,,0,0,0,0,0,0,0,0,0,0,0,0,,,,0,0,0,0,0,0,0,,0,0,0,0,,0,0
00-0030092,S.Martin,Sam Martin,P,SPEC,"https://static.www.nfl.com/image/upload/f_auto,q_auto/league/hkewwfpluyhrcdgquthf",2023,REG,BUF,17,0,0,0,0,0,0,0,0,0,0,0,0,,,0,,0,0,0,0,0,0,,0,0,0,0,0,0,0,0,0,0,,0,,0,0,0,0,0,0,0,0,0,0,0,0,0,0,0,0,0,0,0,0,0,0,0,0,0,0,0,0,0,0,0,0,0,0,0,,,0,0,0,0,0,0,0,0,0,0,0,0,,,,0,0,0,0,0,0,0,,0,0,0,0,,0,0
00-0030097,D.Quessenberry,David Quessenberry,OT,OL,"https://static.www.nfl.com/image/upload/f_auto,q_auto/league/u9tqc6zzwioplioiixpm",2023,REG,MIN,2,0,0,0,0,0,0,0,0,0,0,0,0,,,0,,0,0,0,0,0,0,,0,0,0,0,0,0,0,0,0,0,,0,,0,0,0,0,1,0,0,0,0,0,0,0,0,0,0,0,0,0,0,0,0,0,0,0,0,1,5,0,0,0,0,0,0,0,0,,,0,0,0,0,0,0,0,0,0,0,0,0,,,,0,0,0,0,0,0,0,,0,0,0,0,,0,0
00-0030098,D.Hopkins,Dustin Hopkins,K,SPEC,"https://static.www.nfl.com/image/upload/f_auto,q_auto/league/b8xhu9uud3finj0x9hpf",2023,REG,CLE,15,0,0,0,0,0,0,0,0,0,0,0,0,,,0,,0,0,0,0,0,0,,0,0,0,0,0,0,0,0,0,0,,0,,0,0,0,0,2,0,0,0,0,0,0,0,0,0,0,0,0,0,0,0,0,0,0,0,0,0,0,0,0,0,0,33,36,3,0,58,0.916666666666667,0,8,7,10,8,0,0,0,0,3,0,0,42;34;43;43;55;48;52;53;42;46;50;29;44;54;54;58;25;27;30;45;36;28;23;40;25;34;36;24;40;24;55;33;34,43;47;48,,1306,138,0,24,26,2,0,0.923076923076923,2,2,0,0,40;34,0,0
00-0030114,J.Poyer,Jordan Poyer,FS,DB,"https://static.www.nfl.com/image/upload/f_auto,q_auto/league/jv5ibhkljw1u9knlwqzy",2023,REG,BUF,16,0,0,0,0,0,0,0,0,0,0,0,0,,,0,,0,0,0,0,0,0,,0,0,0,0,0,0,0,0,0,0,,0,,0,0,0,0,58,9,34,2,8,1,1,4,2,0,0,4,0,0,0,0,0,0,0,0,0,3,27,0,0,0,0,0,0,0,0,,,0,0,0,0,0,0,0,0,0,0,0,0,,,,0,0,0,0,0,0,0,,0,0,0,0,,0,0
00-0030140,T.Way,Tress Way,P,SPEC,"https://static.www.nfl.com/image/upload/f_auto,q_auto/league/c9oijuzo666bwebj9yuj",2023,REG,WAS,17,0,0,0,0,0,0,0,0,0,0,0,0,,,0,,1,0,0,0,0,1,-4.31732948648278,0,0,0,0,0,0,0,0,0,0,,0,,0,0,0,0,0,0,0,0,0,0,0,0,0,0,0,0,0,0,0,0,1,1,0,0,0,0,0,0,0,0,0,0,0,0,0,,,0,0,0,0,0,0,0,0,0,0,0,0,,,,0,0,0,0,0,0,0,,0,0,0,0,,0,0
00-0030142,B.Wing,Brad Wing,P,SPEC,"https://static.www.nfl.com/image/private/f_auto,q_auto/league/breqxoaezzig1jriolcm",2023,REG,PIT,2,0,0,0,0,0,0,0,0,0,0,0,0,,,0,,0,0,0,0,0,0,,0,0,0,0,0,0,0,0,0,0,,0,,0,0,0,0,0,0,0,0,0,0,0,0,0,0,0,0,0,0,0,0,0,0,0,0,0,0,0,0,0,0,0,0,0,0,0,,,0,0,0,0,0,0,0,0,0,0,0,0,,,,0,0,0,0,0,0,0,,0,0,0,0,,0,0
00-0030279,K.Allen,Keenan Allen,WR,WR,"https://static.www.nfl.com/image/upload/f_auto,q_auto/league/ri267r6lzfwarh89hsn6",2023,REG,LAC,13,1,2,49,1,0,0,0,0,0,39,27,1,3.51487691450166,-5.94725906848908,0,1.25641025641026,2,6,0,0,0,1,0.153951175743714,0,108,150,1243,7,2,1,1452,396,57,60.8332725681973,0,0.856060606060606,0.244299674267101,0.306782167758293,0.581197028831456,0,0,0,0,0,0,0,0,0,0,0,0,0,0,0,0,0,1,1,0,0,0,1,10,0,0,0,0,0,0,0,0,,,0,0,0,0,0,0,0,0,0,0,0,0,,,,0,0,0,0,0,0,0,,0,0,0,0,,170.86,278.86
00-0030332,B.Maher,Brett Maher,K,SPEC,"https://static.www.nfl.com/image/private/f_auto,q_auto/league/v5fuzaeucyftknl6hwoe",2023,REG,LA,8,0,0,0,0,0,0,0,0,0,0,0,0,,,0,,0,0,0,0,0,0,,0,0,0,0,0,0,0,0,0,0,,0,,0,0,0,0,0,0,0,0,0,0,0,0,0,0,0,0,0,0,0,0,0,0,0,0,0,0,0,0,0,0,0,17,23,5,1,54,0.739130434782609,0,3,4,7,3,0,0,0,0,2,3,0,38;54;45;43;48;38;30;23;42;40;54;51;29;35;25;43;41,56;46;48;53;51,57,679,254,57,13,15,2,0,0.866666666666667,0,0,0,0,,0,0
00-0030383,D.Harmon,Duron Harmon,S,DB,"https://static.www.nfl.com/image/upload/f_auto,q_auto/league/spklqujyj6a7dmacc74l",2023,REG,CLE,6,0,0,0,0,0,0,0,0,0,0,0,0,,,0,,0,0,0,0,0,0,,0,0,0,0,0,0,0,0,0,0,,0,,0,0,0,0,16,2,4,3,12,0,1,9,1,1,0,2,0,0,0,0,0,0,0,0,0,0,0,0,0,0,0,0,0,0,0,,,0,0,0,0,0,0,0,0,0,0,0,0,,,,0,0,0,0,0,0,0,,0,0,0,0,,0,0
00-0030386,W.Gholston,William Gholston,DT,DL,"https://static.www.nfl.com/image/upload/f_auto,q_auto/league/yn9hugzuf7g8ve2xjtwi",2023,REG,TB,12,0,0,0,0,0,0,0,0,0,0,0,0,,,0,,0,0,0,0,0,0,,0,0,0,0,0,0,0,0,0,0,,0,,0,0,0,0,8,2,9,0,0,0,0,0,0,1,0,2,0,0,0,0,0,0,0,0,0,1,15,0,0,0,0,0,0,0,0,,,0,0,0,0,0,0,0,0,0,0,0,0,,,,0,0,0,0,0,0,0,,0,0,0,0,,0,0
00-0030411,L.Ryan,Logan Ryan,CB,DB,"https://static.www.nfl.com/image/private/f_auto,q_auto/league/cx2auxfuxnuduesro2ww",2023,REG,SF,4,0,0,0,0,0,0,0,0,0,0,0,0,,,0,,0,0,0,0,0,0,,0,0,0,0,0,0,0,0,0,0,,0,,0,0,0,0,8,1,4,1,1,0,0,0,0,0,0,0,0,0,0,0,0,0,0,0,0,1,5,0,0,0,0,0,0,0,0,,,0,0,0,0,0,0,0,0,0,0,0,0,,,,0,0,0,0,0,0,0,,0,0,0,0,,0,0
00-0030431,R.Woods,Robert Woods,WR,WR,"https://static.www.nfl.com/image/upload/f_auto,q_auto/league/ydjg5fylwkf5aaxiul6v",2023,REG,HOU,14,0,0,0,0,0,0,0,0,0,0,0,0,,,0,,1,7,0,0,0,0,0.13571642304305,0,40,75,426,1,0,0,732,126,26,2.14832660979979,0,0.581967213114754,0.132508833922262,0.141394630094649,0.297739491949647,0,1,0,1,0,0,0,0,0,0,0,0,0,0,0,0,0,0,0,0,0,0,2,5,7,42,0,0,0,0,0,0,,,0,0,0,0,0,0,0,0,0,0,0,0,,,,0,0,0,0,0,0,0,,0,0,0,0,,49.3,89.3
00-0030459,T.Mathieu,Tyrann Mathieu,FS,DB,"https://static.www.nfl.com/image/upload/f_auto,q_auto/league/k3fywj4kodnfuyscnujy",2023,REG,NO,17,0,0,0,0,0,0,0,0,0,0,0,0,,,0,,0,0,0,0,0,0,,0,0,0,0,0,0,0,0,0,0,,0,,0,0,0,0,42,8,25,0,0,0,0,0,1,4,122,9,1,0,0,0,0,0,0,0,0,2,30,0,0,0,0,0,0,0,0,,,0,0,0,0,0,0,0,0,0,0,0,0,,,,0,0,0,0,0,0,0,,0,0,0,0,,0,0
00-0030500,N.Williams,Nick Williams,DT,DL,"https://static.www.nfl.com/image/private/f_auto,q_auto/league/lphbl2t0w052unkblknq",2023,REG,LAC,13,0,0,0,0,0,0,0,0,0,0,0,0,,,0,,0,0,0,0,0,0,,0,0,0,0,0,0,0,0,0,0,,0,,0,0,0,0,13,3,16,6,17,0,1,8,1,0,0,0,0,0,0,0,0,0,2,2,0,0,0,0,0,0,0,0,0,0,0,,,0,0,0,0,0,0,0,0,0,0,0,0,,,,0,0,0,0,0,0,0,,0,0,0,0,,0,0
00-0030506,T.Kelce,Travis Kelce,TE,TE,"https://static.www.nfl.com/image/upload/f_auto,q_auto/league/ebc5j60djpinc9elvlc5",2023,REG,KC,15,0,0,0,0,0,0,0,0,0,0,0,0,,,0,,0,0,0,0,0,0,,0,93,121,984,5,1,1,807,470,51,48.0150151200757,0,1.21933085501859,0.202003338898164,0.197069597069597,0.440953726295963,0,1,0,0,0,0,0,0,0,0,0,0,0,0,0,0,0,0,0,0,0,0,7,70,0,0,0,0,0,0,0,0,,,0,0,0,0,0,0,0,0,0,0,0,0,,,,0,0,0,0,0,0,0,,0,0,0,0,,126.4,219.4
00-0030513,L.Murray,Latavius Murray,RB,RB,"https://static.www.nfl.com/image/private/f_auto,q_auto/league/zepm7ghltyeqydn0qxcg",2023,REG,BUF,15,0,0,0,0,0,0,0,0,0,0,0,0,,,0,,79,300,4,0,0,28,-2.56229843876885,0,17,22,119,0,1,0,34,92,7,6.6656454447589,0,3.5,0.0403669724770642,0.00677021107128634,0.0652896064654968,0,1,0,0,0,0,0,0,0,0,0,0,0,0,0,0,0,0,0,0,0,0,1,10,0,0,0,0,0,0,0,0,,,0,0,0,0,0,0,0,0,0,0,0,0,,,,0,0,0,0,0,0,0,,0,0,0,0,,65.9,82.9
00-0030533,M.Barkley,Matt Barkley,QB,QB,"https://static.www.nfl.com/image/private/f_auto,q_auto/league/ejvscebj0ufugx5vrouq",2023,REG,JAX,1,0,0,0,0,0,0,0,0,0,0,0,0,,,0,,3,-3,0,0,0,0,-4.01201612025034,0,0,0,0,0,0,0,0,0,0,,0,,0,0,0,0,0,0,0,0,0,0,0,0,0,0,0,0,0,0,0,0,0,0,0,0,0,0,0,0,0,0,0,0,0,0,0,,,0,0,0,0,0,0,0,0,0,0,0,0,,,,0,0,0,0,0,0,0,,0,0,0,0,,-0.3,-0.3
00-0030561,L.Johnson,Lane Johnson,OT,OL,"https://static.www.nfl.com/image/upload/f_auto,q_auto/league/ukibsn5yxozyzompfbxm",2023,REG,PHI,5,0,0,0,0,0,0,0,0,0,0,0,0,,,0,,0,0,0,0,0,0,,0,0,0,0,0,0,0,0,0,0,,0,,0,0,0,0,0,0,0,0,0,0,0,0,0,0,0,0,0,0,0,0,1,1,0,0,0,4,25,0,0,0,0,0,0,0,0,,,0,0,0,0,0,0,0,0,0,0,0,0,,,,0,0,0,0,0,0,0,,0,0,0,0,,0,0
00-0030564,D.Hopkins,DeAndre Hopkins,WR,WR,"https://static.www.nfl.com/image/upload/f_auto,q_auto/league/snvo6holyfdjmrlqxqxu",2023,REG,TEN,17,0,1,0,0,0,0,0,0,0,-1,0,0,-0.418015068164095,-59.5398843288422,0,0,2,9,0,0,0,0,0.267017036036123,0,75,137,1057,7,0,0,1934,223,48,19.1653030816359,0,0.546535677352637,0.286610878661088,0.423287371416065,0.726217477982877,0,3,0,0,0,0,0,0,0,0,0,0,0,0,0,0,0,0,0,0,0,0,4,24,0,0,0,0,0,0,0,0,,,0,0,0,0,0,0,0,0,0,0,0,0,,,,0,0,0,0,0,0,0,,0,0,0,0,,148.6,223.6
00-0030565,G.Smith,Geno Smith,QB,QB,"https://static.www.nfl.com/image/upload/f_auto,q_auto/league/tqy0933vz5yogwlefb1s",2023,REG,SEA,15,323,499,3624,20,9,31,-231,4,2,3500,1714,169,34.5465365141742,2.44413599435051,2,1.03542857142857,37,155,1,1,1,11,-4.92649741779314,0,1,1,-2,0,0,0,-8,6,0,-1.44152006786317,0,0,0.00182815356489945,-0.00194127638922592,0.00138333687489104,0,0,0,0,0,0,0,0,0,0,0,0,0,0,0,0,0,2,3,0,0,0,5,44,0,0,0,0,0,0,0,0,,,0,0,0,0,0,0,0,0,0,0,0,0,,,,0,0,0,0,0,0,0,,0,0,0,0,,226.26,227.26
00-0030578,C.Patterson,Cordarrelle Patterson,RB,RB,"https://static.www.nfl.com/image/upload/f_auto,q_auto/league/jktdrwmujfuqp94csnav",2023,REG,ATL,12,0,0,0,0,0,0,0,0,0,0,0,0,,,0,,50,181,0,1,0,9,-7.98226873380178,0,9,12,38,1,0,0,10,37,2,-4.69539345885278,0,3.8,0.0236220472440945,0.00230149597238205,0.0370441180468092,0,0,0,0,0,0,0,0,0,0,0,0,0,0,0,0,0,0,0,0,0,0,0,0,0,0,7,153,0,0,0,0,,,0,0,0,0,0,0,0,0,0,0,0,0,,,,0,0,0,0,0,0,0,,0,0,0,0,,27.9,36.9
00-0030585,J.Pugh,Justin Pugh,G,OL,"https://static.www.nfl.com/image/upload/f_auto,q_auto/league/vjpj5hrfb568u8ni8bvs",2023,REG,NYG,4,0,0,0,0,0,0,0,0,0,0,0,0,,,0,,0,0,0,0,0,0,,0,0,0,0,0,0,0,0,0,0,,0,,0,0,0,0,1,0,0,0,0,0,0,0,0,0,0,0,0,0,0,0,0,0,0,0,0,4,25,0,0,0,0,0,0,0,0,,,0,0,0,0,0,0,0,0,0,0,0,0,,,,0,0,0,0,0,0,0,,0,0,0,0,,0,0
00-0030615,J.Winchester,James Winchester,LS,SPEC,"https://static.www.nfl.com/image/upload/f_auto,q_auto/league/qw1jmfvcpwxx12cewfqg",2023,REG,KC,1,0,0,0,0,0,0,0,0,0,0,0,0,,,0,,0,0,0,0,0,0,,0,0,0,0,0,0,0,0,0,0,,0,,0,0,0,0,0,1,0,0,0,0,0,0,0,0,0,0,0,0,0,0,0,0,0,0,0,0,0,0,0,0,0,0,0,0,0,,,0,0,0,0,0,0,0,0,0,0,0,0,,,,0,0,0,0,0,0,0,,0,0,0,0,,0,0
00-0030663,W.Snead,Willie Snead,WR,WR,"https://static.www.nfl.com/image/private/f_auto,q_auto/league/fr5xckiwhguuaishnbju",2023,REG,SF,2,0,0,0,0,0,0,0,0,0,0,0,0,,,0,,0,0,0,0,0,0,,0,2,3,14,0,0,0,18,3,0,-0.536310698837042,0,0.777777777777778,0.00636942675159236,0.00447984071677451,0.0126900286291307,0,0,0,0,0,0,0,0,0,0,0,0,0,0,0,0,0,0,0,0,0,0,0,0,0,0,0,0,0,0,0,0,,,0,0,0,0,0,0,0,0,0,0,0,0,,,,0,0,0,0,0,0,0,,0,0,0,0,,1.4,3.4
00-0030694,J.Hurst,James Hurst,G,OL,"https://static.www.nfl.com/image/private/f_auto,q_auto/league/mzpvnvadsssb2qnrhihk",2023,REG,NO,5,0,0,0,0,0,0,0,0,0,0,0,0,,,0,,0,0,0,0,0,0,,0,0,0,0,0,0,0,0,0,0,,0,,0,0,0,0,1,0,0,0,0,0,0,0,0,0,0,0,0,0,0,0,1,1,0,0,0,3,25,0,0,0,0,0,0,0,0,,,0,0,0,0,0,0,0,0,0,0,0,0,,,,0,0,0,0,0,0,0,,0,0,0,0,,0,0
00-0030725,C.Lucas,Cornelius Lucas,OT,OL,"https://static.www.nfl.com/image/upload/f_auto,q_auto/league/ii9b9lb3szz5vehvqh5a",2023,REG,WAS,1,0,0,0,0,0,0,0,0,0,0,0,0,,,0,,0,0,0,0,0,0,,0,0,0,0,0,0,0,0,0,0,,0,,0,0,0,0,0,0,1,0,0,0,0,0,0,0,0,0,0,0,0,0,0,0,0,0,0,1,5,0,0,0,0,0,0,0,0,,,0,0,0,0,0,0,0,0,0,0,0,0,,,,0,0,0,0,0,0,0,,0,0,0,0,,0,0
00-0030757,M.Pennel,Mike Pennel,DT,DL,"https://static.www.nfl.com/image/upload/f_auto,q_auto/league/ezpbko1gvvdrrtqhkhnu",2023,REG,KC,3,0,0,0,0,0,0,0,0,0,0,0,0,,,0,,0,0,0,0,0,0,,0,0,0,0,0,0,0,0,0,0,,0,,0,0,0,0,2,0,2,1,2,0,0,0,0,0,0,0,0,0,0,0,0,0,0,0,0,0,0,0,0,0,0,0,0,0,0,,,0,0,0,0,0,0,0,0,0,0,0,0,,,,0,0,0,0,0,0,0,,0,0,0,0,,0,0
00-0030792,J.McCray,Justin McCray,G,OL,"https://static.www.nfl.com/image/private/f_auto,q_auto/league/tihyxej2wcfcbnjwqrks",2023,REG,CAR,1,0,0,0,0,0,0,0,0,0,0,0,0,,,0,,0,0,0,0,0,0,,0,0,0,0,0,0,0,0,0,0,,0,,0,0,0,0,0,0,0,0,0,0,0,0,0,0,0,0,0,0,0,0,0,0,0,0,0,2,20,0,0,0,0,0,0,0,0,,,0,0,0,0,0,0,0,0,0,0,0,0,,,,0,0,0,0,0,0,0,,0,0,0,0,,0,0
00-0030869,T.Larsen,Tyler Larsen,C,OL,"https://static.www.nfl.com/image/private/f_auto,q_auto/league/xjh0aim1nsreygu0jynm",2023,REG,WAS,1,0,0,0,0,0,0,0,0,0,0,0,0,,,0,,0,0,0,0,0,0,,0,0,0,0,0,0,0,0,0,0,,0,,0,0,0,0,0,0,1,0,0,0,0,0,0,0,0,0,0,0,0,0,0,0,0,0,0,0,0,0,0,0,0,0,0,0,0,,,0,0,0,0,0,0,0,0,0,0,0,0,,,,0,0,0,0,0,0,0,,0,0,0,0,,0,0
00-0030874,D.Williams,Damien Williams,RB,RB,"https://static.www.nfl.com/image/private/f_auto,q_auto/league/ga4vusnfwfvhp2ksqw7x",2023,REG,ARI,3,0,0,0,0,0,0,0,0,0,0,0,0,,,0,,11,43,0,0,0,1,-1.90821717237122,0,2,2,12,0,0,0,1,11,0,-0.0644512154394761,0,12,0.0037037037037037,0.000238891543239369,0.00572277963582311,0,0,0,0,0,0,0,0,0,0,0,0,0,0,0,0,0,0,0,0,0,0,0,0,0,0,0,0,0,0,0,0,,,0,0,0,0,0,0,0,0,0,0,0,0,,,,0,0,0,0,0,0,0,,0,0,0,0,,5.5,7.5
00-0030946,K.Hyder,Kerry Hyder,DE,DL,"https://static.www.nfl.com/image/private/f_auto,q_auto/league/vbv4vdg8aakzmjp5heae",2023,REG,HOU,2,0,0,0,0,0,0,0,0,0,0,0,0,,,0,,0,0,0,0,0,0,,0,0,0,0,0,0,0,0,0,0,,0,,0,0,0,0,3,0,0,2,10,0,1,7,1,0,0,0,0,0,0,0,0,0,0,0,0,0,0,0,0,0,0,0,0,0,0,,,0,0,0,0,0,0,0,0,0,0,0,0,,,,0,0,0,0,0,0,0,,0,0,0,0,,0,0
00-0030957,C.Kreiter,Casey Kreiter,LS,SPEC,"https://static.www.nfl.com/image/upload/f_auto,q_auto/league/wgpfei7r2zzbjqojtiu5",2023,REG,NYG,4,0,0,0,0,0,0,0,0,0,0,0,0,,,0,,0,0,0,0,0,0,,0,0,0,0,0,0,0,0,0,0,,0,,0,0,0,0,3,1,0,0,0,0,0,0,0,0,0,0,0,0,0,0,0,0,0,0,0,1,10,0,0,0,0,0,0,0,0,,,0,0,0,0,0,0,0,0,0,0,0,0,,,,0,0,0,0,0,0,0,,0,0,0,0,,0,0
00-0030968,K.Smith,Keith Smith,FB,RB,"https://static.www.nfl.com/image/private/f_auto,q_auto/league/jolwasweebgk37nkl7ia",2023,REG,ATL,11,0,0,0,0,0,0,0,0,0,0,0,0,,,0,,0,0,0,0,0,0,,0,3,3,33,0,0,0,18,15,1,0.864150597597472,0,1.83333333333333,0.00590551181102362,0.00414269275028769,0.0117581526417368,0,3,0,5,0,0,1,0,0,0,0,0,0,0,0,0,0,2,2,0,0,0,0,0,0,0,1,10,0,0,0,0,,,0,0,0,0,0,0,0,0,0,0,0,0,,,,0,0,0,0,0,0,0,,0,0,0,0,,3.3,6.3
00-0031040,K.Mack,Khalil Mack,OLB,LB,"https://static.www.nfl.com/image/upload/f_auto,q_auto/league/jzqh3otccfpx2aue7xys",2023,REG,LAC,17,0,0,0,0,0,0,0,0,0,0,0,0,,,0,,0,0,0,0,0,0,,0,0,0,0,0,0,0,0,0,0,,0,,0,0,0,0,45,12,17,17,110,5,17,134,22,0,0,10,0,0,0,0,0,0,0,0,0,0,0,0,0,0,0,0,0,0,0,,,0,0,0,0,0,0,0,0,0,0,0,0,,,,0,0,0,0,0,0,0,,0,0,0,0,,0,0
00-0031054,D.Jones,DaQuan Jones,DT,DL,"https://static.www.nfl.com/image/upload/f_auto,q_auto/league/w7qkicdj6v0figbmfp0u",2023,REG,BUF,6,0,0,0,0,0,0,0,0,0,0,0,0,,,0,,0,0,0,0,0,0,,0,0,0,0,0,0,0,0,0,0,,0,,0,0,0,0,6,2,8,4,20,0,2.5,17,5,0,0,0,0,0,0,0,0,0,0,0,0,1,6,0,0,0,0,0,0,0,0,,,0,0,0,0,0,0,0,0,0,0,0,0,,,,0,0,0,0,0,0,0,,0,0,0,0,,0,0
00-0031067,C.Fleming,Cameron Fleming,OT,OL,"https://static.www.nfl.com/image/private/f_auto,q_auto/league/kgcna4dcqcklfl0wra3k",2023,REG,DEN,1,0,0,0,0,0,0,0,0,0,0,0,0,,,0,,0,0,0,0,0,0,,0,0,0,0,0,0,0,0,0,0,,0,,0,0,0,0,0,0,0,0,0,0,0,0,0,0,0,0,0,0,0,0,0,0,0,0,0,1,10,0,0,0,0,0,0,0,0,,,0,0,0,0,0,0,0,0,0,0,0,0,,,,0,0,0,0,0,0,0,,0,0,0,0,,0,0
00-0031095,C.Leno,Charles Leno Jr.,OT,OL,"https://static.www.nfl.com/image/private/f_auto,q_auto/league/mf75xcgnj9ogavslg383",2023,REG,WAS,7,0,0,0,0,0,0,0,0,0,0,0,0,,,0,,0,0,0,0,0,0,,0,0,0,0,0,0,0,0,0,0,,0,,0,0,0,0,0,0,0,0,0,0,0,0,0,0,0,0,0,0,0,0,0,0,0,0,0,8,54,0,0,0,0,0,0,0,0,,,0,0,0,0,0,0,0,0,0,0,0,0,,,,0,0,0,0,0,0,0,,0,0,0,0,,0,0
00-0031101,S.Barrett,Shaquil Barrett,LB,LB,"https://static.www.nfl.com/image/private/f_auto,q_auto/league/eiilfj6qiri4n9xrclwe",2023,REG,TB,16,0,0,0,0,0,0,0,0,0,0,0,0,,,0,,0,0,0,0,0,0,,0,0,0,0,0,0,0,0,0,0,,0,,0,0,0,0,29,4,19,3,16,3,4.5,32.5,9,1,4,2,1,0,0,0,0,0,0,0,0,5,45,0,0,0,0,0,0,0,0,,,0,0,0,0,0,0,0,0,0,0,0,0,,,,0,0,0,0,0,0,0,,0,0,0,0,,0,0
00-0031136,C.Boswell,Chris Boswell,K,SPEC,"https://static.www.nfl.com/image/upload/f_auto,q_auto/league/rxbnhvnfjmheuryvdmuf",2023,REG,PIT,17,0,0,0,0,0,0,0,0,0,0,0,0,,,0,,0,0,0,0,0,0,,0,0,0,0,0,0,0,0,0,0,,0,,0,0,0,0,0,0,0,0,0,0,0,0,0,0,0,0,0,0,0,0,0,0,0,0,0,0,0,0,0,0,0,29,31,2,0,57,0.935483870967742,0,9,7,7,6,0,0,0,0,1,0,1,52;50;43;42;57;35;23;43;25;42;53;22;29;30;42;49;35;28;41;34;33;29;56;50;30;39;26;21;25,61;45,,1084,106,0,27,28,1,0,0.964285714285714,0,0,0,0,,0,0
00-0031142,M.Feiler,Matt Feiler,G,OL,"https://static.www.nfl.com/image/private/f_auto,q_auto/league/zekayzyqn4nqbpwe9yzf",2023,REG,TB,2,0,0,0,0,0,0,0,0,0,0,0,0,,,0,,0,0,0,0,0,0,,0,0,0,0,0,0,0,0,0,0,,0,,0,0,0,0,1,0,0,0,0,0,0,0,0,0,0,0,0,0,0,0,0,0,0,0,0,2,6,0,0,0,0,0,0,0,0,,,0,0,0,0,0,0,0,0,0,0,0,0,,,,0,0,0,0,0,0,0,,0,0,0,0,,0,0
00-0031156,T.Ott,Tyler Ott,LS,SPEC,"https://static.www.nfl.com/image/upload/f_auto,q_auto/league/ppnihdnetdwuoapsyrnn",2023,REG,BAL,3,0,0,0,0,0,0,0,0,0,0,0,0,,,0,,0,0,0,0,0,0,,0,0,0,0,0,0,0,0,0,0,,0,,0,0,0,0,3,0,1,0,0,0,0,0,0,0,0,0,0,0,0,0,0,0,0,0,0,0,0,0,0,0,0,0,0,0,0,,,0,0,0,0,0,0,0,0,0,0,0,0,,,,0,0,0,0,0,0,0,,0,0,0,0,,0,0
00-0031177,B.Urban,Brent Urban,DE,DL,"https://static.www.nfl.com/image/upload/f_auto,q_auto/league/acp4qzscazxskq9efwnf",2023,REG,BAL,13,0,0,0,0,0,0,0,0,0,0,0,0,,,0,,0,0,0,0,0,0,,0,0,0,0,0,0,0,0,0,0,,0,,0,0,0,0,13,3,6,5,29,0,3,26,6,0,0,2,0,0,0,0,0,0,1,1,0,0,0,0,0,0,0,0,0,0,0,,,0,0,0,0,0,0,0,0,0,0,0,0,,,,0,0,0,0,0,0,0,,0,0,0,0,,0,0
00-0031203,C.Santos,Cairo Santos,K,SPEC,"https://static.www.nfl.com/image/upload/f_auto,q_auto/league/w5mfvjfuflbitwuji1yx",2023,REG,CHI,17,0,0,0,0,0,0,0,0,0,0,0,0,,,0,,0,0,0,0,0,0,,0,0,0,0,0,0,0,0,0,0,,0,,0,0,0,0,0,0,0,0,0,0,0,0,0,0,0,0,0,0,0,0,0,0,0,0,0,0,0,0,0,0,0,35,38,3,0,55,0.921052631578947,0,9,11,8,7,0,0,0,0,2,1,0,47;29;52;21;22;36;43;37;22;53;54;31;54;36;39;31;53;40;39;25;39;55;30;46;25;28;41;49;29;22;42;42;50;39;35,40;48;55,,1336,143,0,31,33,0,2,0.939393939393939,1,1,0,0,30,0,0
00-0031235,O.Beckham,Odell Beckham Jr.,WR,WR,"https://static.www.nfl.com/image/upload/f_auto,q_auto/league/ffmalg3wr7lwnsz59i7v",2023,REG,BAL,14,0,0,0,0,0,0,0,0,0,0,0,0,,,0,,0,0,0,0,0,0,,0,35,64,565,3,1,1,888,155,27,21.6804359889783,0,0.636261261261261,0.134453781512605,0.217168011738811,0.353698280486076,0,0,0,1,0,0,0,0,0,0,0,0,0,0,0,0,0,0,0,0,0,0,2,20,0,0,0,0,0,0,0,0,,,0,0,0,0,0,0,0,0,0,0,0,0,,,,0,0,0,0,0,0,0,,0,0,0,0,,72.5,107.5
00-0031236,B.Cooks,Brandin Cooks,WR,WR,"https://static.www.nfl.com/image/upload/f_auto,q_auto/league/krz3gv9jjs92arlctvqf",2023,REG,DAL,16,0,0,0,0,0,0,0,0,0,0,0,0,,,0,,5,35,0,0,0,1,1.70989246421959,0,54,81,657,8,1,0,1069,125,39,35.8262182100546,1,0.614593077642657,0.133884297520661,0.222987067167292,0.356917393298096,0,0,0,0,0,0,0,0,0,0,0,0,0,0,0,0,0,0,0,0,0,0,0,0,0,0,0,0,0,0,0,0,,,0,0,0,0,0,0,0,0,0,0,0,0,,,,0,0,0,0,0,0,0,,0,0,0,0,,119.2,173.2
00-0031237,T.Bridgewater,Teddy Bridgewater,QB,QB,"https://static.www.nfl.com/image/upload/f_auto,q_auto/league/wggyfg1dgyiwcgxafoen",2023,REG,DET,1,0,0,0,0,0,0,0,0,0,0,0,0,,,0,,2,-2,0,0,0,0,-2.67552810598863,0,0,0,0,0,0,0,0,0,0,,0,,0,0,0,0,0,0,0,0,0,0,0,0,0,0,0,0,0,0,0,0,0,0,0,0,0,0,0,0,0,0,0,0,0,0,0,,,0,0,0,0,0,0,0,0,0,0,0,0,,,,0,0,0,0,0,0,0,,0,0,0,0,,-0.2,-0.2
00-0031254,D.Autry,Denico Autry,DT,DL,"https://static.www.nfl.com/image/upload/f_auto,q_auto/league/avrrswmjrzes0ggi3bsg",2023,REG,TEN,17,0,0,0,0,0,0,0,0,0,0,0,0,,,0,,0,0,0,0,0,0,,0,0,0,0,0,0,0,0,0,0,,0,,0,0,0,0,25,5,20,10,72,2,11.5,87.5,17,0,0,4,0,0,0,0,0,0,0,0,0,2,10,0,0,0,0,0,0,0,0,,,0,0,0,0,0,0,0,0,0,0,0,0,,,,0,0,0,0,0,0,0,,0,0,0,0,,0,0
00-0031256,A.Barr,Anthony Barr,OLB,LB,"https://static.www.nfl.com/image/private/f_auto,q_auto/league/qmdqkyi8gt67bvqtafxi",2023,REG,MIN,2,0,0,0,0,0,0,0,0,0,0,0,0,,,0,,0,0,0,0,0,0,,0,0,0,0,0,0,0,0,0,0,,0,,0,0,0,0,0,1,0,0,0,0,0,0,0,0,0,0,0,0,0,0,0,0,1,1,0,0,0,0,0,0,0,0,0,0,0,,,0,0,0,0,0,0,0,0,0,0,0,0,,,,0,0,0,0,0,0,0,,0,0,0,0,,0,0
00-0031260,L.Thomas,Logan Thomas,TE,TE,"https://static.www.nfl.com/image/private/f_auto,q_auto/league/acm0ymhqdzqxdibwjphv",2023,REG,WAS,16,0,0,0,0,0,0,0,0,0,0,0,0,,,0,,1,2,0,0,0,1,0.510727772954851,0,55,78,496,4,2,2,471,229,21,-4.8388772300346,1,1.05307855626327,0.129783693843594,0.0988042794210195,0.263838536360105,0,1,0,1,0,0,0,0,0,0,0,0,0,0,0,0,0,0,0,0,0,0,4,35,0,0,0,0,0,0,0,0,,,0,0,0,0,0,0,0,0,0,0,0,0,,,,0,0,0,0,0,0,0,,0,0,0,0,,71.8,126.8
00-0031270,S.Harris,Shelby Harris,DT,DL,"https://static.www.nfl.com/image/upload/f_auto,q_auto/league/r1lxhltzhpkmfdocupum",2023,REG,CLE,14,0,0,0,0,0,0,0,0,0,0,0,0,,,0,,0,0,0,0,0,0,,0,0,0,0,0,0,0,0,0,0,,0,,0,0,0,0,12,5,11,4,12,1,1.5,13.5,3,0,0,5,0,0,0,0,0,0,0,0,0,3,15,0,0,0,0,0,0,0,0,,,0,0,0,0,0,0,0,0,0,0,0,0,,,,0,0,0,0,0,0,0,,0,0,0,0,,0,0
00-0031279,J.Matthews,Jake Matthews,OT,OL,"https://static.www.nfl.com/image/upload/f_auto,q_auto/league/erhayhjdrny0fua2nizx",2023,REG,ATL,5,0,0,0,0,0,0,0,0,0,0,0,0,,,0,,0,0,0,0,0,0,,0,0,0,0,0,0,0,0,0,0,,0,,0,0,0,0,0,0,0,0,0,0,0,0,0,0,0,0,0,0,0,0,0,0,0,0,0,5,33,0,0,0,0,0,0,0,0,,,0,0,0,0,0,0,0,0,0,0,0,0,,,,0,0,0,0,0,0,0,,0,0,0,0,,0,0
00-0031280,D.Carr,Derek Carr,QB,QB,"https://static.www.nfl.com/image/upload/f_auto,q_auto/league/qsz1pyrlu6bmvby6maaf",2023,REG,NO,17,375,548,3878,25,8,31,-218,5,2,4280,1696,185,28.0250573136216,3.03275788890244,2,0.90607476635514,32,40,0,2,1,5,-20.2758738386335,0,0,0,0,0,0,0,0,0,0,,0,,0,0,0,0,0,0,1,0,0,0,0,0,0,0,0,0,0,0,0,0,0,0,0,0,0,4,33,0,0,0,0,0,0,0,0,,,0,0,0,0,0,0,0,0,0,0,0,0,,,,0,0,0,0,0,0,0,,0,0,0,0,,241.12,241.12
00-0031288,A.McCarron,AJ McCarron,QB,QB,"https://static.www.nfl.com/image/private/f_auto,q_auto/league/fvakqnmsg35llkcme11h",2023,REG,CIN,2,4,5,19,0,0,1,-9,0,0,-8,20,0,-5.25107204460073,-4.63988780975342,0,0,0,0,0,0,0,0,,0,0,0,0,0,0,0,0,0,0,,0,,0,0,0,0,0,0,0,0,0,0,0,0,0,0,0,0,0,0,0,0,0,0,0,0,0,0,0,0,0,0,0,0,0,0,0,,,0,0,0,0,0,0,0,0,0,0,0,0,,,,0,0,0,0,0,0,0,,0,0,0,0,,0.76,0.76
00-0031296,C.Mosley,C.J. Mosley,ILB,LB,"https://static.www.nfl.com/image/private/f_auto,q_auto/league/cjje7blxkubjmrbtbp27",2023,REG,NYJ,17,0,0,0,0,0,0,0,0,0,0,0,0,,,0,,0,0,0,0,0,0,,0,0,0,0,0,0,0,0,0,0,,0,,0,0,0,0,66,15,71,3,5,2,0.5,1.5,2,1,0,7,0,0,0,0,0,0,1,1,0,4,34,0,0,0,0,0,0,0,0,,,0,0,0,0,0,0,0,0,0,0,0,0,,,,0,0,0,0,0,0,0,,0,0,0,0,,0,0
00-0031298,J.Ward,Jimmie Ward,SAF,DB,"https://static.www.nfl.com/image/upload/f_auto,q_auto/league/xfnd7v3pfwo0vtrb9e8w",2023,REG,HOU,10,0,0,0,0,0,0,0,0,0,0,0,0,,,0,,0,0,0,0,0,0,,0,0,0,0,0,0,0,0,0,0,,0,,0,0,0,0,30,3,17,0,0,1,0,0,0,1,0,3,0,0,0,0,0,0,0,0,0,3,54,0,0,0,0,0,0,0,0,,,0,0,0,0,0,0,0,0,0,0,0,0,,,,0,0,0,0,0,0,0,,0,0,0,0,,0,0
00-0031330,M.Moses,Morgan Moses,OT,OL,"https://static.www.nfl.com/image/upload/f_auto,q_auto/league/qbq088iyxz81xdpdcnx0",2023,REG,BAL,4,0,0,0,0,0,0,0,0,0,0,0,0,,,0,,0,0,0,0,0,0,,0,0,0,0,0,0,0,0,0,0,,0,,0,0,0,0,0,0,0,0,0,0,0,0,0,0,0,0,0,0,0,0,0,0,0,0,0,4,19,0,0,0,0,0,0,0,0,,,0,0,0,0,0,0,0,0,0,0,0,0,,,,0,0,0,0,0,0,0,,0,0,0,0,,0,0
00-0031345,J.Garoppolo,Jimmy Garoppolo,QB,QB,"https://static.www.nfl.com/image/upload/f_auto,q_auto/league/ivz3zwvjxvgcu4dzabur",2023,REG,LV,7,110,169,1205,7,9,14,-101,0,0,1364,468,60,-18.1086354138621,-1.94589148868214,1,0.883431085043988,20,39,0,1,0,7,-2.71112023651949,0,0,0,0,0,0,0,0,0,0,,0,,0,0,0,0,0,0,0,0,0,0,0,0,0,0,0,0,0,0,0,0,1,1,0,0,0,0,0,0,0,0,0,0,0,0,0,,,0,0,0,0,0,0,0,0,0,0,0,0,,,,0,0,0,0,0,0,0,,0,0,0,0,,64.1,64.1
00-0031357,C.Goodwin,C.J. Goodwin,CB,DB,"https://static.www.nfl.com/image/upload/f_auto,q_auto/league/txvnf4ecxcgg5heclsit",2023,REG,DAL,3,0,0,0,0,0,0,0,0,0,0,0,0,,,0,,0,0,0,0,0,0,,0,0,0,0,0,0,0,0,0,0,,0,,0,0,0,0,3,1,0,0,0,0,0,0,0,0,0,0,0,0,0,0,0,0,0,0,0,0,0,0,0,0,0,0,0,0,0,,,0,0,0,0,0,0,0,0,0,0,0,0,,,,0,0,0,0,0,0,0,,0,0,0,0,,0,0
00-0031360,K.Van Noy,Kyle Van Noy,MLB,LB,"https://static.www.nfl.com/image/upload/f_auto,q_auto/league/kxj2hipcguahh4l60vaa",2023,REG,BAL,14,0,0,0,0,0,0,0,0,0,0,0,0,,,0,,0,0,0,0,0,0,,0,0,0,0,0,0,0,0,0,0,,0,,0,0,0,0,15,5,10,8,61,2,9,66,9,0,0,4,0,0,0,0,0,0,0,0,0,1,15,0,0,0,0,0,0,0,0,,,0,0,0,0,0,0,0,0,0,0,0,0,,,,0,0,0,0,0,0,0,,0,0,0,0,,0,0
00-0031364,J.Clowney,Jadeveon Clowney,OLB,LB,"https://static.www.nfl.com/image/upload/f_auto,q_auto/league/iururnv6x8iuzepggwvt",2023,REG,BAL,17,0,0,0,0,0,0,0,0,0,0,0,0,,,0,,0,0,0,0,0,0,,0,0,0,0,0,0,0,0,0,0,,0,,0,0,0,0,21,3,19,8,35,2,9.5,51,19,0,0,5,0,0,0,0,0,0,1,1,0,2,10,0,0,0,0,0,0,0,0,,,0,0,0,0,0,0,0,0,0,0,0,0,,,,0,0,0,0,0,0,0,,0,0,0,0,,0,0
00-0031367,G.Jackson,Gabe Jackson,G,OL,"https://static.www.nfl.com/image/private/f_auto,q_auto/league/ayii0hagj1u5f1kzuxqy",2023,REG,CAR,1,0,0,0,0,0,0,0,0,0,0,0,0,,,0,,0,0,0,0,0,0,,0,0,0,0,0,0,0,0,0,0,,0,,0,0,0,0,0,0,0,0,0,0,0,0,0,0,0,0,0,0,0,0,0,0,0,0,0,1,10,0,0,0,0,0,0,0,0,,,0,0,0,0,0,0,0,0,0,0,0,0,,,,0,0,0,0,0,0,0,,0,0,0,0,,0,0
00-0031372,B.Roby,Bradley Roby,CB,DB,"https://static.www.nfl.com/image/private/f_auto,q_auto/league/b2ef6tlrbcqpdnnolzcq",2023,REG,PHI,8,0,0,0,0,0,0,0,0,0,0,0,0,,,0,,0,0,0,0,0,0,,0,0,0,0,0,0,0,0,0,0,,0,,0,0,0,0,18,1,3,2,6,1,0,0,1,0,0,0,0,0,0,0,0,0,0,0,0,0,0,0,0,0,0,0,0,0,0,,,0,0,0,0,0,0,0,0,0,0,0,0,,,,0,0,0,0,0,0,0,,0,0,0,0,,0,0
00-0031376,J.McKinnon,Jerick McKinnon,RB,RB,"https://static.www.nfl.com/image/private/f_auto,q_auto/league/yezxe2j778cndbhkxwez",2023,REG,KC,12,1,1,4,1,0,0,0,0,0,-3,7,1,1.10534745483892,14.645791053772,0,0,21,60,1,0,0,7,-0.0179227527287371,0,25,32,192,4,0,0,8,219,10,7.1829483300423,0,24,0.0534223706176962,0.00195360195360195,0.0815010772940656,0,0,0,0,0,0,0,0,0,0,0,0,0,0,0,0,0,0,0,0,0,0,0,0,0,0,1,20,0,0,0,0,,,0,0,0,0,0,0,0,0,0,0,0,0,,,,0,0,0,0,0,0,0,,0,0,0,0,,59.36,84.36
00-0031381,D.Adams,Davante Adams,WR,WR,"https://static.www.nfl.com/image/upload/f_auto,q_auto/league/qtonvcqpixixqhc6lhnc",2023,REG,LV,17,0,0,0,0,0,0,0,0,0,0,0,0,,,0,,0,0,0,0,0,0,,0,103,175,1144,8,0,0,1896,336,59,13.4814386995789,0,0.60337552742616,0.329566854990584,0.442887175893483,0.804371305611314,0,1,0,0,0,0,0,0,0,0,0,0,0,0,0,0,0,0,0,0,0,0,1,10,0,0,0,0,0,0,0,0,,,0,0,0,0,0,0,0,0,0,0,0,0,,,,0,0,0,0,0,0,0,,0,0,0,0,,162.4,265.4
00-0031388,A.Donald,Aaron Donald,DL,DL,"https://static.www.nfl.com/image/private/f_auto,q_auto/league/gou42dathlyc1rfn4pga",2023,REG,LA,16,0,0,0,0,0,0,0,0,0,0,0,0,,,0,,0,0,0,0,0,0,,0,0,0,0,0,0,0,0,0,0,,0,,0,0,0,0,23,5,25,15,73,0,8,44.5,23,0,0,3,0,0,0,0,0,0,0,0,0,1,5,0,0,0,0,0,0,0,0,,,0,0,0,0,0,0,0,0,0,0,0,0,,,,0,0,0,0,0,0,0,,0,0,0,0,,0,0
00-0031402,Z.Martin,Zack Martin,G,OL,"https://static.www.nfl.com/image/upload/f_auto,q_auto/league/c9giqcqfhdypuhzgdzv4",2023,REG,DAL,1,0,0,0,0,0,0,0,0,0,0,0,0,,,0,,0,0,0,0,0,0,,0,0,0,0,0,0,0,0,0,0,,0,,0,0,0,0,0,0,0,0,0,0,0,0,0,0,0,0,0,0,0,0,0,0,0,0,0,1,5,0,0,0,0,0,0,0,0,,,0,0,0,0,0,0,0,0,0,0,0,0,,,,0,0,0,0,0,0,0,,0,0,0,0,,0,0
00-0031404,A.Phillips,Adrian Phillips,DB,DB,"https://static.www.nfl.com/image/private/f_auto,q_auto/league/bfbt4o1jp3ttsm18v0ur",2023,REG,NE,8,0,0,0,0,0,0,0,0,0,0,0,0,,,0,,0,0,0,0,0,0,,0,0,0,0,0,0,0,0,0,0,,0,,0,0,0,0,9,1,7,0,0,0,0,0,0,0,0,0,0,0,0,0,0,0,0,0,0,0,0,0,0,0,0,0,0,0,0,,,0,0,0,0,0,0,0,0,0,0,0,0,,,,0,0,0,0,0,0,0,,0,0,0,0,,0,0
00-0031408,M.Evans,Mike Evans,WR,WR,"https://static.www.nfl.com/image/upload/f_auto,q_auto/league/yaxorbdsvk1ucfuiyrkj",2023,REG,TB,17,0,0,0,0,0,0,0,0,0,0,0,0,,,0,,0,0,0,0,0,0,,0,79,136,1255,13,0,0,1906,322,54,54.088503656353,0,0.658447009443862,0.247272727272727,0.391778006166495,0.645153695225638,0,1,0,0,0,0,0,0,0,0,0,0,0,0,0,0,0,1,1,0,0,0,4,35,0,0,0,0,0,0,0,0,,,0,0,0,0,0,0,0,0,0,0,0,0,,,,0,0,0,0,0,0,0,,0,0,0,0,,203.5,282.5
00-0031411,D.Lawrence,DeMarcus Lawrence,LB,LB,"https://static.www.nfl.com/image/upload/f_auto,q_auto/league/dqcbiti9q92w9uawqxom",2023,REG,DAL,16,0,0,0,0,0,0,0,0,0,0,0,0,,,0,,0,0,0,0,0,0,,0,0,0,0,0,0,0,0,0,0,,0,,0,0,0,0,26,3,21,10,43,1,4,25,8,0,0,6,0,0,0,0,0,0,0,0,0,1,3,0,0,0,0,0,0,0,0,,,0,0,0,0,0,0,0,0,0,0,0,0,,,,0,0,0,0,0,0,0,,0,0,0,0,,0,0
00-0031426,J.Bitonio,Joel Bitonio,G,OL,"https://static.www.nfl.com/image/upload/f_auto,q_auto/league/il9yy0bjrowrwhxk9ard",2023,REG,CLE,3,0,0,0,0,0,0,0,0,0,0,0,0,,,0,,0,0,0,0,0,0,,0,0,0,0,0,0,0,0,0,0,,0,,0,0,0,0,2,0,0,0,0,0,0,0,0,0,0,0,0,0,0,0,0,0,0,0,0,2,20,0,0,0,0,0,0,0,0,,,0,0,0,0,0,0,0,0,0,0,0,0,,,,0,0,0,0,0,0,0,,0,0,0,0,,0,0
00-0031428,A.Robinson,Allen Robinson,WR,WR,"https://static.www.nfl.com/image/upload/f_auto,q_auto/league/fyukft9lraurbsq0laom",2023,REG,PIT,15,0,0,0,0,0,0,0,0,0,0,0,0,,,0,,0,0,0,0,0,0,,0,34,49,280,0,0,0,370,68,9,-4.57206246675987,0,0.756756756756757,0.101239669421488,0.0977542932628798,0.220287509416247,0,2,0,0,0,0,0,0,0,0,0,0,0,0,0,0,0,0,0,0,0,0,0,0,0,0,0,0,0,0,0,0,,,0,0,0,0,0,0,0,0,0,0,0,0,,,,0,0,0,0,0,0,0,,0,0,0,0,,28,62
00-0031484,C.Manhertz,Chris Manhertz,TE,TE,"https://static.www.nfl.com/image/upload/f_auto,q_auto/league/azx76rspzgxfogsqhxet",2023,REG,DEN,7,0,0,0,0,0,0,0,0,0,0,0,0,,,0,,0,0,0,0,0,0,,0,2,4,16,0,0,0,12,10,1,0.0510975641082041,0,1.33333333333333,0.00838574423480084,0.00319659030367608,0.0148162295647745,0,1,0,0,0,0,0,0,0,0,0,0,0,0,0,0,0,0,0,0,0,0,1,10,0,0,1,1,0,0,0,0,,,0,0,0,0,0,0,0,0,0,0,0,0,,,,0,0,0,0,0,0,0,,0,0,0,0,,1.6,3.6
00-0031492,J.Myers,Jason Myers,K,SPEC,"https://static.www.nfl.com/image/upload/f_auto,q_auto/league/rnw5znsm0hrekqvztiog",2023,REG,SEA,17,0,0,0,0,0,0,0,0,0,0,0,0,,,0,,0,0,0,0,0,0,,0,0,0,0,0,0,0,0,0,0,,0,,0,0,0,0,0,0,0,0,0,0,0,0,0,0,0,0,0,0,0,0,0,0,0,0,0,0,0,0,0,0,0,35,42,7,0,55,0.833333333333333,0,8,11,12,4,0,0,0,1,2,4,0,36;42;25;43;35;33;37;39;34;55;23;21;48;32;33;45;43;33;45;43;54;43;52;51;30;40;26;43;28;27;43;42;24;33;29,39;45;56;53;55;53;42,,1310,343,0,33,33,0,0,1,1,2,1,0,43;55,0,0
00-0031500,E.Obada,Efe Obada,DE,DL,"https://static.www.nfl.com/image/upload/f_auto,q_auto/league/i5zeos5e8jhwupjnlsri",2023,REG,WAS,2,0,0,0,0,0,0,0,0,0,0,0,0,,,0,,0,0,0,0,0,0,,0,0,0,0,0,0,0,0,0,0,,0,,0,0,0,0,1,0,1,0,0,0,0,0,0,0,0,0,0,0,0,0,0,0,0,0,0,0,0,0,0,0,0,0,0,0,0,,,0,0,0,0,0,0,0,0,0,0,0,0,,,,0,0,0,0,0,0,0,,0,0,0,0,,0,0
00-0031503,J.Winston,Jameis Winston,QB,QB,"https://static.www.nfl.com/image/upload/f_auto,q_auto/league/vwikoroqsyf8iemlrohb",2023,REG,NO,6,25,47,264,2,3,2,-13,0,0,610,85,10,-9.78901957483122,-8.03082207838694,0,0.432786885245902,5,-6,0,0,0,0,-4.47047001915053,0,0,0,0,0,0,0,0,0,0,,0,,0,0,0,0,0,0,0,0,0,0,0,0,0,0,0,0,0,0,0,0,0,0,0,0,0,0,0,0,0,0,0,0,0,0,0,,,0,0,0,0,0,0,0,0,0,0,0,0,,,,0,0,0,0,0,0,0,,0,0,0,0,,11.96,11.96
00-0031544,A.Cooper,Amari Cooper,WR,WR,"https://static.www.nfl.com/image/upload/f_auto,q_auto/league/zmtzqznqui37unmo5xv9",2023,REG,CLE,15,0,0,0,0,0,0,0,0,0,0,0,0,,,0,,0,0,0,0,0,0,,0,72,128,1250,5,2,1,1834,271,50,46.0974847810543,1,0.681570338058888,0.214405360134003,0.346103038309115,0.563880167017385,0,1,0,0,0,0,0,0,0,0,0,0,0,0,0,0,0,1,1,0,0,0,1,10,0,0,0,0,0,0,0,0,,,0,0,0,0,0,0,0,0,0,0,0,0,,,,0,0,0,0,0,0,0,,0,0,0,0,,155,227
00-0031547,D.Parker,DeVante Parker,WR,WR,"https://static.www.nfl.com/image/private/f_auto,q_auto/league/beuyfjou6kckaoqqpa96",2023,REG,NE,13,0,0,0,0,0,0,0,0,0,0,0,0,,,0,,0,0,0,0,0,0,,0,33,55,394,0,0,0,640,126,17,1.01918930477305,0,0.615625,0.101663585951941,0.15625,0.261870378927911,0,2,0,0,0,0,0,0,0,0,0,0,0,0,0,0,0,0,0,0,0,0,1,4,0,0,0,0,0,0,0,0,,,0,0,0,0,0,0,0,0,0,0,0,0,,,,0,0,0,0,0,0,0,,0,0,0,0,,39.4,72.4
00-0031549,N.Agholor,Nelson Agholor,WR,WR,"https://static.www.nfl.com/image/upload/f_auto,q_auto/league/wyxfkarcjgqdz3pl8nnr",2023,REG,BAL,16,0,0,0,0,0,0,0,0,0,0,0,0,,,0,,0,0,0,0,0,0,,0,35,45,381,4,1,0,418,141,19,17.8710112944823,0,0.911483253588517,0.0945378151260504,0.102225483003179,0.213364560791301,0,1,0,0,0,0,0,0,0,0,0,0,0,0,0,0,0,0,0,0,0,0,0,0,0,0,0,0,0,0,0,0,,,0,0,0,0,0,0,0,0,0,0,0,0,,,,0,0,0,0,0,0,0,,0,0,0,0,,62.1,97.1
00-0031550,S.Thompson,Shaq Thompson,OLB,LB,"https://static.www.nfl.com/image/upload/f_auto,q_auto/league/rk9qairtsyrzdoznvmen",2023,REG,CAR,2,0,0,0,0,0,0,0,0,0,0,0,0,,,0,,0,0,0,0,0,0,,0,0,0,0,0,0,0,0,0,0,,0,,0,0,0,0,5,1,2,0,0,0,0,0,0,0,0,0,0,0,0,0,0,0,0,0,0,0,0,0,0,0,0,0,0,0,0,,,0,0,0,0,0,0,0,0,0,0,0,0,,,,0,0,0,0,0,0,0,,0,0,0,0,,0,0
00-0031554,E.Kendricks,Eric Kendricks,MLB,LB,"https://static.www.nfl.com/image/upload/f_auto,q_auto/league/adc49lyuljufsfseggdc",2023,REG,LAC,15,0,0,0,0,0,0,0,0,0,0,0,0,,,0,,0,0,0,0,0,0,,0,0,0,0,0,0,0,0,0,0,,0,,0,0,0,0,67,12,38,6,26,1,3.5,19.5,7,0,0,6,0,0,0,0,0,0,0,0,0,1,23,0,0,0,0,0,0,0,0,,,0,0,0,0,0,0,0,0,0,0,0,0,,,,0,0,0,0,0,0,0,,0,0,0,0,,0,0
00-0031555,E.Rowe,Eric Rowe,CB,DB,"https://static.www.nfl.com/image/upload/f_auto,q_auto/league/ygvjgvkure8eesiiz0hw",2023,REG,PIT,3,0,0,0,0,0,0,0,0,0,0,0,0,,,0,,0,0,0,0,0,0,,0,0,0,0,0,0,0,0,0,0,,0,,0,0,0,0,21,1,7,1,2,1,0,0,0,1,25,2,0,0,0,0,0,0,0,0,0,0,0,0,0,0,0,0,0,0,0,,,0,0,0,0,0,0,0,0,0,0,0,0,,,,0,0,0,0,0,0,0,,0,0,0,0,,0,0
00-0031557,J.Phillips,Jordan Phillips,DT,DL,"https://static.www.nfl.com/image/upload/f_auto,q_auto/league/hn887nvbphkycvlkvlms",2023,REG,BUF,13,0,0,0,0,0,0,0,0,0,0,0,0,,,0,,0,0,0,0,0,0,,0,0,0,0,0,0,0,0,0,0,,0,,0,0,0,0,8,2,5,2,21,0,2.5,23.5,5,0,0,5,0,0,0,0,0,0,0,0,0,5,40,0,0,0,0,0,0,0,0,,,0,0,0,0,0,0,0,0,0,0,0,0,,,,0,0,0,0,0,0,0,,0,0,0,0,,0,0
00-0031565,D.Hunter,Danielle Hunter,DE,DL,"https://static.www.nfl.com/image/upload/f_auto,q_auto/league/z2rpuzpb0tm8r6vwnfxk",2023,REG,MIN,17,0,0,0,0,0,0,0,0,0,0,0,0,,,0,,0,0,0,0,0,0,,0,0,0,0,0,0,0,0,0,0,,0,,0,0,0,0,44,10,29,19,106,4,16.5,120,22,0,0,2,0,0,0,0,0,0,0,0,0,1,5,0,0,0,0,0,0,0,0,,,0,0,0,0,0,0,0,0,0,0,0,0,,,,0,0,0,0,0,0,0,,0,0,0,0,,0,0
00-0031576,Z.Smith,Za'Darius Smith,DE,DL,"https://static.www.nfl.com/image/upload/f_auto,q_auto/league/l5t51lcflhhfvxhr1sx3",2023,REG,CLE,16,0,0,0,0,0,0,0,0,0,0,0,0,,,0,,0,0,0,0,0,0,,0,0,0,0,0,0,0,0,0,0,,0,,0,0,0,0,14,4,9,7,44,1,5.5,37.5,20,0,0,3,0,0,0,0,0,0,0,0,0,2,20,0,0,0,0,0,0,0,0,,,0,0,0,0,0,0,0,0,0,0,0,0,,,,0,0,0,0,0,0,0,,0,0,0,0,,0,0
00-0031580,S.Mason,Shaq Mason,G,OL,"https://static.www.nfl.com/image/upload/f_auto,q_auto/league/h2j9pcx5k3kfbxgq1bb7",2023,REG,HOU,4,0,0,0,0,0,0,0,0,0,0,0,0,,,0,,0,0,0,0,0,0,,0,0,0,0,0,0,0,0,0,0,,0,,0,0,0,0,0,0,0,0,0,0,0,0,0,0,0,0,0,0,0,0,0,0,0,0,0,5,29,0,0,0,0,0,0,0,0,,,0,0,0,0,0,0,0,0,0,0,0,0,,,,0,0,0,0,0,0,0,,0,0,0,0,,0,0
00-0031581,M.Glowinski,Mark Glowinski,G,OL,"https://static.www.nfl.com/image/private/f_auto,q_auto/league/ldqr5jlk57a6nrha4u8w",2023,REG,NYG,4,0,0,0,0,0,0,0,0,0,0,0,0,,,0,,0,0,0,0,0,0,,0,0,0,0,0,0,0,0,0,0,,0,,0,0,0,0,0,0,0,0,0,0,0,0,0,0,0,0,0,0,0,0,1,1,0,0,0,3,25,0,0,0,0,0,0,0,0,,,0,0,0,0,0,0,0,0,0,0,0,0,,,,0,0,0,0,0,0,0,,0,0,0,0,,0,0
00-0031583,G.Jarrett,Grady Jarrett,DT,DL,"https://static.www.nfl.com/image/upload/f_auto,q_auto/league/znqx6ghmgepgcrsfw9gm",2023,REG,ATL,7,0,0,0,0,0,0,0,0,0,0,0,0,,,0,,0,0,0,0,0,0,,0,0,0,0,0,0,0,0,0,0,,0,,0,0,0,0,7,2,14,1,7,0,1.5,10.5,8,0,0,2,0,0,0,0,0,0,0,0,0,1,5,0,0,0,0,0,0,0,0,,,0,0,0,0,0,0,0,0,0,0,0,0,,,,0,0,0,0,0,0,0,,0,0,0,0,,0,0
00-0031584,A.Amos,Adrian Amos,S,DB,"https://static.www.nfl.com/image/private/f_auto,q_auto/league/igawxadxnpihzzpzw9oe",2023,REG,HOU,10,0,0,0,0,0,0,0,0,0,0,0,0,,,0,,0,0,0,0,0,0,,0,0,0,0,0,0,0,0,0,0,,0,,0,0,0,0,22,1,5,0,0,0,0,0,0,0,0,1,0,0,0,0,1,1,0,0,0,0,0,0,0,0,0,0,0,0,0,,,0,0,0,0,0,0,0,0,0,0,0,0,,,,0,0,0,0,0,0,0,,0,0,0,0,,0,0
00-0031585,M.Pruitt,MyCole Pruitt,TE,TE,"https://static.www.nfl.com/image/upload/f_auto,q_auto/league/jazo8egu5luwyxxcpjh8",2023,REG,ATL,10,0,0,0,0,0,0,0,0,0,0,0,0,,,0,,0,0,0,0,0,0,,0,9,12,110,1,1,0,62,51,7,8.23608873059857,0,1.7741935483871,0.0236220472440945,0.0142692750287687,0.0454215633862798,0,0,0,0,0,0,0,0,0,0,0,0,0,0,0,0,0,0,0,0,0,0,3,35,0,0,0,0,0,0,0,0,,,0,0,0,0,0,0,0,0,0,0,0,0,,,,0,0,0,0,0,0,0,,0,0,0,0,,17,26
00-0031587,B.McCain,Bobby McCain,CB,DB,"https://static.www.nfl.com/image/upload/f_auto,q_auto/league/qngkoi5ocjuet0kmni6a",2023,REG,NYG,3,0,0,0,0,0,0,0,0,0,0,0,0,,,0,,0,0,0,0,0,0,,0,0,0,0,0,0,0,0,0,0,,0,,0,0,0,0,1,0,0,0,0,0,0,0,0,0,0,1,0,1,0,0,0,0,0,0,0,0,0,1,0,0,0,0,0,0,0,,,0,0,0,0,0,0,0,0,0,0,0,0,,,,0,0,0,0,0,0,0,,0,0,0,0,,0,0
00-0031588,S.Diggs,Stefon Diggs,WR,WR,"https://static.www.nfl.com/image/upload/f_auto,q_auto/league/cemcexmscsarpvwhafln",2023,REG,BUF,17,0,0,0,0,0,0,0,0,0,0,0,0,,,0,,1,5,0,0,0,1,0.873494008323178,0,107,160,1183,8,2,1,1658,399,59,39.284095169306,1,0.71351025331725,0.293577981651376,0.330147351652728,0.671470118633974,0,3,0,0,0,0,0,0,0,0,0,0,0,0,0,0,0,0,0,0,0,0,3,25,0,0,0,0,0,0,0,0,,,0,0,0,0,0,0,0,0,0,0,0,0,,,,0,0,0,0,0,0,0,,0,0,0,0,,166.8,273.8
00-0031595,M.Burton,Michael Burton,FB,RB,"https://static.www.nfl.com/image/upload/f_auto,q_auto/league/ibyeabk3yu68mgipxklr",2023,REG,DEN,11,0,0,0,0,0,0,0,0,0,0,0,0,,,0,,7,9,0,0,0,4,-3.58003629402071,1,3,3,8,0,0,0,2,6,2,0.516768563422374,0,4,0.00628930817610063,0.00053276505061268,0.00980689779957982,0,4,0,1,0,0,1,0,0,0,0,0,0,0,0,0,0,0,0,0,0,0,2,14,0,0,0,0,0,0,0,0,,,0,0,0,0,0,0,0,0,0,0,0,0,,,,0,0,0,0,0,0,0,,0,0,0,0,,3.7,6.7
00-0031596,D.Mayo,David Mayo,OLB,LB,"https://static.www.nfl.com/image/private/f_auto,q_auto/league/jcpcby79esons5wd1ocp",2023,REG,WAS,11,0,0,0,0,0,0,0,0,0,0,0,0,,,0,,0,0,0,0,0,0,,0,0,0,0,0,0,0,0,0,0,,0,,0,0,0,0,36,3,20,6,19,0,2,9,2,0,0,0,0,0,0,0,0,0,0,0,0,1,10,0,0,0,0,0,0,0,0,,,0,0,0,0,0,0,0,0,0,0,0,0,,,,0,0,0,0,0,0,0,,0,0,0,0,,0,0
00-0031608,Q.Diggs,Quandre Diggs,S,DB,"https://static.www.nfl.com/image/upload/f_auto,q_auto/league/kqasx5pfmin4wrk503uf",2023,REG,SEA,17,0,0,0,0,0,0,0,0,0,0,0,0,,,0,,0,0,0,0,0,0,,0,0,0,0,0,0,0,0,0,0,,0,,0,0,0,0,56,7,32,1,3,0,0,0,0,1,21,5,0,0,0,0,0,0,0,0,0,2,30,0,0,0,0,0,0,0,0,,,0,0,0,0,0,0,0,0,0,0,0,0,,,,0,0,0,0,0,0,0,,0,0,0,0,,0,0
00-0031610,D.Waller,Darren Waller,TE,TE,"https://static.www.nfl.com/image/upload/f_auto,q_auto/league/loyehiyzcu2lexjk7plq",2023,REG,NYG,12,0,0,0,0,0,0,0,0,0,0,0,0,,,0,,0,0,0,0,0,0,,0,52,74,552,1,0,0,592,211,25,15.2906618873882,0,0.932432432432432,0.152577319587629,0.156365557316429,0.338321869502944,0,1,0,0,0,0,0,0,0,0,0,0,0,0,0,0,0,0,0,0,0,0,0,0,0,0,0,0,0,0,0,0,,,0,0,0,0,0,0,0,0,0,0,0,0,,,,0,0,0,0,0,0,0,,0,0,0,0,,61.2,113.2
00-0031687,R.Mostert,Raheem Mostert,RB,RB,"https://static.www.nfl.com/image/upload/f_auto,q_auto/league/fas5rkweusx2hl7abtzh",2023,REG,MIA,15,0,0,0,0,0,0,0,0,0,0,0,0,,,0,,209,1012,18,2,1,61,17.1796025378571,0,25,32,175,3,2,0,-20,213,7,-1.23025406456079,0,-8.75,0.058287795992714,-0.00464468183929401,0.0841804167015652,0,0,0,0,0,0,0,0,0,0,0,0,0,0,0,0,0,1,1,0,0,0,1,5,0,0,0,0,0,0,0,0,,,0,0,0,0,0,0,0,0,0,0,0,0,,,,0,0,0,0,0,0,0,,0,0,0,0,,242.7,267.7
00-0031740,N.Hewitt,Neville Hewitt,LB,LB,"https://static.www.nfl.com/image/upload/f_auto,q_auto/league/lw2m7oyputkdykbaz0cu",2023,REG,HOU,10,0,0,0,0,0,0,0,0,0,0,0,0,,,0,,0,0,0,0,0,0,,0,0,0,0,0,0,0,0,0,0,,0,,0,0,0,0,8,0,6,0,0,0,0,0,0,0,0,0,0,0,0,0,0,0,0,0,0,2,17,0,0,0,0,0,0,0,0,,,0,0,0,0,0,0,0,0,0,0,0,0,,,,0,0,0,0,0,0,0,,0,0,0,0,,0,0
00-0031763,D.Carter,DeAndre Carter,WR,WR,"https://static.www.nfl.com/image/upload/f_auto,q_auto/league/jx4io3owliw3l5xve6ta",2023,REG,LV,17,0,0,0,0,0,0,0,0,0,0,0,0,,,0,,3,18,0,0,0,2,4.04425690660719,0,4,7,39,0,0,0,4,50,0,-2.60952146297068,0,9.75,0.0131826741996234,0.000934361130576968,0.0204280640908389,0,0,0,0,0,0,0,0,0,0,0,0,0,0,2,0,0,2,2,0,0,0,0,0,24,232,11,262,0,0,0,0,,,0,0,0,0,0,0,0,0,0,0,0,0,,,,0,0,0,0,0,0,0,,0,0,0,0,,5.7,9.7
00-0031785,T.Hill,Troy Hill,CB,DB,"https://static.www.nfl.com/image/upload/f_auto,q_auto/league/fa4ba7c9ku1narcpyh10",2023,REG,CAR,16,0,0,0,0,0,0,0,0,0,0,0,0,,,0,,0,0,0,0,0,0,,0,0,0,0,0,0,0,0,0,0,,0,,0,0,0,0,26,4,18,3,10,1,0,0,0,1,61,6,1,0,0,0,0,0,0,0,0,2,20,0,0,0,0,0,0,0,0,,,0,0,0,0,0,0,0,0,0,0,0,0,,,,0,0,0,0,0,0,0,,0,0,0,0,,0,0
00-0031795,D.Williams,DeShawn Williams,DE,DL,"https://static.www.nfl.com/image/upload/f_auto,q_auto/league/oomwiwcodj3uwrbd4bug",2023,REG,CAR,15,0,0,0,0,0,0,0,0,0,0,0,0,,,0,,0,0,0,0,0,0,,0,0,0,0,0,0,0,0,0,0,,0,,0,0,0,0,11,2,20,2,11,0,1,7,7,0,0,1,0,0,0,0,0,0,0,0,0,1,10,0,0,0,0,0,0,0,0,,,0,0,0,0,0,0,0,0,0,0,0,0,,,,0,0,0,0,0,0,0,,0,0,0,0,,0,0
00-0031800,T.Heinicke,Taylor Heinicke,QB,QB,"https://static.www.nfl.com/image/upload/f_auto,q_auto/league/fz9e0aufjyyo5raclwji",2023,REG,ATL,5,74,136,890,5,4,8,-47,0,0,1136,508,41,-1.64327910840988,-9.08703646791263,0,0.783450704225352,15,124,1,1,0,6,10.0750497884292,0,0,0,0,0,0,0,0,0,0,,0,,0,0,0,0,0,0,0,0,0,0,0,0,0,0,0,0,0,0,0,0,1,2,0,0,0,0,0,0,0,0,0,0,0,0,0,,,0,0,0,0,0,0,0,0,0,0,0,0,,,,0,0,0,0,0,0,0,,0,0,0,0,,66,66
00-0031852,D.Andrews,David Andrews,C,OL,"https://static.www.nfl.com/image/private/f_auto,q_auto/league/wgk8dyj0opob0dgutfz6",2023,REG,NE,2,0,0,0,0,0,0,0,0,0,0,0,0,,,0,,0,0,0,0,0,0,,0,0,0,0,0,0,0,0,0,0,,0,,0,0,0,0,1,0,0,0,0,0,0,0,0,0,0,0,0,0,0,0,1,1,0,0,0,0,0,0,0,0,0,0,0,0,0,,,0,0,0,0,0,0,0,0,0,0,0,0,,,,0,0,0,0,0,0,0,,0,0,0,0,,0,0
00-0031868,D.Byrd,Damiere Byrd,WR,WR,"https://static.www.nfl.com/image/private/f_auto,q_auto/league/cskulleqxehtrgkqsl3u",2023,REG,ATL,1,0,0,0,0,0,0,0,0,0,0,0,0,,,0,,0,0,0,0,0,0,,0,0,2,0,0,0,0,45,0,0,-6.79315520613454,0,0,0.00393700787401575,0.0103567318757192,0.0131552241240271,0,0,0,0,0,0,0,0,0,0,0,0,0,0,0,0,0,0,0,0,0,0,0,0,0,0,0,0,0,0,0,0,,,0,0,0,0,0,0,0,0,0,0,0,0,,,,0,0,0,0,0,0,0,,0,0,0,0,,0,0
00-0031870,D.Marlowe,Dean Marlowe,S,DB,"https://static.www.nfl.com/image/private/f_auto,q_auto/league/zs2gv5rqyvnaqlwl4yst",2023,REG,LAC,9,0,0,0,0,0,0,0,0,0,0,0,0,,,0,,0,0,0,0,0,0,,0,0,0,0,0,0,0,0,0,0,,0,,0,0,0,0,29,3,8,1,2,0,1,0,0,0,0,0,0,0,0,0,0,0,0,0,0,0,0,0,0,0,0,0,0,0,0,,,0,0,0,0,0,0,0,0,0,0,0,0,,,,0,0,0,0,0,0,0,,0,0,0,0,,0,0
00-0031898,A.Singleton,Alex Singleton,LB,LB,"https://static.www.nfl.com/image/upload/f_auto,q_auto/league/zohji3gr704zraihhqyl",2023,REG,DEN,17,0,0,0,0,0,0,0,0,0,0,0,0,,,0,,0,0,0,0,0,0,,0,0,0,0,0,0,0,0,0,0,,0,,0,0,0,0,83,23,71,6,31,0,2,21,6,0,0,4,0,0,0,0,0,0,2,2,0,1,4,0,0,0,0,0,0,0,0,,,0,0,0,0,0,0,0,0,0,0,0,0,,,,0,0,0,0,0,0,0,,0,0,0,0,,0,0
00-0031911,R.Lovato,Rick Lovato,LS,SPEC,"https://static.www.nfl.com/image/upload/f_auto,q_auto/league/xbx0sf2o3zhorv6mbhl2",2023,REG,PHI,3,0,0,0,0,0,0,0,0,0,0,0,0,,,0,,0,0,0,0,0,0,,0,0,0,0,0,0,0,0,0,0,,0,,0,0,0,0,2,0,1,0,0,1,0,0,0,0,0,0,0,0,0,0,0,0,0,0,0,0,0,0,0,0,0,0,0,0,0,,,0,0,0,0,0,0,0,0,0,0,0,0,,,,0,0,0,0,0,0,0,,0,0,0,0,,0,0
00-0031933,L.Williams,Leonard Williams,DE,DL,"https://static.www.nfl.com/image/upload/f_auto,q_auto/league/jhaogtinjeyrwbjsvbl4",2023,REG,SEA,17,0,0,0,0,0,0,0,0,0,0,0,0,,,0,,0,0,0,0,0,0,,0,0,0,0,0,0,0,0,0,0,,0,,0,0,0,0,33,4,25,10,60,0,5.5,40,16,0,0,2,0,0,0,0,0,0,0,0,0,3,15,0,0,0,0,0,0,0,0,,,0,0,0,0,0,0,0,0,0,0,0,0,,,,0,0,0,0,0,0,0,,0,0,0,0,,0,0
00-0031935,P.Smith,Preston Smith,DE,DL,"https://static.www.nfl.com/image/upload/f_auto,q_auto/league/etcwpdjr7xtc4gubw8gf",2023,REG,GB,17,0,0,0,0,0,0,0,0,0,0,0,0,,,0,,0,0,0,0,0,0,,0,0,0,0,0,0,0,0,0,0,,0,,0,0,0,0,21,7,20,4,30,2,8,44,21,0,0,4,0,0,0,0,0,0,0,0,0,0,0,0,0,0,0,0,0,0,0,,,0,0,0,0,0,0,0,0,0,0,0,0,,,,0,0,0,0,0,0,0,,0,0,0,0,,0,0
00-0031936,M.Morse,Mitch Morse,C,OL,"https://static.www.nfl.com/image/upload/f_auto,q_auto/league/rlmszp2z31nrt5zoew30",2023,REG,BUF,6,0,0,0,0,0,0,0,0,0,0,0,0,,,0,,0,0,0,0,0,0,,0,0,0,0,0,0,0,0,0,0,,0,,0,0,0,0,2,0,1,0,0,0,0,0,0,0,0,0,0,0,0,0,0,0,0,0,0,4,27,0,0,0,0,0,0,0,0,,,0,0,0,0,0,0,0,0,0,0,0,0,,,,0,0,0,0,0,0,0,,0,0,0,0,,0,0
00-0031938,C.Davis,Carl Davis,DT,DL,"https://static.www.nfl.com/image/upload/f_auto,q_auto/league/ozc21yaswwzhzdbcz0fm",2023,REG,DAL,2,0,0,0,0,0,0,0,0,0,0,0,0,,,0,,0,0,0,0,0,0,,0,0,0,0,0,0,0,0,0,0,,0,,0,0,0,0,0,0,3,0,0,0,0,0,0,0,0,0,0,0,0,0,0,0,0,0,0,0,0,0,0,0,0,0,0,0,0,,,0,0,0,0,0,0,0,0,0,0,0,0,,,,0,0,0,0,0,0,0,,0,0,0,0,,0,0
00-0031941,J.Crowder,Jamison Crowder,WR,WR,"https://static.www.nfl.com/image/upload/f_auto,q_auto/league/rfysbrjrvfdr72cx8who",2023,REG,WAS,16,0,0,0,0,0,0,0,0,0,0,0,0,,,0,,0,0,0,0,0,0,,0,16,20,159,1,0,0,122,80,8,5.32099037486489,0,1.30327868852459,0.0332778702163062,0.0255926159009859,0.0678316364551494,0,0,0,0,0,0,0,0,0,0,0,0,0,0,3,0,0,1,1,0,0,0,0,0,35,278,0,0,0,0,0,0,,,0,0,0,0,0,0,0,0,0,0,0,0,,,,0,0,0,0,0,0,0,,0,0,0,0,,21.9,37.9
00-0031957,R.Nunez-Roches,Rakeem Nunez-Roches,DT,DL,"https://static.www.nfl.com/image/upload/f_auto,q_auto/league/iugbhtbumlnt3nb8wqmi",2023,REG,NYG,13,0,0,0,0,0,0,0,0,0,0,0,0,,,0,,0,0,0,0,0,0,,0,0,0,0,0,0,0,0,0,0,,0,,0,0,0,0,11,3,12,1,1,0,0.5,5,1,0,0,1,0,0,0,0,0,0,0,0,0,0,0,0,0,0,0,0,0,0,0,,,0,0,0,0,0,0,0,0,0,0,0,0,,,,0,0,0,0,0,0,0,,0,0,0,0,,0,0
00-0032052,D.Fowler,Dante Fowler Jr.,DE,DL,"https://static.www.nfl.com/image/upload/f_auto,q_auto/league/tuvfudn3repds06zb5hi",2023,REG,DAL,13,0,0,0,0,0,0,0,0,0,0,0,0,,,0,,0,0,0,0,0,0,,0,0,0,0,0,0,0,0,0,0,,0,,0,0,0,0,6,2,5,4,21,1,4,21,7,0,0,3,0,0,0,0,0,0,0,0,0,4,20,0,0,0,0,0,0,0,0,,,0,0,0,0,0,0,0,0,0,0,0,0,,,,0,0,0,0,0,0,0,,0,0,0,0,,0,0
00-0032053,B.Scherff,Brandon Scherff,G,OL,"https://static.www.nfl.com/image/private/f_auto,q_auto/league/anatrup32nwke2whu7vo",2023,REG,JAX,4,0,0,0,0,0,0,0,0,0,0,0,0,,,0,,0,0,0,0,0,0,,0,0,0,0,0,0,0,0,0,0,,0,,0,0,0,0,0,0,0,0,0,0,0,0,0,0,0,0,0,0,0,0,0,0,0,0,0,6,35,0,0,0,0,0,0,0,0,,,0,0,0,0,0,0,0,0,0,0,0,0,,,,0,0,0,0,0,0,0,,0,0,0,0,,0,0
00-0032062,B.Bell,Blake Bell,TE,TE,"https://static.www.nfl.com/image/private/f_auto,q_auto/league/eqrmmjto8koqqc9j2kjj",2023,REG,KC,7,0,0,0,0,0,0,0,0,0,0,0,0,,,0,,0,0,0,0,0,0,,0,5,9,26,1,1,1,30,19,1,-12.218715450319,0,0.866666666666667,0.015025041736227,0.00732600732600733,0.0276657677325457,0,0,0,1,0,0,0,0,0,0,0,0,0,0,0,0,0,0,0,0,0,0,0,0,0,0,0,0,0,0,0,0,,,0,0,0,0,0,0,0,0,0,0,0,0,,,,0,0,0,0,0,0,0,,0,0,0,0,,6.6,11.6
00-0032065,B.Pinion,Bradley Pinion,P,SPEC,"https://static.www.nfl.com/image/upload/f_auto,q_auto/league/g6zs1z59umevxxtqc35z",2023,REG,ATL,17,0,0,0,0,0,0,0,0,0,0,0,0,,,0,,0,0,0,0,0,0,,0,0,0,0,0,0,0,0,0,0,,0,,0,0,0,0,0,0,0,0,0,0,0,0,0,0,0,0,0,0,0,0,0,0,0,0,0,0,0,0,0,0,0,0,0,0,0,,,0,0,0,0,0,0,0,0,0,0,0,0,,,,0,0,0,0,0,0,0,,0,0,0,0,,0,0
00-0032071,T.Brown,Trent Brown,OT,OL,"https://static.www.nfl.com/image/upload/f_auto,q_auto/league/r0l3rruzqunyqlt0lrzm",2023,REG,NE,1,0,0,0,0,0,0,0,0,0,0,0,0,,,0,,0,0,0,0,0,0,,0,0,0,0,0,0,0,0,0,0,,0,,0,0,0,0,0,0,0,0,0,0,0,0,0,0,0,0,0,0,0,0,0,0,0,0,0,1,5,0,0,0,0,0,0,0,0,,,0,0,0,0,0,0,0,0,0,0,0,0,,,,0,0,0,0,0,0,0,,0,0,0,0,,0,0
00-0032103,D.Perryman,Denzel Perryman,MLB,LB,"https://static.www.nfl.com/image/upload/f_auto,q_auto/league/fqxyjc6skhaprcaiknpj",2023,REG,HOU,12,0,0,0,0,0,0,0,0,0,0,0,0,,,0,,0,0,0,0,0,0,,0,0,0,0,0,0,0,0,0,0,,0,,0,0,0,0,37,8,31,5,19,0,0.5,4.5,2,0,0,3,0,0,0,0,0,0,0,0,0,3,32,0,0,0,0,0,0,0,0,,,0,0,0,0,0,0,0,0,0,0,0,0,,,,0,0,0,0,0,0,0,,0,0,0,0,,0,0
00-0032104,A.Abdullah,Ameer Abdullah,RB,RB,"https://static.www.nfl.com/image/upload/f_auto,q_auto/league/jvkgnlj5fn16mnmdyr4i",2023,REG,LV,16,0,0,0,0,0,0,0,0,0,0,0,0,,,0,,15,89,0,0,0,6,2.60262565822679,0,19,24,131,0,0,0,46,88,4,-14.2594693582509,0,2.84782608695652,0.0451977401129944,0.0107451530016351,0.0753182172706361,0,11,1,2,0,0,0,0,0,0,0,0,0,0,0,0,0,0,0,0,0,0,1,5,0,0,0,0,0,0,0,0,,,0,0,0,0,0,0,0,0,0,0,0,0,,,,0,0,0,0,0,0,0,,0,0,0,0,,22,41
00-0032107,A.Blackson,Angelo Blackson,DE,DL,"https://static.www.nfl.com/image/upload/f_auto,q_auto/league/fqkyimdahqjlnqu60zqf",2023,REG,JAX,7,0,0,0,0,0,0,0,0,0,0,0,0,,,0,,0,0,0,0,0,0,,0,0,0,0,0,0,0,0,0,0,,0,,0,0,0,0,7,1,5,2,3,0,0,0,0,0,0,0,0,0,0,0,0,0,3,3,0,1,15,0,0,0,0,0,0,0,0,,,0,0,0,0,0,0,0,0,0,0,0,0,,,,0,0,0,0,0,0,0,,0,0,0,0,,0,0
00-0032109,K.Alexander,Kwon Alexander,MLB,LB,"https://static.www.nfl.com/image/upload/f_auto,q_auto/league/rccrvhqts2qk8ycjqfmz",2023,REG,PIT,8,0,0,0,0,0,0,0,0,0,0,0,0,,,0,,0,0,0,0,0,0,,0,0,0,0,0,0,0,0,0,0,,0,,0,0,0,0,30,2,9,5,12,1,1,3,2,1,0,1,0,0,0,0,0,0,0,0,0,0,0,0,0,0,0,0,0,0,0,,,0,0,0,0,0,0,0,0,0,0,0,0,,,,0,0,0,0,0,0,0,,0,0,0,0,,0,0
00-0032127,M.Golden,Markus Golden,LB,LB,"https://static.www.nfl.com/image/upload/f_auto,q_auto/league/nardbsqj0aigwn7tm8g1",2023,REG,PIT,11,0,0,0,0,0,0,0,0,0,0,0,0,,,0,,0,0,0,0,0,0,,0,0,0,0,0,0,0,0,0,0,,0,,0,0,0,0,11,3,6,5,32,0,4,25,10,0,0,1,0,0,0,0,0,0,1,1,0,0,0,0,0,0,0,0,0,0,0,,,0,0,0,0,0,0,0,0,0,0,0,0,,,,0,0,0,0,0,0,0,,0,0,0,0,,0,0
00-0032128,C.Conley,Chris Conley,WR,WR,"https://static.www.nfl.com/image/upload/f_auto,q_auto/league/mr4h7vx02uwpr7xlfk6y",2023,REG,SF,1,0,0,0,0,0,0,0,0,0,0,0,0,,,0,,0,0,0,0,0,0,,0,3,6,69,0,0,0,74,28,2,1.33781061676564,0,0.932432432432432,0.0127388535031847,0.0184171229467397,0.0320002663174948,0,0,0,0,0,0,0,0,0,0,0,0,0,0,0,0,0,0,0,0,0,0,0,0,0,0,0,0,0,0,0,0,,,0,0,0,0,0,0,0,0,0,0,0,0,,,,0,0,0,0,0,0,0,,0,0,0,0,,6.9,9.9
00-0032129,J.Hicks,Jordan Hicks,MLB,LB,"https://static.www.nfl.com/image/upload/f_auto,q_auto/league/nupnkxjio2iuqppmog1a",2023,REG,MIN,13,0,0,0,0,0,0,0,0,0,0,0,0,,,0,,0,0,0,0,0,0,,0,0,0,0,0,0,0,0,0,0,,0,,0,0,0,0,43,18,46,2,10,1,1,8,2,1,9,5,0,0,0,0,0,0,2,2,1,1,4,0,0,0,0,0,0,0,0,,,0,0,0,0,0,0,0,0,0,0,0,0,,,,0,0,0,0,0,0,0,,0,0,0,0,,0,0
00-0032132,M.Garcia,Max Garcia,G,OL,"https://static.www.nfl.com/image/private/f_auto,q_auto/league/vtewzccgwdq5gr3qzvnx",2023,REG,NO,4,0,0,0,0,0,0,0,0,0,0,0,0,,,0,,0,0,0,0,0,0,,0,0,0,0,0,0,0,0,0,0,,0,,0,0,0,0,0,0,0,0,0,0,0,0,0,0,0,0,0,0,0,0,0,0,0,0,0,4,25,0,0,0,0,0,0,0,0,,,0,0,0,0,0,0,0,0,0,0,0,0,,,,0,0,0,0,0,0,0,,0,0,0,0,,0,0
00-0032134,C.Uzomah,C.J. Uzomah,TE,TE,"https://static.www.nfl.com/image/private/f_auto,q_auto/league/hnkflpl5pzbfbdvtcv1c",2023,REG,NYJ,8,0,0,0,0,0,0,0,0,0,0,0,0,,,0,,0,0,0,0,0,0,,0,8,12,58,1,0,0,64,33,5,-3.38903699922957,0,0.90625,0.0213143872113677,0.016,0.0431715808170515,0,2,0,0,0,0,0,0,0,0,0,0,0,0,0,0,0,0,0,0,0,0,2,20,0,0,0,0,0,0,0,0,,,0,0,0,0,0,0,0,0,0,0,0,0,,,,0,0,0,0,0,0,0,,0,0,0,0,,11.8,19.8
00-0032141,G.Swaim,Geoff Swaim,TE,TE,"https://static.www.nfl.com/image/upload/f_auto,q_auto/league/kecuhwgbqvlqt6gb0dz6",2023,REG,ARI,8,0,0,0,0,0,0,0,0,0,0,0,0,,,0,,0,0,0,0,0,0,,0,10,11,94,0,0,0,60,30,4,6.6409618902544,0,1.56666666666667,0.0203703703703704,0.0143334925943622,0.0405890003716091,0,1,0,0,0,0,0,0,0,0,0,0,0,0,0,0,0,0,0,0,0,0,1,0,0,0,0,0,0,0,0,0,,,0,0,0,0,0,0,0,0,0,0,0,0,,,,0,0,0,0,0,0,0,,0,0,0,0,,9.4,19.4
00-0032144,M.Gordon,Melvin Gordon,RB,RB,"https://static.www.nfl.com/image/private/f_auto,q_auto/league/i4g8x7yotpgszlyanow0",2023,REG,BAL,4,0,0,0,0,0,0,0,0,0,0,0,0,,,0,,26,81,1,1,1,4,-7.11024274167721,0,3,3,46,0,0,0,18,28,3,3.14673605596181,0,2.55555555555556,0.00630252100840336,0.00440205429200293,0.0125352195170071,0,0,0,0,0,0,0,0,0,0,0,0,0,0,0,0,0,0,0,0,0,0,0,0,0,0,0,0,0,0,0,0,,,0,0,0,0,0,0,0,0,0,0,0,0,,,,0,0,0,0,0,0,0,,0,0,0,0,,16.7,19.7
00-0032145,C.Erving,Cameron Erving,G,OL,"https://static.www.nfl.com/image/upload/f_auto,q_auto/league/am4j5uzyvy1eow4ptemd",2023,REG,NO,3,0,0,0,0,0,0,0,0,0,0,0,0,,,0,,0,0,0,0,0,0,,0,0,0,0,0,0,0,0,0,0,,0,,0,0,0,0,0,0,0,0,0,0,0,0,0,0,0,0,0,0,0,0,1,1,0,0,0,2,10,0,0,0,0,0,0,0,0,,,0,0,0,0,0,0,0,0,0,0,0,0,,,,0,0,0,0,0,0,0,,0,0,0,0,,0,0
00-0032146,B.Dupree,Bud Dupree,OLB,LB,"https://static.www.nfl.com/image/upload/f_auto,q_auto/league/unn7gcyciu20lmm1bvpn",2023,REG,ATL,16,0,0,0,0,0,0,0,0,0,0,0,0,,,0,,0,0,0,0,0,0,,0,0,0,0,0,0,0,0,0,0,,0,,0,0,0,0,12,5,22,4,13,2,6.5,28.5,8,0,0,3,0,0,0,0,0,0,0,0,0,0,0,0,0,0,0,0,0,0,0,,,0,0,0,0,0,0,0,0,0,0,0,0,,,,0,0,0,0,0,0,0,,0,0,0,0,,0,0
00-0032150,S.Nelson,Steven Nelson,CB,DB,"https://static.www.nfl.com/image/private/f_auto,q_auto/league/qaocvlmmgdkkubtkxqrt",2023,REG,HOU,17,0,0,0,0,0,0,0,0,0,0,0,0,,,0,,0,0,0,0,0,0,,0,0,0,0,0,0,0,0,0,0,,0,,0,0,0,0,45,3,15,0,0,0,0,0,0,4,33,12,0,0,0,0,0,0,0,0,0,3,36,0,0,0,0,0,0,0,0,,,0,0,0,0,0,0,0,0,0,0,0,0,,,,0,0,0,0,0,0,0,,0,0,0,0,,0,0
00-0032151,J.Feliciano,Jon Feliciano,G,OL,"https://static.www.nfl.com/image/upload/f_auto,q_auto/league/mfsf1zkh4exfukfvuwuh",2023,REG,SF,3,0,0,0,0,0,0,0,0,0,0,0,0,,,0,,0,0,0,0,0,0,,0,0,0,0,0,0,0,0,0,0,,0,,0,0,0,0,0,1,0,0,0,0,0,0,0,0,0,0,0,0,0,0,0,0,0,0,0,2,10,0,0,0,0,0,0,0,0,,,0,0,0,0,0,0,0,0,0,0,0,0,,,,0,0,0,0,0,0,0,,0,0,0,0,,0,0
00-0032156,T.Siemian,Trevor Siemian,QB,QB,"https://static.www.nfl.com/image/private/f_auto,q_auto/league/vmksfbms9zefxezf39sb",2023,REG,NYJ,5,86,153,724,2,4,8,-40,4,2,814,471,35,-54.5947052367237,-8.92819704280959,0,0.889434889434889,11,40,0,1,1,7,-7.30983807716984,0,0,0,0,0,0,0,0,0,0,,0,,0,0,0,0,0,0,0,0,0,0,0,0,0,0,0,0,0,0,0,0,1,2,0,0,0,2,35,0,0,0,0,0,0,0,0,,,0,0,0,0,0,0,0,0,0,0,0,0,,,,0,0,0,0,0,0,0,,0,0,0,0,,26.96,26.96
00-0032162,T.McGill,T.Y. McGill,DT,DL,"https://static.www.nfl.com/image/upload/f_auto,q_auto/league/v1rav6esnezg5ggbkwoz",2023,REG,SF,2,0,0,0,0,0,0,0,0,0,0,0,0,,,0,,0,0,0,0,0,0,,0,0,0,0,0,0,0,0,0,0,,0,,0,0,0,0,1,0,1,0,0,1,0,0,1,0,0,0,0,0,0,0,0,0,0,0,0,0,0,0,0,0,0,0,0,0,0,,,0,0,0,0,0,0,0,0,0,0,0,0,,,,0,0,0,0,0,0,0,,0,0,0,0,,0,0
00-0032164,A.Armstead,Arik Armstead,DT,DL,"https://static.www.nfl.com/image/upload/f_auto,q_auto/league/z6e5xcslnlyaz2egeke3",2023,REG,SF,12,0,0,0,0,0,0,0,0,0,0,0,0,,,0,,0,0,0,0,0,0,,0,0,0,0,0,0,0,0,0,0,,0,,0,0,0,0,12,3,12,4,24,0,5,37,13,0,0,0,0,0,0,0,0,0,0,0,0,2,10,0,0,0,0,0,0,0,0,,,0,0,0,0,0,0,0,0,0,0,0,0,,,,0,0,0,0,0,0,0,,0,0,0,0,,0,0
00-0032165,M.Peters,Marcus Peters,CB,DB,"https://static.www.nfl.com/image/upload/f_auto,q_auto/league/wnn5zpsvkdzzzmotmf98",2023,REG,LV,10,0,0,0,0,0,0,0,0,0,0,0,0,,,0,,0,0,0,0,0,0,,0,0,0,0,0,0,0,0,0,0,,0,,0,0,0,0,26,2,15,1,4,0,0,0,0,1,75,5,1,0,0,0,0,0,0,0,0,3,13,0,0,0,0,0,0,0,0,,,0,0,0,0,0,0,0,0,0,0,0,0,,,,0,0,0,0,0,0,0,,0,0,0,0,,0,0
00-0032195,R.Darby,Ronald Darby,CB,DB,"https://static.www.nfl.com/image/upload/f_auto,q_auto/league/dn0kn2aw6crrzvsjiuvl",2023,REG,BAL,11,0,0,0,0,0,0,0,0,0,0,0,0,,,0,,0,0,0,0,0,0,,0,0,0,0,0,0,0,0,0,0,,0,,0,0,0,0,20,4,4,0,0,0,0,0,0,0,0,7,0,0,0,0,0,0,0,0,0,1,5,0,0,0,0,0,0,0,0,,,0,0,0,0,0,0,0,0,0,0,0,0,,,,0,0,0,0,0,0,0,,0,0,0,0,,0,0
00-0032197,R.Gregory,Randy Gregory,LB,LB,"https://static.www.nfl.com/image/private/f_auto,q_auto/league/ntzrq0dmsyep6qjsdrjp",2023,REG,SF,13,0,0,0,0,0,0,0,0,0,0,0,0,,,0,,0,0,0,0,0,0,,0,0,0,0,0,0,0,0,0,0,,0,,0,0,0,0,11,3,6,4,24,0,3.5,23,10,0,0,1,0,0,0,0,0,0,0,0,0,3,16,0,0,0,0,0,0,0,0,,,0,0,0,0,0,0,0,0,0,0,0,0,,,,0,0,0,0,0,0,0,,0,0,0,0,,0,0
00-0032200,T.Montgomery,Ty Montgomery,WR,WR,"https://static.www.nfl.com/image/private/f_auto,q_auto/league/eagn4fvhnc9cp3wxeqoz",2023,REG,NE,11,0,0,0,0,0,0,0,0,0,0,0,0,,,0,,3,9,0,0,0,0,-0.309810214443132,0,5,12,40,0,0,0,90,27,3,-8.51542696508113,0,0.444444444444444,0.022181146025878,0.02197265625,0.048652578413817,0,7,0,1,0,0,0,0,0,0,0,0,0,0,0,0,0,0,0,0,0,0,1,5,0,0,9,219,0,0,0,0,,,0,0,0,0,0,0,0,0,0,0,0,0,,,,0,0,0,0,0,0,0,,0,0,0,0,,4.9,9.9
00-0032203,A.Peat,Andrus Peat,G,OL,"https://static.www.nfl.com/image/upload/f_auto,q_auto/league/wlkqieesn85nhevcqcqe",2023,REG,NO,4,0,0,0,0,0,0,0,0,0,0,0,0,,,0,,0,0,0,0,0,0,,0,0,0,0,0,0,0,0,0,0,,0,,0,0,0,0,0,0,0,0,0,0,0,0,0,0,0,0,0,0,0,0,0,0,0,0,0,5,40,0,0,0,0,0,0,0,0,,,0,0,0,0,0,0,0,0,0,0,0,0,,,,0,0,0,0,0,0,0,,0,0,0,0,,0,0
00-0032208,P.Dorsett,Phillip Dorsett,WR,WR,"https://static.www.nfl.com/image/upload/f_auto,q_auto/league/zkmdppfkcxqn5iwlcsyy",2023,REG,DEN,2,0,0,0,0,0,0,0,0,0,0,0,0,,,0,,0,0,0,0,0,0,,0,0,3,0,0,0,0,78,0,0,-1.74880154198036,0,0,0.00628930817610063,0.0207778369738945,0.0239784481458771,0,0,0,0,0,0,0,0,0,0,0,0,0,0,0,0,0,0,0,0,0,0,0,0,0,0,0,0,0,0,0,0,,,0,0,0,0,0,0,0,0,0,0,0,0,,,,0,0,0,0,0,0,0,,0,0,0,0,,0,0
00-0032210,F.Clark,Frank Clark,LB,LB,"https://static.www.nfl.com/image/upload/f_auto,q_auto/league/imq9tljiopwvcfrsxwbh",2023,REG,SEA,6,0,0,0,0,0,0,0,0,0,0,0,0,,,0,,0,0,0,0,0,0,,0,0,0,0,0,0,0,0,0,0,,0,,0,0,0,0,4,0,4,0,0,0,0,0,0,0,0,0,0,0,0,0,0,0,0,0,0,1,5,0,0,0,0,0,0,0,0,,,0,0,0,0,0,0,0,0,0,0,0,0,,,,0,0,0,0,0,0,0,,0,0,0,0,,0,0
00-0032211,T.Lockett,Tyler Lockett,WR,WR,"https://static.www.nfl.com/image/upload/f_auto,q_auto/league/gyhvviyep9iigeaobxmi",2023,REG,SEA,17,0,0,0,0,0,0,0,0,0,0,0,0,,,0,,0,0,0,0,0,0,,0,79,122,894,5,0,0,1322,210,47,41.2823191702634,2,0.67624810892587,0.223034734917733,0.320795923319583,0.559109248700308,0,3,0,0,0,0,0,0,0,0,0,0,0,0,0,0,0,0,0,0,0,0,0,0,0,0,0,0,0,0,0,0,,,0,0,0,0,0,0,0,0,0,0,0,0,,,,0,0,0,0,0,0,0,,0,0,0,0,,123.4,202.4
00-0032214,T.Kroft,Tyler Kroft,TE,TE,"https://static.www.nfl.com/image/private/f_auto,q_auto/league/ztko1uhl01ebiutefibj",2023,REG,MIA,1,0,0,0,0,0,0,0,0,0,0,0,0,,,0,,0,0,0,0,0,0,,0,0,0,0,0,0,0,0,0,0,,0,,0,0,0,0,0,0,0,0,0,0,0,0,0,0,0,0,0,0,0,0,0,0,0,0,0,1,10,0,0,0,0,0,0,0,0,,,0,0,0,0,0,0,0,0,0,0,0,0,,,,0,0,0,0,0,0,0,,0,0,0,0,,0,0
00-0032217,D.Smith,Donovan Smith,OT,OL,"https://static.www.nfl.com/image/private/f_auto,q_auto/league/iivzp0ofngoslzvvb46q",2023,REG,KC,4,0,0,0,0,0,0,0,0,0,0,0,0,,,0,,0,0,0,0,0,0,,0,1,1,0,0,0,0,0,0,0,-1.63936965493485,0,,0.00166944908180301,0,0.00250417362270451,0,0,0,0,0,0,0,0,0,0,0,0,0,0,0,0,0,0,0,0,0,0,4,35,0,0,0,0,0,0,0,0,,,0,0,0,0,0,0,0,0,0,0,0,0,,,,0,0,0,0,0,0,0,,0,0,0,0,,0,1
00-0032222,D.Humphries,D.J. Humphries,OT,OL,"https://static.www.nfl.com/image/upload/f_auto,q_auto/league/ruiab6fqdaerscb2qnkz",2023,REG,ARI,7,0,0,0,0,0,0,0,0,0,0,0,0,,,0,,0,0,0,0,0,0,,0,0,0,0,0,0,0,0,0,0,,0,,0,0,0,0,1,0,0,0,0,0,0,0,0,0,0,0,0,0,0,0,0,0,0,0,0,9,70,0,0,0,0,0,0,0,0,,,0,0,0,0,0,0,0,0,0,0,0,0,,,,0,0,0,0,0,0,0,,0,0,0,0,,0,0
00-0032228,J.Cardona,Joe Cardona,LS,SPEC,"https://static.www.nfl.com/image/upload/f_auto,q_auto/league/cs3qvfnrrxiubflqqw2i",2023,REG,NE,4,0,0,0,0,0,0,0,0,0,0,0,0,,,0,,0,0,0,0,0,0,,0,0,0,0,0,0,0,0,0,0,,0,,0,0,0,0,1,0,0,0,0,0,0,0,0,0,0,0,0,0,0,0,0,0,0,0,0,2,15,0,0,0,0,0,0,0,0,,,0,0,0,0,0,0,0,0,0,0,0,0,,,,0,0,0,0,0,0,0,,0,0,0,0,,0,0
00-0032234,L.Tomlinson,Laken Tomlinson,G,OL,"https://static.www.nfl.com/image/upload/f_auto,q_auto/league/thhrfc9q38r0m1qvfctv",2023,REG,NYJ,7,0,0,0,0,0,0,0,0,0,0,0,0,,,0,,0,0,0,0,0,0,,0,0,0,0,0,0,0,0,0,0,,0,,0,0,0,0,2,0,0,0,0,0,0,0,0,0,0,0,0,0,0,0,2,2,0,0,0,4,30,0,0,0,0,0,0,0,0,,,0,0,0,0,0,0,0,0,0,0,0,0,,,,0,0,0,0,0,0,0,,0,0,0,0,,0,0
00-0032242,R.Havenstein,Rob Havenstein,OT,OL,"https://static.www.nfl.com/image/upload/f_auto,q_auto/league/cqsicmerjhzvzpnz77fz",2023,REG,LA,2,0,0,0,0,0,0,0,0,0,0,0,0,,,0,,0,0,0,0,0,0,,0,0,0,0,0,0,0,0,0,0,,0,,0,0,0,0,0,0,0,0,0,0,0,0,0,0,0,0,0,0,0,0,0,0,0,0,0,2,15,0,0,0,0,0,0,0,0,,,0,0,0,0,0,0,0,0,0,0,0,0,,,,0,0,0,0,0,0,0,,0,0,0,0,,0,0
00-0032265,M.Edwards,Mario Edwards,DT,DL,"https://static.www.nfl.com/image/upload/f_auto,q_auto/league/cia50revbealvw5biusr",2023,REG,SEA,11,0,0,0,0,0,0,0,0,0,0,0,0,,,0,,0,0,0,0,0,0,,0,0,0,0,0,0,0,0,0,0,,0,,0,0,0,0,12,3,6,5,15,1,2,16,6,0,0,1,0,0,0,0,0,0,0,0,0,3,31,0,0,0,0,0,0,0,0,,,0,0,0,0,0,0,0,0,0,0,0,0,,,,0,0,0,0,0,0,0,,0,0,0,0,,0,0
00-0032268,M.Mariota,Marcus Mariota,QB,QB,"https://static.www.nfl.com/image/upload/f_auto,q_auto/league/b9ribxqudeehvmjlw0va",2023,REG,PHI,2,15,23,164,1,1,3,-11,1,1,178,72,10,-5.11009586436431,-0.410362559816112,0,0.921348314606742,8,52,0,0,0,6,5.67509956477443,0,0,0,0,0,0,0,0,0,0,,0,,0,0,0,0,0,0,0,0,0,0,0,0,0,0,0,0,0,0,0,0,0,0,0,0,0,0,0,0,0,0,0,0,0,0,0,,,0,0,0,0,0,0,0,0,0,0,0,0,,,,0,0,0,0,0,0,0,,0,0,0,0,,11.76,11.76
00-0032366,T.Matakevich,Tyler Matakevich,ILB,LB,"https://static.www.nfl.com/image/upload/f_auto,q_auto/league/ug86kkpgmc0c9ntyp5qb",2023,REG,BUF,5,0,0,0,0,0,0,0,0,0,0,0,0,,,0,,0,0,0,0,0,0,,0,0,0,0,0,0,0,0,0,0,,0,,0,0,0,0,3,1,3,0,0,0,0,0,0,0,0,0,0,0,0,0,0,0,0,0,0,0,0,0,0,0,0,0,0,0,0,,,0,0,0,0,0,0,0,0,0,0,0,0,,,,0,0,0,0,0,0,0,,0,0,0,0,,0,0
00-0032378,D.Buckner,DeForest Buckner,DT,DL,"https://static.www.nfl.com/image/upload/f_auto,q_auto/league/mtyogyexnz2ik3fbs3am",2023,REG,IND,17,0,0,0,0,0,0,0,0,0,0,0,0,,,0,,0,0,0,0,0,0,,0,0,0,0,0,0,0,0,0,0,,0,,0,0,0,0,35,10,36,10,54,2,8,48,21,0,0,7,0,0,0,0,0,0,1,1,1,5,35,0,0,0,0,0,0,0,0,,,0,0,0,0,0,0,0,0,0,0,0,0,,,,0,0,0,0,0,0,0,,0,0,0,0,,0,0
00-0032379,E.Apple,Eli Apple,CB,DB,"https://static.www.nfl.com/image/upload/f_auto,q_auto/league/szrv0msliekcbdfulpzb",2023,REG,MIA,9,0,0,0,0,0,0,0,0,0,0,0,0,,,0,,0,0,0,0,0,0,,0,0,0,0,0,0,0,0,0,0,,0,,0,0,0,0,33,4,9,0,0,0,0.5,0,1,1,8,9,0,0,0,0,0,0,0,0,0,4,26,0,0,0,0,0,0,0,0,,,0,0,0,0,0,0,0,0,0,0,0,0,,,,0,0,0,0,0,0,0,,0,0,0,0,,0,0
00-0032380,L.Tunsil,Laremy Tunsil,OT,OL,"https://static.www.nfl.com/image/upload/f_auto,q_auto/league/ewy0qnfl6956hfatqszj",2023,REG,HOU,6,0,0,0,0,0,0,0,0,0,0,0,0,,,0,,0,0,0,0,0,0,,0,0,0,0,0,0,0,0,0,0,,0,,0,0,0,0,0,0,0,0,0,0,0,0,0,0,0,0,0,0,0,0,0,0,0,0,0,9,49,0,0,0,0,0,0,0,0,,,0,0,0,0,0,0,0,0,0,0,0,0,,,,0,0,0,0,0,0,0,,0,0,0,0,,0,0
00-0032381,T.Decker,Taylor Decker,OT,OL,"https://static.www.nfl.com/image/upload/f_auto,q_auto/league/j0gbwayifwek9ggoraqm",2023,REG,DET,6,0,0,0,0,0,0,0,0,0,0,0,0,,,0,,0,0,0,0,0,0,,0,0,0,0,0,0,0,0,0,0,,0,,0,0,0,0,0,0,0,0,0,0,0,0,0,0,0,0,0,0,0,0,0,0,0,0,0,6,45,0,0,0,0,0,0,0,0,,,0,0,0,0,0,0,0,0,0,0,0,0,,,,0,0,0,0,0,0,0,,0,0,0,0,,0,0
00-0032382,K.Neal,Keanu Neal,S,DB,"https://static.www.nfl.com/image/private/f_auto,q_auto/league/zz77nplqxb4kvkzionja",2023,REG,PIT,9,0,0,0,0,0,0,0,0,0,0,0,0,,,0,,0,0,0,0,0,0,,0,0,0,0,0,0,0,0,0,0,,0,,0,0,0,0,28,5,17,1,5,0,0,0,0,1,32,2,0,0,0,0,0,0,1,1,0,1,15,0,0,0,0,0,0,0,0,,,0,0,0,0,0,0,0,0,0,0,0,0,,,,0,0,0,0,0,0,0,,0,0,0,0,,0,0
00-0032383,R.Kelly,Ryan Kelly,C,OL,"https://static.www.nfl.com/image/upload/f_auto,q_auto/league/owzvmhrfz5lfh2rcalxd",2023,REG,IND,2,0,0,0,0,0,0,0,0,0,0,0,0,,,0,,0,0,0,0,0,0,,0,0,0,0,0,0,0,0,0,0,,0,,0,0,0,0,1,0,0,0,0,0,0,0,0,0,0,0,0,0,0,0,0,0,0,0,0,1,10,0,0,0,0,0,0,0,0,,,0,0,0,0,0,0,0,0,0,0,0,0,,,,0,0,0,0,0,0,0,,0,0,0,0,,0,0
00-0032385,S.Shepard,Sterling Shepard,WR,WR,"https://static.www.nfl.com/image/upload/f_auto,q_auto/league/l47czwi8aaznnit0se5h",2023,REG,NYG,10,0,0,0,0,0,0,0,0,0,0,0,0,,,0,,1,6,0,0,0,0,0.484871156775625,0,10,22,57,1,0,0,160,33,4,-11.1380276668125,0,0.35625,0.045360824742268,0.0422609614368727,0.0976239101192129,0,1,0,0,0,0,0,0,0,0,0,0,0,0,1,0,0,0,0,0,0,0,0,0,3,10,0,0,0,0,0,0,,,0,0,0,0,0,0,0,0,0,0,0,0,,,,0,0,0,0,0,0,0,,0,0,0,0,,12.3,22.3
00-0032387,Ja.Reed,Jarran Reed,DT,DL,"https://static.www.nfl.com/image/upload/f_auto,q_auto/league/td7umxhgwkswls8rutk0",2023,REG,SEA,16,0,0,0,0,0,0,0,0,0,0,0,0,,,0,,0,0,0,0,0,0,,0,0,0,0,0,0,0,0,0,0,,0,,0,0,0,0,24,3,27,7,42,1,7,46,12,0,0,2,0,0,0,0,0,0,1,1,0,3,14,0,0,0,0,0,0,0,0,,,0,0,0,0,0,0,0,0,0,0,0,0,,,,0,0,0,0,0,0,0,,0,0,0,0,,0,0
00-0032388,D.Jones,Deion Jones,LB,LB,"https://static.www.nfl.com/image/upload/f_auto,q_auto/league/fpmevebnsvfm07e7xhcu",2023,REG,CAR,12,0,0,0,0,0,0,0,0,0,0,0,0,,,0,,0,0,0,0,0,0,,0,0,0,0,0,0,0,0,0,0,,0,,0,0,0,0,17,5,13,3,16,0,1,8,1,1,0,6,0,0,0,0,0,0,0,0,0,2,22,0,0,0,0,0,0,0,0,,,0,0,0,0,0,0,0,0,0,0,0,0,,,,0,0,0,0,0,0,0,,0,0,0,0,,0,0
00-0032391,J.Thuney,Joe Thuney,G,OL,"https://static.www.nfl.com/image/upload/f_auto,q_auto/league/fstgjypwv8bcpfaae5mi",2023,REG,KC,3,0,0,0,0,0,0,0,0,0,0,0,0,,,0,,0,0,0,0,0,0,,0,0,0,0,0,0,0,0,0,0,,0,,0,0,0,0,1,0,0,0,0,0,0,0,0,0,0,0,0,0,0,0,0,0,0,0,0,2,15,0,0,0,0,0,0,0,0,,,0,0,0,0,0,0,0,0,0,0,0,0,,,,0,0,0,0,0,0,0,,0,0,0,0,,0,0
00-0032392,A.Hooper,Austin Hooper,TE,TE,"https://static.www.nfl.com/image/upload/f_auto,q_auto/league/gfvav2gybtr174ckovpk",2023,REG,LV,16,0,0,0,0,0,0,0,0,0,0,0,0,,,0,,0,0,0,0,0,0,,0,25,31,234,0,0,0,130,142,12,10.4126193930716,0,1.8,0.0583804143126177,0.0303667367437515,0.108827337189553,0,1,0,0,0,0,0,0,0,0,0,0,0,0,0,0,0,0,0,0,0,0,1,10,0,0,0,0,0,0,0,0,,,0,0,0,0,0,0,0,0,0,0,0,0,,,,0,0,0,0,0,0,0,,0,0,0,0,,23.4,48.4
00-0032394,N.Vannett,Nick Vannett,TE,TE,"https://static.www.nfl.com/image/upload/f_auto,q_auto/league/srrlkx2mydsb8gfco6fp",2023,REG,LAC,1,0,0,0,0,0,0,0,0,0,0,0,0,,,0,,0,0,0,0,0,0,,0,1,1,3,0,0,0,3,0,1,0.170080132782459,0,1,0.00162866449511401,0.00063384745404606,0.00288668996050325,0,0,0,0,0,0,0,0,0,0,0,0,0,0,0,0,0,0,0,0,0,0,0,0,0,0,0,0,0,0,0,0,,,0,0,0,0,0,0,0,0,0,0,0,0,,,,0,0,0,0,0,0,0,,0,0,0,0,,0.3,1.3
00-0032395,G.Glasgow,Graham Glasgow,C,OL,"https://static.www.nfl.com/image/upload/f_auto,q_auto/league/mgmeks8iieefdbtk2zob",2023,REG,DET,4,0,0,0,0,0,0,0,0,0,0,0,0,,,0,,0,0,0,0,0,0,,0,0,0,0,0,0,0,0,0,0,,0,,0,0,0,0,0,0,0,0,0,0,0,0,0,0,0,0,0,0,0,0,0,0,0,0,0,4,35,0,0,0,0,0,0,0,0,,,0,0,0,0,0,0,0,0,0,0,0,0,,,,0,0,0,0,0,0,0,,0,0,0,0,,0,0
00-0032398,C.Moore,Chris Moore,WR,WR,"https://static.www.nfl.com/image/upload/f_auto,q_auto/league/o0s29hnpztyxqotqdx8h",2023,REG,TEN,15,0,0,0,0,0,0,0,0,0,0,0,0,,,0,,2,39,0,0,0,1,2.09161901893094,0,22,35,424,0,1,0,641,57,16,18.2691164102726,0,0.661466458658346,0.0732217573221757,0.140293280805428,0.208037932547063,0,2,0,1,0,0,1,0,0,0,0,0,0,0,0,0,0,0,0,0,0,0,0,0,0,0,4,89,0,0,0,0,,,0,0,0,0,0,0,0,0,0,0,0,0,,,,0,0,0,0,0,0,0,,0,0,0,0,,46.3,68.3
00-0032399,M.Killebrew,Miles Killebrew,SAF,DB,"https://static.www.nfl.com/image/upload/f_auto,q_auto/league/f9p5bqqqb38i6kgvqzms",2023,REG,PIT,12,0,0,0,0,0,0,0,0,0,0,0,0,,,0,,0,0,0,0,0,0,,0,0,0,0,0,0,0,0,0,0,,0,,0,0,0,0,20,1,5,1,1,0,0,0,1,0,0,0,0,0,1,0,0,0,0,0,0,3,40,0,0,0,0,0,0,0,0,,,0,0,0,0,0,0,0,0,0,0,0,0,,,,0,0,0,0,0,0,0,,0,0,0,0,,0,0
00-0032401,D.Campbell,De'Vondre Campbell,OLB,LB,"https://static.www.nfl.com/image/upload/f_auto,q_auto/league/wctve53etxcg6hx9o9cr",2023,REG,GB,11,0,0,0,0,0,0,0,0,0,0,0,0,,,0,,0,0,0,0,0,0,,0,0,0,0,0,0,0,0,0,0,,0,,0,0,0,0,35,11,29,1,2,0,0,0,2,0,0,1,0,0,0,0,0,0,1,1,0,1,15,0,0,0,0,0,0,0,0,,,0,0,0,0,0,0,0,0,0,0,0,0,,,,0,0,0,0,0,0,0,,0,0,0,0,,0,0
00-0032402,H.Ridgeway,Hassan Ridgeway,DT,DL,"https://static.www.nfl.com/image/private/f_auto,q_auto/league/qwfblduq15msbj7vd0sn",2023,REG,HOU,3,0,0,0,0,0,0,0,0,0,0,0,0,,,0,,0,0,0,0,0,0,,0,0,0,0,0,0,0,0,0,0,,0,,0,0,0,0,1,0,5,0,0,0,0,0,0,0,0,0,0,0,0,0,0,0,0,0,0,0,0,0,0,0,0,0,0,0,0,,,0,0,0,0,0,0,0,0,0,0,0,0,,,,0,0,0,0,0,0,0,,0,0,0,0,,0,0
00-0032408,B.Martinez,Blake Martinez,ILB,LB,"https://static.www.nfl.com/image/private/f_auto,q_auto/league/cjnmypxafnr8cgfnbnvt",2023,REG,PIT,1,0,0,0,0,0,0,0,0,0,0,0,0,,,0,,0,0,0,0,0,0,,0,0,0,0,0,0,0,0,0,0,,0,,0,0,0,0,1,1,2,0,0,0,0,0,0,0,0,0,0,0,0,0,0,0,0,0,0,0,0,0,0,0,0,0,0,0,0,,,0,0,0,0,0,0,0,0,0,0,0,0,,,,0,0,0,0,0,0,0,,0,0,0,0,,0,0
00-0032412,D.Lowry,Dean Lowry,DT,DL,"https://static.www.nfl.com/image/upload/f_auto,q_auto/league/lwrt3rztaeonuykkrfh1",2023,REG,MIN,6,0,0,0,0,0,0,0,0,0,0,0,0,,,0,,0,0,0,0,0,0,,0,0,0,0,0,0,0,0,0,0,,0,,0,0,0,0,2,2,10,0,0,0,0,0,0,0,0,1,0,0,0,0,0,0,1,1,0,1,15,0,0,0,0,0,0,0,0,,,0,0,0,0,0,0,0,0,0,0,0,0,,,,0,0,0,0,0,0,0,,0,0,0,0,,0,0
00-0032415,M.Judon,Matthew Judon,OLB,LB,"https://static.www.nfl.com/image/upload/f_auto,q_auto/league/xio1oo9c8qwfrouppuvk",2023,REG,NE,4,0,0,0,0,0,0,0,0,0,0,0,0,,,0,,0,0,0,0,0,0,,0,0,0,0,0,0,0,0,0,0,,0,,0,0,0,0,10,0,3,5,27,0,4,25,9,0,0,0,0,0,1,0,0,0,0,0,0,0,0,0,0,0,0,0,0,0,0,,,0,0,0,0,0,0,0,0,0,0,0,0,,,,0,0,0,0,0,0,0,,0,0,0,0,,0,0
00-0032416,Q.Jefferson,Quinton Jefferson,DE,DL,"https://static.www.nfl.com/image/upload/f_auto,q_auto/league/ntbok1dm3de173gjcozk",2023,REG,NYJ,13,0,0,0,0,0,0,0,0,0,0,0,0,,,0,,0,0,0,0,0,0,,0,0,0,0,0,0,0,0,0,0,,0,,0,0,0,0,13,0,21,4,9,1,6,20,13,0,0,0,0,0,0,0,0,0,1,1,0,2,20,0,0,0,0,0,0,0,0,,,0,0,0,0,0,0,0,0,0,0,0,0,,,,0,0,0,0,0,0,0,,0,0,0,0,,0,0
00-0032424,D.Reader,DJ Reader,DE,DL,"https://static.www.nfl.com/image/upload/f_auto,q_auto/league/gbbbyrh2pgibo9w8ahd6",2023,REG,CIN,13,0,0,0,0,0,0,0,0,0,0,0,0,,,0,,0,0,0,0,0,0,,0,0,0,0,0,0,0,0,0,0,,0,,0,0,0,0,16,4,14,2,10,0,1,9,7,0,0,1,0,0,0,0,0,0,1,1,0,2,30,0,0,0,0,0,0,0,0,,,0,0,0,0,0,0,0,0,0,0,0,0,,,,0,0,0,0,0,0,0,,0,0,0,0,,0,0
00-0032432,W.Schweitzer,Wes Schweitzer,G,OL,"https://static.www.nfl.com/image/private/f_auto,q_auto/league/yx1jsxusuk83sjwlwrie",2023,REG,NYJ,2,0,0,0,0,0,0,0,0,0,0,0,0,,,0,,0,0,0,0,0,0,,0,0,0,0,0,0,0,0,0,0,,0,,0,0,0,0,0,0,1,0,0,0,0,0,0,0,0,0,0,0,0,0,0,0,0,0,0,1,10,0,0,0,0,0,0,0,0,,,0,0,0,0,0,0,0,0,0,0,0,0,,,,0,0,0,0,0,0,0,,0,0,0,0,,0,0
00-0032436,J.Driskel,Jeff Driskel,QB,QB,"https://static.www.nfl.com/image/upload/f_auto,q_auto/league/qvyjv4da7ya6erhqx67m",2023,REG,CLE,1,13,26,166,2,2,3,-26,0,0,232,74,8,-10.9572080454091,-10.9625328779221,0,0.71551724137931,7,33,0,0,0,4,0.475112463056576,0,0,0,0,0,0,0,0,0,0,,0,,0,0,0,0,0,0,0,0,0,0,0,0,0,0,0,0,0,0,0,0,0,0,0,0,0,0,0,0,0,0,0,0,0,0,0,,,0,0,0,0,0,0,0,0,0,0,0,0,,,,0,0,0,0,0,0,0,,0,0,0,0,,13.94,13.94
00-0032437,K.Grugier-Hill,Kamu Grugier-Hill,OLB,LB,"https://static.www.nfl.com/image/upload/f_auto,q_auto/league/sxfai8ftbojvsdl3wvem",2023,REG,CAR,16,0,0,0,0,0,0,0,0,0,0,0,0,,,0,,0,0,0,0,0,0,,0,0,0,0,0,0,0,0,0,0,,0,,0,0,0,0,24,7,25,2,17,0,1,7,1,1,31,2,0,0,0,0,0,0,0,0,0,1,5,0,0,0,0,0,0,0,0,,,0,0,0,0,0,0,0,0,0,0,0,0,,,,0,0,0,0,0,0,0,,0,0,0,0,,0,0
00-0032442,E.Roberts,Elandon Roberts,OLB,LB,"https://static.www.nfl.com/image/upload/f_auto,q_auto/league/niydmsknfdiu1zyivwso",2023,REG,PIT,16,0,0,0,0,0,0,0,0,0,0,0,0,,,0,,0,0,0,0,0,0,,0,0,0,0,0,0,0,0,0,0,,0,,0,0,0,0,58,10,33,9,31,0,2.5,19.5,6,0,0,2,0,0,0,0,0,0,0,0,0,2,20,0,0,0,0,0,0,0,0,,,0,0,0,0,0,0,0,0,0,0,0,0,,,,0,0,0,0,0,0,0,,0,0,0,0,,0,0
00-0032445,T.Karras,Ted Karras,C,OL,"https://static.www.nfl.com/image/upload/f_auto,q_auto/league/trz2xsxziqel2nertm1g",2023,REG,CIN,2,0,0,0,0,0,0,0,0,0,0,0,0,,,0,,0,0,0,0,0,0,,0,0,0,0,0,0,0,0,0,0,,0,,0,0,0,0,0,0,0,0,0,0,0,0,0,0,0,0,0,0,0,0,1,1,0,0,0,1,5,0,0,0,0,0,0,0,0,,,0,0,0,0,0,0,0,0,0,0,0,0,,,,0,0,0,0,0,0,0,,0,0,0,0,,0,0
00-0032450,D.Washington,Dwayne Washington,RB,RB,"https://static.www.nfl.com/image/private/f_auto,q_auto/league/h1nintlpbk2zyxerjpy4",2023,REG,DEN,3,0,0,0,0,0,0,0,0,0,0,0,0,,,0,,0,0,0,0,0,0,,0,0,0,0,0,0,0,0,0,0,,0,,0,0,0,0,1,0,2,0,0,0,0,0,0,0,0,0,0,0,0,0,0,0,0,0,0,1,10,0,0,0,0,0,0,0,0,,,0,0,0,0,0,0,0,0,0,0,0,0,,,,0,0,0,0,0,0,0,,0,0,0,0,,0,0
00-0032454,J.Kearse,Jayron Kearse,S,DB,"https://static.www.nfl.com/image/private/f_auto,q_auto/league/z2gtcioou83mkhnwte6w",2023,REG,DAL,16,0,0,0,0,0,0,0,0,0,0,0,0,,,0,,0,0,0,0,0,0,,0,0,0,0,0,0,0,0,0,0,,0,,0,0,0,0,41,7,24,2,6,0,1.5,6,3,1,32,4,0,0,0,0,0,0,0,0,0,6,61,0,0,0,0,0,0,0,0,,,0,0,0,0,0,0,0,0,0,0,0,0,,,,0,0,0,0,0,0,0,,0,0,0,0,,0,0
00-0032463,K.Peko,Kyle Peko,NT,DL,"https://static.www.nfl.com/image/upload/f_auto,q_auto/league/fjkxpymzwv4qn2qui5me",2023,REG,TEN,13,0,0,0,0,0,0,0,0,0,0,0,0,,,0,,0,0,0,0,0,0,,0,0,0,0,0,0,0,0,0,0,,0,,0,0,0,0,7,5,10,1,1,0,0,0,2,0,0,1,0,0,0,0,0,0,0,0,0,1,5,0,0,0,0,0,0,0,0,,,0,0,0,0,0,0,0,0,0,0,0,0,,,,0,0,0,0,0,0,0,,0,0,0,0,,0,0
00-0032464,K.Raymond,Kalif Raymond,WR,WR,"https://static.www.nfl.com/image/upload/f_auto,q_auto/league/e5z8bskwg89hqtsjwwgj",2023,REG,DET,17,0,0,0,0,0,0,0,0,0,0,0,0,,,0,,7,75,0,0,0,2,3.32727025955683,0,35,44,489,1,0,0,388,214,20,29.9419242755734,0,1.26030927835052,0.0766550522648084,0.0949583945178659,0.181453454559719,0,1,0,0,0,0,0,0,0,0,0,0,0,0,1,0,50,1,1,0,0,0,2,15,29,331,0,0,0,0,0,0,,,0,0,0,0,0,0,0,0,0,0,0,0,,,,0,0,0,0,0,0,0,,0,0,0,0,,62.4,97.4
00-0032466,G.Fant,George Fant,OT,OL,"https://static.www.nfl.com/image/upload/f_auto,q_auto/league/weyqunb0xlroc0uuydjg",2023,REG,HOU,3,0,0,0,0,0,0,0,0,0,0,0,0,,,0,,0,0,0,0,0,0,,0,0,0,0,0,0,0,0,0,0,,0,,0,0,0,0,1,0,0,0,0,0,0,0,0,0,0,0,0,0,0,0,1,1,0,0,0,3,25,0,0,0,0,0,0,0,0,,,0,0,0,0,0,0,0,0,0,0,0,0,,,,0,0,0,0,0,0,0,,0,0,0,0,,0,0
00-0032496,M.Farley,Matthias Farley,DB,DB,"https://static.www.nfl.com/image/private/f_auto,q_auto/league/yz4nj2cu0emfjudr3ofz",2023,REG,CAR,4,0,0,0,0,0,0,0,0,0,0,0,0,,,0,,0,0,0,0,0,0,,0,0,0,0,0,0,0,0,0,0,,0,,0,0,0,0,7,1,1,0,0,0,0,0,0,0,0,0,0,0,0,0,0,0,0,0,0,1,10,0,0,0,0,0,0,0,0,,,0,0,0,0,0,0,0,0,0,0,0,0,,,,0,0,0,0,0,0,0,,0,0,0,0,,0,0
00-0032497,R.Ferguson,Reid Ferguson,LS,SPEC,"https://static.www.nfl.com/image/upload/f_auto,q_auto/league/tarla9ric6f8tijjqrkz",2023,REG,BUF,2,0,0,0,0,0,0,0,0,0,0,0,0,,,0,,0,0,0,0,0,0,,0,0,0,0,0,0,0,0,0,0,,0,,0,0,0,0,2,0,1,0,0,0,0,0,0,0,0,0,0,0,0,0,0,0,0,0,0,0,0,0,0,0,0,0,0,0,0,,,0,0,0,0,0,0,0,0,0,0,0,0,,,,0,0,0,0,0,0,0,,0,0,0,0,,0,0
00-0032521,M.Hilton,Mike Hilton,CB,DB,"https://static.www.nfl.com/image/upload/f_auto,q_auto/league/uippdcskzxubvfqoqxlo",2023,REG,CIN,17,0,0,0,0,0,0,0,0,0,0,0,0,,,0,,0,0,0,0,0,0,,0,0,0,0,0,0,0,0,0,0,,0,,0,0,0,0,53,11,20,10,30,0,2,2,2,2,16,8,0,0,0,0,0,0,1,1,0,0,0,0,0,0,0,0,0,0,0,,,0,0,0,0,0,0,0,0,0,0,0,0,,,,0,0,0,0,0,0,0,,0,0,0,0,,0,0
00-0032543,A.Erickson,Alex Erickson,WR,WR,"https://static.www.nfl.com/image/private/f_auto,q_auto/league/tnd77vbkyo8srrrkaisu",2023,REG,LAC,8,0,0,0,0,0,0,0,0,0,0,0,0,,,0,,0,0,0,0,0,0,,0,16,29,232,1,0,0,295,58,12,5.39480069826823,0,0.786440677966102,0.0472312703583062,0.0623283329811959,0.114476738624296,0,0,0,0,0,0,0,0,0,0,0,0,0,0,0,0,0,1,1,0,0,0,1,0,0,0,0,0,0,0,0,0,,,0,0,0,0,0,0,0,0,0,0,0,0,,,,0,0,0,0,0,0,0,,0,0,0,0,,29.2,45.2
00-0032569,W.Lutz,Wil Lutz,K,SPEC,"https://static.www.nfl.com/image/upload/f_auto,q_auto/league/lcfurzhyjudmrwjxkgfs",2023,REG,DEN,17,0,0,0,0,0,0,0,0,0,0,0,0,,,0,,0,0,0,0,0,0,,0,0,0,0,0,0,0,0,0,0,,0,,0,0,0,0,0,0,0,0,0,0,0,0,0,0,0,0,0,0,0,-1,0,0,0,0,0,0,0,0,0,0,0,30,34,3,1,52,0.882352941176471,0,11,12,4,3,0,0,0,0,1,2,0,24;31;32;31;25;51;23;22;32;29;35;52;28;40;49;40;36;31;31;52;37;28;23;34;34;23;23;32;43;20,55;57;48,38,991,160,38,29,31,2,0,0.935483870967742,1,1,0,0,36,0,0
00-0032574,M.Pierce,Michael Pierce,DT,DL,"https://static.www.nfl.com/image/upload/f_auto,q_auto/league/k9oastt4cbi9gpksewri",2023,REG,BAL,16,0,0,0,0,0,0,0,0,0,0,0,0,,,0,,0,0,0,0,0,0,,0,0,0,0,0,0,0,0,0,0,,0,,0,0,0,0,24,0,18,2,2,1,1,22,3,0,0,2,0,0,0,0,0,0,2,2,0,1,15,0,0,0,0,0,0,0,0,,,0,0,0,0,0,0,0,0,0,0,0,0,,,,0,0,0,0,0,0,0,,0,0,0,0,,0,0
00-0032580,J.Jones,Jonathan Jones,CB,DB,"https://static.www.nfl.com/image/upload/f_auto,q_auto/league/shh2jg4hjsp0xwlnchv1",2023,REG,NE,14,0,0,0,0,0,0,0,0,0,0,0,0,,,0,,0,0,0,0,0,0,,0,0,0,0,0,0,0,0,0,0,,0,,0,0,0,0,34,6,8,0,0,0,0,0,0,0,0,7,0,0,0,0,0,0,0,0,0,0,0,0,0,0,0,0,0,0,0,,,0,0,0,0,0,0,0,0,0,0,0,0,,,,0,0,0,0,0,0,0,,0,0,0,0,,0,0
00-0032655,R.Okwara,Romeo Okwara,DE,DL,"https://static.www.nfl.com/image/private/f_auto,q_auto/league/rkasbg8asew3pyozpkcu",2023,REG,DET,9,0,0,0,0,0,0,0,0,0,0,0,0,,,0,,0,0,0,0,0,0,,0,0,0,0,0,0,0,0,0,0,,0,,0,0,0,0,3,0,6,1,8,1,2,20,5,0,0,2,0,0,0,0,0,0,0,0,0,0,0,0,0,0,0,0,0,0,0,,,0,0,0,0,0,0,0,0,0,0,0,0,,,,0,0,0,0,0,0,0,,0,0,0,0,,0,0
00-0032667,R.Robertson-Harris,Roy Robertson-Harris,DE,DL,"https://static.www.nfl.com/image/upload/f_auto,q_auto/league/lu3nlgnkltamn4jtdbtg",2023,REG,JAX,17,0,0,0,0,0,0,0,0,0,0,0,0,,,0,,0,0,0,0,0,0,,0,0,0,0,0,0,0,0,0,0,,0,,0,0,0,0,12,4,18,3,22,0,3.5,26.5,11,0,0,1,0,0,0,0,0,0,0,0,0,1,15,0,0,0,0,0,0,0,0,,,0,0,0,0,0,0,0,0,0,0,0,0,,,,0,0,0,0,0,0,0,,0,0,0,0,,0,0
00-0032671,M.Fox,Morgan Fox,DE,DL,"https://static.www.nfl.com/image/upload/f_auto,q_auto/league/xq3ab5fr6dyyqc5ncjhq",2023,REG,LAC,11,0,0,0,0,0,0,0,0,0,0,0,0,,,0,,0,0,0,0,0,0,,0,0,0,0,0,0,0,0,0,0,,0,,0,0,0,0,7,4,4,5,32,0,5.5,36,10,0,0,0,0,0,0,0,0,0,0,0,0,1,5,0,0,0,0,0,0,0,0,,,0,0,0,0,0,0,0,0,0,0,0,0,,,,0,0,0,0,0,0,0,,0,0,0,0,,0,0
00-0032677,C.Littleton,Cory Littleton,ILB,LB,"https://static.www.nfl.com/image/private/f_auto,q_auto/league/co7mjepkzseqkecrhqz3",2023,REG,HOU,1,0,0,0,0,0,0,0,0,0,0,0,0,,,0,,0,0,0,0,0,0,,0,0,0,0,0,0,0,0,0,0,,0,,0,0,0,0,0,0,1,0,0,0,0,0,0,0,0,0,0,0,0,0,0,0,0,0,0,0,0,0,0,0,0,0,0,0,0,,,0,0,0,0,0,0,0,0,0,0,0,0,,,,0,0,0,0,0,0,0,,0,0,0,0,,0,0
00-0032688,R.Chosen,Robbie Chosen,WR,WR,"https://static.www.nfl.com/image/upload/f_auto,q_auto/league/kz2hbymqgrobo1uynciv",2023,REG,MIA,6,0,0,0,0,0,0,0,0,0,0,0,0,,,0,,0,0,0,0,0,0,,0,4,6,126,1,0,0,141,31,3,2.15325949370163,0,0.893617021276596,0.0109289617486339,0.0327450069670228,0.0393149474998668,0,0,0,0,0,0,0,0,0,0,0,0,0,0,0,0,0,0,0,0,0,0,1,5,0,0,0,0,0,0,0,0,,,0,0,0,0,0,0,0,0,0,0,0,0,,,,0,0,0,0,0,0,0,,0,0,0,0,,18.6,22.6
00-0032701,J.Brendel,Jake Brendel,C,OL,"https://static.www.nfl.com/image/upload/f_auto,q_auto/league/fw1g79qwk1gbhmdjvhfv",2023,REG,SF,2,0,0,0,0,0,0,0,0,0,0,0,0,,,0,,0,0,0,0,0,0,,0,0,0,0,0,0,0,0,0,0,,0,,0,0,0,0,1,0,0,0,0,0,0,0,0,0,0,0,0,0,0,0,0,0,0,0,0,1,5,0,0,0,0,0,0,0,0,,,0,0,0,0,0,0,0,0,0,0,0,0,,,,0,0,0,0,0,0,0,,0,0,0,0,,0,0
00-0032725,S.Anderson,Stephen Anderson,TE,TE,"https://static.www.nfl.com/image/private/f_auto,q_auto/league/inufsxftnotmpeot1lh2",2023,REG,LAC,1,0,0,0,0,0,0,0,0,0,0,0,0,,,0,,0,0,0,0,0,0,,0,0,0,0,0,0,0,0,0,0,,0,,0,0,0,0,0,0,1,0,0,0,0,0,0,0,0,0,0,0,0,0,0,0,0,0,0,0,0,0,0,0,0,0,0,0,0,,,0,0,0,0,0,0,0,0,0,0,0,0,,,,0,0,0,0,0,0,0,,0,0,0,0,,0,0
00-0032726,K.Fairbairn,Ka'imi Fairbairn,K,SPEC,"https://static.www.nfl.com/image/upload/f_auto,q_auto/league/nbrs7doetqydf2rzhjjl",2023,REG,HOU,12,0,0,0,0,0,0,0,0,0,0,0,0,,,0,,0,0,0,0,0,0,,0,0,0,0,0,0,0,0,0,0,,0,,0,0,0,0,2,0,0,0,0,0,0,0,0,0,0,0,0,0,0,0,0,0,0,0,0,0,0,0,0,0,0,27,28,1,0,54,0.964285714285714,0,10,10,2,5,0,0,0,0,0,1,0,35;38;36;29;36;28;26;33;36;38;39;38;43;28;42;24;22;50;23;27;53;54;28;38;27;51;51,51,,973,51,0,21,22,1,0,0.954545454545455,1,1,0,0,54,0,0
00-0032753,L.Rhodes,Luke Rhodes,LS,SPEC,"https://static.www.nfl.com/image/upload/f_auto,q_auto/league/q0ip1kc9iwwveiuefq1x",2023,REG,IND,2,0,0,0,0,0,0,0,0,0,0,0,0,,,0,,0,0,0,0,0,0,,0,0,0,0,0,0,0,0,0,0,,0,,0,0,0,0,1,0,2,0,0,0,0,0,0,0,0,0,0,0,0,0,0,0,0,0,0,0,0,0,0,0,0,0,0,0,0,,,0,0,0,0,0,0,0,0,0,0,0,0,,,,0,0,0,0,0,0,0,,0,0,0,0,,0,0
00-0032759,S.Rankins,Sheldon Rankins,DT,DL,"https://static.www.nfl.com/image/upload/f_auto,q_auto/league/ec78oc2cpukwczkzhyrw",2023,REG,HOU,12,0,0,0,0,0,0,0,0,0,0,0,0,,,0,,0,0,0,0,0,0,,0,0,0,0,0,0,0,0,0,0,,0,,0,0,0,0,22,7,8,7,42,1,6,54,10,0,0,0,0,0,0,0,0,0,1,1,1,0,0,0,0,0,0,0,0,0,0,,,0,0,0,0,0,0,0,0,0,0,0,0,,,,0,0,0,0,0,0,0,,0,0,0,0,,0,0
00-0032762,C.Jones,Chris Jones,DE,DL,"https://static.www.nfl.com/image/upload/f_auto,q_auto/league/yrka1thykkvkfo4ixrxc",2023,REG,KC,16,0,0,0,0,0,0,0,0,0,0,0,0,,,0,,0,0,0,0,0,0,,0,0,0,0,0,0,0,0,0,0,,0,,0,0,0,0,19,1,10,13,75,0,10.5,71.5,29,0,0,4,0,0,0,0,0,0,0,0,0,4,29,0,0,0,0,0,0,0,0,,,0,0,0,0,0,0,0,0,0,0,0,0,,,,0,0,0,0,0,0,0,,0,0,0,0,,0,0
00-0032763,A.Johnson,Austin Johnson,NT,DL,"https://static.www.nfl.com/image/upload/f_auto,q_auto/league/wmwnpt1s8wxxztkkqd0z",2023,REG,LAC,17,0,0,0,0,0,0,0,0,0,0,0,0,,,0,,0,0,0,0,0,0,,0,0,0,0,0,0,0,0,0,0,,0,,0,0,0,0,16,8,22,1,3,1,0,0,1,0,0,2,0,0,0,0,0,0,1,1,0,2,21,0,0,0,0,0,0,0,0,,,0,0,0,0,0,0,0,0,0,0,0,0,,,,0,0,0,0,0,0,0,,0,0,0,0,,0,0
00-0032764,D.Henry,Derrick Henry,RB,RB,"https://static.www.nfl.com/image/upload/f_auto,q_auto/league/jxtikemnvpkw9r0ex2wv",2023,REG,TEN,17,2,3,14,2,0,0,0,0,0,27,0,2,4.52241072434117,21.0489571094513,0,0.518518518518519,280,1167,12,0,0,64,-2.09850315903817,0,28,36,214,0,0,0,-100,275,7,3.17448094932479,0,-2.14,0.0753138075313808,-0.0218866272707376,0.0976500722075548,0,0,0,0,0,0,0,0,0,0,0,0,0,0,0,0,0,1,1,0,0,0,0,0,0,0,0,0,0,0,0,0,,,0,0,0,0,0,0,0,0,0,0,0,0,,,,0,0,0,0,0,0,0,,0,0,0,0,,218.66,246.66
00-0032765,M.Thomas,Michael Thomas,WR,WR,"https://static.www.nfl.com/image/private/f_auto,q_auto/league/sxldsbuw65hfmkzqhw96",2023,REG,NO,10,0,0,0,0,0,0,0,0,0,0,0,0,,,0,,0,0,0,0,0,0,,0,39,64,448,1,0,0,650,100,21,12.6081090965074,0,0.689230769230769,0.110535405872193,0.129585326953748,0.256512837675914,0,1,0,0,0,0,0,0,0,0,0,0,0,0,0,0,0,0,0,0,0,0,1,10,0,0,0,0,0,0,0,0,,,0,0,0,0,0,0,0,0,0,0,0,0,,,,0,0,0,0,0,0,0,,0,0,0,0,,50.8,89.8
00-0032768,C.Whitehair,Cody Whitehair,G,OL,"https://static.www.nfl.com/image/upload/f_auto,q_auto/league/rp4zb2zxkhjosnuo6zer",2023,REG,CHI,3,0,0,0,0,0,0,0,0,0,0,0,0,,,0,,0,0,0,0,0,0,,0,0,0,0,0,0,0,0,0,0,,0,,0,0,0,0,0,0,0,0,0,0,0,0,0,0,0,0,0,0,0,0,0,0,0,0,0,3,14,0,0,0,0,0,0,0,0,,,0,0,0,0,0,0,0,0,0,0,0,0,,,,0,0,0,0,0,0,0,,0,0,0,0,,0,0
00-0032774,D.Bush,Deon Bush,SAF,DB,"https://static.www.nfl.com/image/upload/f_auto,q_auto/league/v0inth9nfhbpq1ufqpmv",2023,REG,KC,1,0,0,0,0,0,0,0,0,0,0,0,0,,,0,,0,0,0,0,0,0,,0,0,0,0,0,0,0,0,0,0,,0,,0,0,0,0,4,1,2,0,0,0,0,0,0,0,0,0,0,0,0,0,0,0,0,0,0,0,0,0,0,0,0,0,0,0,0,,,0,0,0,0,0,0,0,0,0,0,0,0,,,,0,0,0,0,0,0,0,,0,0,0,0,,0,0
00-0032775,D.Robinson,Demarcus Robinson,WR,WR,"https://static.www.nfl.com/image/upload/f_auto,q_auto/league/aynbxqjpwz1vhpxbxvv8",2023,REG,LA,8,0,0,0,0,0,0,0,0,0,0,0,0,,,0,,1,23,0,0,0,1,1.35725784057286,0,26,39,371,4,2,1,478,89,20,16.2646734261864,0,0.776150627615063,0.0702702702702703,0.106057244286665,0.179645476406071,0,0,0,1,0,0,0,0,0,0,0,0,0,0,0,0,0,0,0,0,0,0,2,15,0,0,1,20,0,0,0,0,,,0,0,0,0,0,0,0,0,0,0,0,0,,,,0,0,0,0,0,0,0,,0,0,0,0,,61.4,87.4
00-0032790,D.Houston-Carson,DeAndre Houston-Carson,DB,DB,"https://static.www.nfl.com/image/private/f_auto,q_auto/league/fxpb4ojlixre6s7tn5ru",2023,REG,HOU,11,0,0,0,0,0,0,0,0,0,0,0,0,,,0,,0,0,0,0,0,0,,0,0,0,0,0,0,0,0,0,0,,0,,0,0,0,0,21,5,15,1,3,0,0,0,0,2,13,5,0,0,0,0,0,0,1,1,0,1,4,0,0,0,0,0,0,0,0,,,0,0,0,0,0,0,0,0,0,0,0,0,,,,0,0,0,0,0,0,0,,0,0,0,0,,0,0
00-0032803,J.Mills,Jalen Mills,CB,DB,"https://static.www.nfl.com/image/upload/f_auto,q_auto/league/yc4745ngoppgf1syjghl",2023,REG,NE,15,0,0,0,0,0,0,0,0,0,0,0,0,,,0,,0,0,0,0,0,0,,0,0,0,0,0,0,0,0,0,0,,0,,0,0,0,0,22,4,19,0,0,1,0,0,1,0,0,1,0,0,0,0,0,0,0,0,0,2,20,0,0,0,0,0,0,0,0,,,0,0,0,0,0,0,0,0,0,0,0,0,,,,0,0,0,0,0,0,0,,0,0,0,0,,0,0
00-0032889,As.Robinson,A'Shawn Robinson,DE,DL,"https://static.www.nfl.com/image/upload/f_auto,q_auto/league/o2si1evbe2wsnwyrypjj",2023,REG,NYG,16,0,0,0,0,0,0,0,0,0,0,0,0,,,0,,0,0,0,0,0,0,,0,0,0,0,0,0,0,0,0,0,,0,,0,0,0,0,25,9,28,3,4,0,0,0,1,0,0,2,0,0,0,0,0,0,0,0,0,0,0,0,0,0,0,0,0,0,0,,,0,0,0,0,0,0,0,0,0,0,0,0,,,,0,0,0,0,0,0,0,,0,0,0,0,,0,0
00-0032890,J.Bradberry,James Bradberry,CB,DB,"https://static.www.nfl.com/image/private/f_auto,q_auto/league/aicnvekzwdh4mw66wh8g",2023,REG,PHI,16,0,0,0,0,0,0,0,0,0,0,0,0,,,0,,0,0,0,0,0,0,,0,0,0,0,0,0,0,0,0,0,,0,,0,0,0,0,37,2,15,0,0,0,0,0,0,1,5,13,0,0,0,0,0,0,1,1,0,4,60,0,0,0,0,0,0,0,0,,,0,0,0,0,0,0,0,0,0,0,0,0,,,,0,0,0,0,0,0,0,,0,0,0,0,,0,0
00-0032891,D.Worley,Daryl Worley,CB,DB,"https://static.www.nfl.com/image/private/f_auto,q_auto/league/rxotapqf0dvdbnhkk5fl",2023,REG,BAL,6,0,0,0,0,0,0,0,0,0,0,0,0,,,0,,0,0,0,0,0,0,,0,0,0,0,0,0,0,0,0,0,,0,,0,0,0,0,6,2,4,0,0,0,0,0,0,0,0,1,0,0,0,0,0,0,0,0,0,0,0,0,0,0,0,0,0,0,0,,,0,0,0,0,0,0,0,0,0,0,0,0,,,,0,0,0,0,0,0,0,,0,0,0,0,,0,0
00-0032892,N.Vigil,Nick Vigil,OLB,LB,"https://static.www.nfl.com/image/upload/f_auto,q_auto/league/wa0mujrluz8esidfvi8v",2023,REG,MIN,2,0,0,0,0,0,0,0,0,0,0,0,0,,,0,,0,0,0,0,0,0,,0,0,0,0,0,0,0,0,0,0,,0,,0,0,0,0,0,0,2,0,0,0,0,0,0,0,0,0,0,0,0,0,0,0,0,0,0,0,0,0,0,0,0,0,0,0,0,,,0,0,0,0,0,0,0,0,0,0,0,0,,,,0,0,0,0,0,0,0,,0,0,0,0,,0,0
00-0032918,C.Ham,C.J. Ham,FB,RB,"https://static.www.nfl.com/image/upload/f_auto,q_auto/league/evssvutwjy6szq7dpelm",2023,REG,MIN,9,0,0,0,0,0,0,0,0,0,0,0,0,,,0,,1,7,0,0,0,0,0.349452974973246,0,7,9,25,0,0,0,10,20,1,-5.41493847593665,0,2.5,0.0148514851485149,0.00202839756592292,0.0236971060189183,0,5,0,1,0,0,0,0,0,0,0,0,0,0,0,0,0,0,0,0,0,0,0,0,0,0,0,0,0,0,0,0,,,0,0,0,0,0,0,0,0,0,0,0,0,,,,0,0,0,0,0,0,0,,0,0,0,0,,3.2,10.2
00-0032933,A.Hamilton,Antonio Hamilton,CB,DB,"https://static.www.nfl.com/image/upload/f_auto,q_auto/league/ezqh9yn3k2gnriphk8q8",2023,REG,ARI,11,0,0,0,0,0,0,0,0,0,0,0,0,,,0,,0,0,0,0,0,0,,0,0,0,0,0,0,0,0,0,0,,0,,0,0,0,0,26,3,11,0,0,0,0,0,0,1,0,11,0,1,0,0,0,0,0,0,0,7,86,1,0,0,0,0,0,0,0,,,0,0,0,0,0,0,0,0,0,0,0,0,,,,0,0,0,0,0,0,0,,0,0,0,0,,0,0
00-0032939,V.Bell,Vonn Bell,S,DB,"https://static.www.nfl.com/image/upload/f_auto,q_auto/league/sgfnqlbea65ktiiem6kp",2023,REG,CAR,13,0,0,0,0,0,0,0,0,0,0,0,0,,,0,,0,0,0,0,0,0,,0,0,0,0,0,0,0,0,0,0,,0,,0,0,0,0,36,6,27,0,0,0,0,0,1,1,11,2,0,0,0,0,0,0,0,0,0,1,6,0,0,0,0,0,0,0,0,,,0,0,0,0,0,0,0,0,0,0,0,0,,,,0,0,0,0,0,0,0,,0,0,0,0,,0,0
00-0032942,K.Seymour,Kevon Seymour,CB,DB,"https://static.www.nfl.com/image/upload/f_auto,q_auto/league/krkiyzpkfb69x6dtt2bv",2023,REG,BAL,3,0,0,0,0,0,0,0,0,0,0,0,0,,,0,,0,0,0,0,0,0,,0,0,0,0,0,0,0,0,0,0,,0,,0,0,0,0,2,1,0,0,0,0,0,0,0,0,0,0,0,0,0,0,0,0,1,1,0,0,0,0,0,0,0,0,0,0,0,,,0,0,0,0,0,0,0,0,0,0,0,0,,,,0,0,0,0,0,0,0,,0,0,0,0,,0,0
00-0032943,R.Dixon,Riley Dixon,P,SPEC,"https://static.www.nfl.com/image/upload/f_auto,q_auto/league/nkjfawzgxosjvjesf1ad",2023,REG,DEN,17,0,0,0,0,0,0,0,0,0,0,0,0,,,0,,0,0,0,0,0,0,-0.947,0,0,0,0,0,0,0,0,0,0,,0,,0,0,0,0,0,0,1,0,0,0,0,0,0,0,0,0,0,0,0,0,0,0,0,0,0,0,0,0,0,0,0,0,0,0,0,,,0,0,0,0,0,0,0,0,0,0,0,0,,,,0,0,0,0,0,0,0,,0,0,0,0,,0,0
00-0032950,C.Wentz,Carson Wentz,QB,QB,"https://static.www.nfl.com/image/upload/f_auto,q_auto/league/ot6wu9gw3cgcdb2cx6is",2023,REG,LA,1,17,24,163,2,1,2,-14,0,0,159,65,11,8.11785306221293,6.66306524173073,1,1.0251572327044,17,56,1,0,0,4,0.964001336600631,0,0,0,0,0,0,0,0,0,0,,0,,0,0,0,0,0,0,0,0,0,0,0,0,0,0,0,0,0,0,0,0,0,0,0,0,0,0,0,0,0,0,0,0,0,0,0,,,0,0,0,0,0,0,0,0,0,0,0,0,,,,0,0,0,0,0,0,0,,0,0,0,0,,26.12,26.12
00-0032951,L.Treadwell,Laquon Treadwell,WR,WR,"https://static.www.nfl.com/image/upload/f_auto,q_auto/league/b6hu3zlkauy5tcrseyv2",2023,REG,BAL,3,0,0,0,0,0,0,0,0,0,0,0,0,,,0,,0,0,0,0,0,0,,0,1,3,16,0,0,0,36,0,1,0.203097385237925,0,0.444444444444444,0.00630252100840336,0.00880410858400587,0.0156166575214092,0,1,0,1,0,0,0,0,0,0,0,0,0,0,0,0,0,0,0,0,0,0,0,0,0,0,0,0,0,0,0,0,,,0,0,0,0,0,0,0,0,0,0,0,0,,,,0,0,0,0,0,0,0,,0,0,0,0,,1.6,2.6
00-0032954,I.Seumalo,Isaac Seumalo,G,OL,"https://static.www.nfl.com/image/upload/f_auto,q_auto/league/ffnqudvi1hv5rymj20d1",2023,REG,PIT,3,0,0,0,0,0,0,0,0,0,0,0,0,,,0,,0,0,0,0,0,0,,0,0,0,0,0,0,0,0,0,0,,0,,0,0,0,0,0,0,0,0,0,0,0,0,0,0,0,0,0,0,0,0,1,1,0,0,0,2,10,0,0,0,0,0,0,0,0,,,0,0,0,0,0,0,0,0,0,0,0,0,,,,0,0,0,0,0,0,0,,0,0,0,0,,0,0
00-0032965,R.Stanley,Ronnie Stanley,OT,OL,"https://static.www.nfl.com/image/upload/f_auto,q_auto/league/j91t0jvkrdhfmeoeeryr",2023,REG,BAL,7,0,0,0,0,0,0,0,0,0,0,0,0,,,0,,0,0,0,0,0,0,,0,0,0,0,0,0,0,0,0,0,,0,,0,0,0,0,0,0,0,0,0,0,0,0,0,0,0,0,0,0,0,0,0,0,0,0,0,11,90,0,0,0,0,0,0,0,0,,,0,0,0,0,0,0,0,0,0,0,0,0,,,,0,0,0,0,0,0,0,,0,0,0,0,,0,0
00-0032968,M.Jack,Myles Jack,MLB,LB,"https://static.www.nfl.com/image/private/f_auto,q_auto/league/snqammtqrlvcsml5kbx2",2023,REG,PIT,3,0,0,0,0,0,0,0,0,0,0,0,0,,,0,,0,0,0,0,0,0,,0,0,0,0,0,0,0,0,0,0,,0,,0,0,0,0,10,2,5,1,11,0,1,11,2,0,0,0,0,0,0,0,0,0,0,0,0,0,0,0,0,0,0,0,0,0,0,,,0,0,0,0,0,0,0,0,0,0,0,0,,,,0,0,0,0,0,0,0,,0,0,0,0,,0,0
00-0032971,J.Simmons,Justin Simmons,FS,DB,"https://static.www.nfl.com/image/upload/f_auto,q_auto/league/hepfele9gi8zbjin8kbf",2023,REG,DEN,15,0,0,0,0,0,0,0,0,0,0,0,0,,,0,,0,0,0,0,0,0,,0,0,0,0,0,0,0,0,0,0,,0,,0,0,0,0,50,3,17,2,2,2,1,15,0,3,39,8,0,0,0,0,0,0,1,1,0,1,6,0,0,0,0,0,0,0,0,,,0,0,0,0,0,0,0,0,0,0,0,0,,,,0,0,0,0,0,0,0,,0,0,0,0,,0,0
00-0032975,J.Williams,Jonathan Williams,RB,RB,"https://static.www.nfl.com/image/private/f_auto,q_auto/league/dnlboggtjcflj9fxauub",2023,REG,WAS,1,0,0,0,0,0,0,0,0,0,0,0,0,,,0,,1,-2,0,0,0,0,-0.994746600277722,0,0,1,0,0,0,0,-1,0,0,-1.43574621761218,0,0,0.00166389351081531,-0.000209775540172016,0.00234899738810255,0,0,0,0,0,0,0,0,0,0,0,0,0,0,0,0,0,0,0,0,0,0,0,0,0,0,0,0,0,0,0,0,,,0,0,0,0,0,0,0,0,0,0,0,0,,,,0,0,0,0,0,0,0,,0,0,0,0,,-0.2,-0.2
00-0033009,T.Boyd,Tyler Boyd,WR,WR,"https://static.www.nfl.com/image/upload/f_auto,q_auto/league/ttifog0hjxprlhkagugu",2023,REG,CIN,17,0,1,0,0,1,0,0,0,0,-8,0,0,-6.52706873958232,-74.1973459720612,0,0,2,11,0,0,0,1,0.732716073223855,0,67,98,667,2,0,0,629,279,28,5.828839830408,0,1.060413354531,0.165540540540541,0.162197008767406,0.361848716947995,0,1,0,0,0,0,0,0,0,0,0,0,0,0,0,0,0,0,0,0,0,0,2,10,0,0,0,0,0,0,0,0,,,0,0,0,0,0,0,0,0,0,0,0,0,,,,0,0,0,0,0,0,0,,0,0,0,0,,77.8,144.8
00-0033010,S.Day,Sheldon Day,DT,DL,"https://static.www.nfl.com/image/upload/f_auto,q_auto/league/cxw7fnka7letqbn7e1h3",2023,REG,MIN,5,0,0,0,0,0,0,0,0,0,0,0,0,,,0,,0,0,0,0,0,0,,0,0,0,0,0,0,0,0,0,0,,0,,0,0,0,0,3,0,5,1,1,0,0,0,0,0,0,0,0,0,0,0,0,0,1,1,0,0,0,0,0,0,0,0,0,0,0,,,0,0,0,0,0,0,0,0,0,0,0,0,,,,0,0,0,0,0,0,0,,0,0,0,0,,0,0
00-0033011,C.McGovern,Connor McGovern,G,OL,"https://static.www.nfl.com/image/upload/f_auto,q_auto/league/ldgfrqc1yt4lkktp1iky",2023,REG,NYJ,4,0,0,0,0,0,0,0,0,0,0,0,0,,,0,,0,0,0,0,0,0,,0,0,0,0,0,0,0,0,0,0,,0,,0,0,0,0,0,0,1,0,0,0,0,0,0,0,0,0,0,0,0,0,0,0,0,0,0,3,20,0,0,0,0,0,0,0,0,,,0,0,0,0,0,0,0,0,0,0,0,0,,,,0,0,0,0,0,0,0,,0,0,0,0,,0,0
00-0033038,E.Murray,Eric Murray,S,DB,"https://static.www.nfl.com/image/upload/f_auto,q_auto/league/owvt87ldq6ygpyq7ub4h",2023,REG,HOU,5,0,0,0,0,0,0,0,0,0,0,0,0,,,0,,0,0,0,0,0,0,,0,0,0,0,0,0,0,0,0,0,,0,,0,0,0,0,8,0,5,0,0,1,0,0,0,0,0,0,0,0,0,0,0,0,0,0,0,0,0,0,0,0,0,0,0,0,0,,,0,0,0,0,0,0,0,0,0,0,0,0,,,,0,0,0,0,0,0,0,,0,0,0,0,,0,0
00-0033040,T.Hill,Tyreek Hill,WR,WR,"https://static.www.nfl.com/image/upload/f_auto,q_auto/league/gg73gnfivrn80oyqwazl",2023,REG,MIA,16,0,0,0,0,0,0,0,0,0,0,0,0,,,0,,6,15,0,0,0,2,-1.17754232732113,0,119,171,1799,13,1,1,1847,652,83,91.7488312851282,0,0.974011911207363,0.311475409836066,0.428936367858802,0.76746857225526,0,5,0,0,0,0,0,0,0,0,0,0,0,0,0,0,0,0,0,0,0,0,2,30,0,0,0,0,0,0,0,0,,,0,0,0,0,0,0,0,0,0,0,0,0,,,,0,0,0,0,0,0,0,,0,0,0,0,,257.4,376.4
00-0033045,E.Elliott,Ezekiel Elliott,RB,RB,"https://static.www.nfl.com/image/upload/f_auto,q_auto/league/d4yr6htg4dbs0bgcfqnd",2023,REG,NE,17,0,0,0,0,0,0,0,0,0,0,0,0,,,0,,184,642,3,1,0,34,-27.2827446409823,0,51,65,313,2,1,1,-42,374,12,-10.107500240426,0,-7.45238095238095,0.120147874306839,-0.01025390625,0.173044077085259,0,1,0,0,0,0,0,0,0,0,0,0,0,0,0,0,0,0,0,0,0,0,0,0,0,0,0,0,0,0,0,0,,,0,0,0,0,0,0,0,0,0,0,0,0,,,,0,0,0,0,0,0,0,,0,0,0,0,,123.5,174.5
00-0033046,J.Ward,Jihad Ward,LB,LB,"https://static.www.nfl.com/image/upload/f_auto,q_auto/league/btmkbywpoicg8fcgvfhc",2023,REG,NYG,14,0,0,0,0,0,0,0,0,0,0,0,0,,,0,,0,0,0,0,0,0,,0,0,0,0,0,0,0,0,0,0,,0,,0,0,0,0,15,1,8,5,24,1,5,25,9,0,0,0,0,0,0,0,0,0,1,1,0,1,5,0,0,0,0,0,0,0,0,,,0,0,0,0,0,0,0,0,0,0,0,0,,,,0,0,0,0,0,0,0,,0,0,0,0,,0,0
00-0033050,X.Howard,Xavien Howard,CB,DB,"https://static.www.nfl.com/image/upload/f_auto,q_auto/league/jbebiqcxa5rrf9ihaxkp",2023,REG,MIA,12,0,0,0,0,0,0,0,0,0,0,0,0,,,0,,0,0,0,0,0,0,,0,0,0,0,0,0,0,0,0,0,,0,,0,0,0,0,33,3,9,1,1,0,0,0,1,1,0,12,0,0,0,0,0,0,0,0,0,6,38,0,0,0,0,0,0,0,0,,,0,0,0,0,0,0,0,0,0,0,0,0,,,,0,0,0,0,0,0,0,,0,0,0,0,,0,0
00-0033051,D.Onyemata,David Onyemata,DT,DL,"https://static.www.nfl.com/image/upload/f_auto,q_auto/league/zzqx9ig8ltlva2uo0cgd",2023,REG,ATL,14,0,0,0,0,0,0,0,0,0,0,0,0,,,0,,0,0,0,0,0,0,,0,0,0,0,0,0,0,0,0,0,,0,,0,0,0,0,15,10,25,3,16,2,4,22.5,16,0,0,3,0,0,0,0,0,0,0,0,0,2,10,0,0,0,0,0,0,0,0,,,0,0,0,0,0,0,0,0,0,0,0,0,,,,0,0,0,0,0,0,0,,0,0,0,0,,0,0
00-0033052,J.Smith,Jaylon Smith,MLB,LB,"https://static.www.nfl.com/image/upload/f_auto,q_auto/league/gsbqo2w6mf7wubadhflr",2023,REG,LV,1,0,0,0,0,0,0,0,0,0,0,0,0,,,0,,0,0,0,0,0,0,,0,0,0,0,0,0,0,0,0,0,,0,,0,0,0,0,2,0,0,0,0,0,0,0,0,0,0,0,0,0,0,0,0,0,0,0,0,0,0,0,0,0,0,0,0,0,0,,,0,0,0,0,0,0,0,0,0,0,0,0,,,,0,0,0,0,0,0,0,,0,0,0,0,,0,0
00-0033055,J.Ramsey,Jalen Ramsey,CB,DB,"https://static.www.nfl.com/image/upload/f_auto,q_auto/league/pjozgun3xstol72jfoow",2023,REG,MIA,10,0,0,0,0,0,0,0,0,0,0,0,0,,,0,,0,0,0,0,0,0,,0,0,0,0,0,0,0,0,0,0,,0,,0,0,0,0,14,4,4,0,0,0,0,0,0,3,52,5,0,0,0,0,0,0,0,0,0,2,13,0,0,0,0,0,0,0,0,,,0,0,0,0,0,0,0,0,0,0,0,0,,,,0,0,0,0,0,0,0,,0,0,0,0,,0,0
00-0033063,Z.Wood,Zach Wood,LS,SPEC,"https://static.www.nfl.com/image/upload/f_auto,q_auto/league/vldx7g9vu0boohxmhs48",2023,REG,NO,4,0,0,0,0,0,0,0,0,0,0,0,0,,,0,,0,0,0,0,0,0,,0,0,0,0,0,0,0,0,0,0,,0,,0,0,0,0,0,0,2,0,0,0,0,0,0,0,0,0,0,0,0,0,0,0,0,0,0,3,20,0,0,0,0,0,0,0,0,,,0,0,0,0,0,0,0,0,0,0,0,0,,,,0,0,0,0,0,0,0,,0,0,0,0,,0,0
00-0033064,A.Gotsis,Adam Gotsis,DE,DL,"https://static.www.nfl.com/image/upload/f_auto,q_auto/league/vos0byevm4wxvjrb6pd7",2023,REG,JAX,16,0,0,0,0,0,0,0,0,0,0,0,0,,,0,,0,0,0,0,0,0,,0,0,0,0,0,0,0,0,0,0,,0,,0,0,0,0,13,5,8,2,5,0,1,3,7,0,0,4,0,0,0,0,0,0,0,0,0,2,10,0,0,0,0,0,0,0,0,,,0,0,0,0,0,0,0,0,0,0,0,0,,,,0,0,0,0,0,0,0,,0,0,0,0,,0,0
00-0033066,A.Billings,Andrew Billings,DT,DL,"https://static.www.nfl.com/image/upload/f_auto,q_auto/league/rfxthtnhruxgqnofnuzg",2023,REG,CHI,14,0,0,0,0,0,0,0,0,0,0,0,0,,,0,,0,0,0,0,0,0,,0,0,0,0,0,0,0,0,0,0,,0,,0,0,0,0,7,5,15,2,3,0,0,0,2,0,0,0,0,0,0,0,0,0,0,0,0,3,15,0,0,0,0,0,0,0,0,,,0,0,0,0,0,0,0,0,0,0,0,0,,,,0,0,0,0,0,0,0,,0,0,0,0,,0,0
00-0033072,L.Floyd,Leonard Floyd,DE,DL,"https://static.www.nfl.com/image/upload/f_auto,q_auto/league/hmojdd6skft3sfhs59ma",2023,REG,BUF,16,0,0,0,0,0,0,0,0,0,0,0,0,,,0,,0,0,0,0,0,0,,0,0,0,0,0,0,0,0,0,0,,0,,0,0,0,0,15,6,11,9,51,1,10.5,66,19,0,0,1,0,0,0,0,0,0,0,0,0,2,10,0,0,0,0,0,0,0,0,,,0,0,0,0,0,0,0,0,0,0,0,0,,,,0,0,0,0,0,0,0,,0,0,0,0,,0,0
00-0033073,E.Ogbah,Emmanuel Ogbah,DE,DL,"https://static.www.nfl.com/image/upload/f_auto,q_auto/league/uaj08gf9lrokgxgrbgcn",2023,REG,MIA,10,0,0,0,0,0,0,0,0,0,0,0,0,,,0,,0,0,0,0,0,0,,0,0,0,0,0,0,0,0,0,0,,0,,0,0,0,0,6,1,12,3,19,1,5,30.5,8,1,5,2,0,0,0,0,0,0,0,0,0,1,5,0,0,0,0,0,0,0,0,,,0,0,0,0,0,0,0,0,0,0,0,0,,,,0,0,0,0,0,0,0,,0,0,0,0,,0,0
00-0033077,D.Prescott,Dak Prescott,QB,QB,"https://static.www.nfl.com/image/upload/f_auto,q_auto/league/blixemm3s9sa4gmqk5yn",2023,REG,DAL,17,410,590,4516,36,9,39,-255,2,1,4579,1963,224,120.795064788113,3.93469404692084,2,0.986241537453592,55,242,2,1,1,22,13.0905577257946,0,0,0,0,0,0,0,0,0,0,,0,,0,0,0,0,1,0,0,0,0,0,0,0,0,0,0,0,0,0,0,0,1,2,0,0,0,0,0,0,0,0,0,0,0,0,0,,,0,0,0,0,0,0,0,0,0,0,0,0,,,,0,0,0,0,0,0,0,,0,0,0,0,,342.84,342.84
00-0033082,L.Patrick,Lucas Patrick,G,OL,"https://static.www.nfl.com/image/upload/f_auto,q_auto/league/gpkpw7ira7e2yi26vold",2023,REG,CHI,8,0,0,0,0,0,0,0,0,0,0,0,0,,,0,,0,0,0,0,0,0,,0,0,0,0,0,0,0,0,0,0,,0,,0,0,0,0,1,0,0,0,0,0,0,0,0,0,0,0,0,0,0,0,2,2,0,0,0,7,65,0,0,0,0,0,0,0,0,,,0,0,0,0,0,0,0,0,0,0,0,0,,,,0,0,0,0,0,0,0,,0,0,0,0,,0,0
00-0033084,K.Fuller,Kendall Fuller,CB,DB,"https://static.www.nfl.com/image/upload/f_auto,q_auto/league/pdznqfqyrrwcjdrjb3s5",2023,REG,WAS,15,0,0,0,0,0,0,0,0,0,0,0,0,,,0,,0,0,0,0,0,0,,0,0,0,0,0,0,0,0,0,0,,0,,0,0,0,0,50,5,24,1,1,0,0,0,0,2,23,9,0,0,0,0,0,0,2,2,0,1,5,0,0,0,0,0,0,0,0,,,0,0,0,0,0,0,0,0,0,0,0,0,,,,0,0,0,0,0,0,0,,0,0,0,0,,0,0
00-0033090,H.Henry,Hunter Henry,TE,TE,"https://static.www.nfl.com/image/upload/f_auto,q_auto/league/l0fsrutz9fwbohx10lcf",2023,REG,NE,13,0,0,0,0,0,0,0,0,0,0,0,0,,,0,,0,0,0,0,0,0,,0,42,61,419,6,1,0,538,78,29,18.4656097208568,0,0.778810408921933,0.11275415896488,0.13134765625,0.26107459782232,0,0,0,0,0,0,0,0,0,0,0,0,0,0,0,0,0,0,0,0,0,0,4,35,0,0,0,0,0,0,0,0,,,0,0,0,0,0,0,0,0,0,0,0,0,,,,0,0,0,0,0,0,0,,0,0,0,0,,77.9,119.9
00-0033093,J.Bullard,Jonathan Bullard,DE,DL,"https://static.www.nfl.com/image/upload/f_auto,q_auto/league/z0iwn1oavvemgjupnkep",2023,REG,MIN,17,0,0,0,0,0,0,0,0,0,0,0,0,,,0,,0,0,0,0,0,0,,0,0,0,0,0,0,0,0,0,0,,0,,0,0,0,0,14,10,20,1,7,1,2,13,2,0,0,0,0,0,0,0,0,0,0,0,0,4,13,0,0,0,0,0,0,0,0,,,0,0,0,0,0,0,0,0,0,0,0,0,,,,0,0,0,0,0,0,0,,0,0,0,0,,0,0
00-0033096,S.Lawson,Shaq Lawson,DE,DL,"https://static.www.nfl.com/image/private/f_auto,q_auto/league/p2vm0nb8vtpc9urat9zo",2023,REG,BUF,14,0,0,0,0,0,0,0,0,0,0,0,0,,,0,,0,0,0,0,0,0,,0,0,0,0,0,0,0,0,0,0,,0,,0,0,0,0,6,1,6,2,12,0,1,10,7,0,0,0,0,0,0,0,0,0,0,0,0,2,10,0,0,0,0,0,0,0,0,,,0,0,0,0,0,0,0,0,0,0,0,0,,,,0,0,0,0,0,0,0,,0,0,0,0,,0,0
00-0033103,A.Burns,Artie Burns,CB,DB,"https://static.www.nfl.com/image/upload/f_auto,q_auto/league/jxdtjdgthvex3gzb4mdd",2023,REG,SEA,6,0,0,0,0,0,0,0,0,0,0,0,0,,,0,,0,0,0,0,0,0,,0,0,0,0,0,0,0,0,0,0,,0,,0,0,0,0,11,2,10,2,4,0,0,0,0,0,0,2,0,0,0,0,0,0,0,0,0,1,3,0,0,0,0,0,0,0,0,,,0,0,0,0,0,0,0,0,0,0,0,0,,,,0,0,0,0,0,0,0,,0,0,0,0,,0,0
00-0033106,J.Goff,Jared Goff,QB,QB,"https://static.www.nfl.com/image/upload/f_auto,q_auto/league/yggfwr4ak4po9byj0qor",2023,REG,DET,17,407,605,4575,30,12,30,-197,4,2,4064,2147,227,80.9422509190804,1.27394039957519,2,1.12573818897638,32,21,2,2,2,7,-21.9065818285273,0,0,0,0,0,0,0,0,0,0,,0,,0,0,0,0,1,0,0,0,0,0,0,0,0,0,0,0,0,0,0,0,2,2,0,0,0,2,23,0,0,0,0,0,0,0,0,,,0,0,0,0,0,0,0,0,0,0,0,0,,,,0,0,0,0,0,0,0,,0,0,0,0,,289.1,289.1
00-0033109,J.Hargrave,Javon Hargrave,NT,DL,"https://static.www.nfl.com/image/upload/f_auto,q_auto/league/ql5febs5kjgtrpj555ex",2023,REG,SF,15,0,0,0,0,0,0,0,0,0,0,0,0,,,0,,0,0,0,0,0,0,,0,0,0,0,0,0,0,0,0,0,,0,,0,0,0,0,20,5,19,8,44,0,7,46.5,14,0,0,2,0,0,0,0,0,0,0,0,0,3,15,0,0,0,0,0,0,0,0,,,0,0,0,0,0,0,0,0,0,0,0,0,,,,0,0,0,0,0,0,0,,0,0,0,0,,0,0
00-0033110,T.Higbee,Tyler Higbee,TE,TE,"https://static.www.nfl.com/image/upload/f_auto,q_auto/league/x1d4osiefibd04df6gow",2023,REG,LA,15,0,0,0,0,0,0,0,0,0,0,0,0,,,0,,0,0,0,0,0,0,,0,47,70,495,2,0,0,406,246,26,18.8050713778086,0,1.2192118226601,0.126126126126126,0.0900820945196361,0.252246655352934,0,2,0,0,0,0,0,0,0,0,0,0,0,0,0,0,0,0,0,0,0,0,4,35,0,0,0,0,0,0,0,0,,,0,0,0,0,0,0,0,0,0,0,0,0,,,,0,0,0,0,0,0,0,,0,0,0,0,,61.5,108.5
00-0033118,K.Drake,Kenyan Drake,RB,RB,"https://static.www.nfl.com/image/private/f_auto,q_auto/league/rp5apwel9vuk49b4lykn",2023,REG,GB,2,0,0,0,0,0,0,0,0,0,0,0,0,,,0,,2,0,0,0,0,0,-0.903356734546833,0,2,3,31,0,1,1,-4,36,0,-3.83436410798458,0,-7.75,0.00630252100840336,-0.000978234287111763,0.00876901751162681,0,0,0,0,0,0,0,0,0,0,0,0,0,0,0,0,0,0,0,0,0,0,0,0,0,0,0,0,0,0,0,0,,,0,0,0,0,0,0,0,0,0,0,0,0,,,,0,0,0,0,0,0,0,,0,0,0,0,,1.1,3.1
00-0033119,J.Brissett,Jacoby Brissett,QB,QB,"https://static.www.nfl.com/image/upload/f_auto,q_auto/league/rdxowm5dvpbb8p3aazbc",2023,REG,WAS,2,18,23,224,3,0,0,0,0,0,178,70,10,16.3757347961364,17.6570831374689,0,1.25842696629213,3,19,0,0,0,0,1.29595495137619,0,0,0,0,0,0,0,0,0,0,,0,,0,0,0,0,0,0,0,0,0,0,0,0,0,0,0,0,0,0,0,0,0,0,0,0,0,0,0,0,0,0,0,0,0,0,0,,,0,0,0,0,0,0,0,0,0,0,0,0,,,,0,0,0,0,0,0,0,,0,0,0,0,,22.86,22.86
00-0033120,K.Clark,Kenny Clark,NT,DL,"https://static.www.nfl.com/image/upload/f_auto,q_auto/league/ydhhuuqdppcs8vzi6v7d",2023,REG,GB,17,0,0,0,0,0,0,0,0,0,0,0,0,,,0,,0,0,0,0,0,0,,0,0,0,0,0,0,0,0,0,0,,0,,0,0,0,0,18,4,22,9,47,2,7.5,48.5,16,0,0,3,0,0,0,0,0,0,0,0,0,5,35,0,0,0,0,0,0,0,0,,,0,0,0,0,0,0,0,0,0,0,0,0,,,,0,0,0,0,0,0,0,,0,0,0,0,,0,0
00-0033123,Y.Ngakoue,Yannick Ngakoue,DE,DL,"https://static.www.nfl.com/image/upload/f_auto,q_auto/league/ivskxqgndid0umkimrdw",2023,REG,CHI,11,0,0,0,0,0,0,0,0,0,0,0,0,,,0,,0,0,0,0,0,0,,0,0,0,0,0,0,0,0,0,0,,0,,0,0,0,0,11,2,9,6,31,0,4,25,7,0,0,0,0,0,0,0,0,0,0,0,0,1,5,0,0,0,0,0,0,0,0,,,0,0,0,0,0,0,0,0,0,0,0,0,,,,0,0,0,0,0,0,0,,0,0,0,0,,0,0
00-0033131,M.Collins,Maliek Collins,DT,DL,"https://static.www.nfl.com/image/upload/f_auto,q_auto/league/tjyv74ytq62fprrfnjrv",2023,REG,HOU,16,0,0,0,0,0,0,0,0,0,0,0,0,,,0,,0,0,0,0,0,0,,0,0,0,0,0,0,0,0,0,0,,0,,0,0,0,0,16,3,22,6,29,0,5,39,18,0,0,1,0,0,0,0,0,0,0,0,0,4,16,0,0,0,0,0,0,0,0,,,0,0,0,0,0,0,0,0,0,0,0,0,,,,0,0,0,0,0,0,0,,0,0,0,0,,0,0
00-0033132,K.Byard,Kevin Byard,FS,DB,"https://static.www.nfl.com/image/upload/f_auto,q_auto/league/ymu0jcrm7clsyhhvmcki",2023,REG,PHI,16,0,0,0,0,0,0,0,0,0,0,0,0,,,0,,0,0,0,0,0,0,,0,0,0,0,0,0,0,0,0,0,,0,,0,0,0,0,68,12,42,0,0,0,0,0,0,1,0,3,0,0,0,0,0,0,1,1,0,1,7,0,0,0,0,0,0,0,0,,,0,0,0,0,0,0,0,0,0,0,0,0,,,,0,0,0,0,0,0,0,,0,0,0,0,,0,0
00-0033156,J.Bosa,Joey Bosa,DE,DL,"https://static.www.nfl.com/image/upload/f_auto,q_auto/league/soo7a4n5mxia4iky4so8",2023,REG,LAC,8,0,0,0,0,0,0,0,0,0,0,0,0,,,0,,0,0,0,0,0,0,,0,0,0,0,0,0,0,0,0,0,,0,,0,0,0,0,11,3,6,6,47,1,6.5,59,9,0,0,1,0,0,0,0,0,0,1,1,0,3,34,0,0,0,0,0,0,0,0,,,0,0,0,0,0,0,0,0,0,0,0,0,,,,0,0,0,0,0,0,0,,0,0,0,0,,0,0
00-0033196,Z.Triner,Zach Triner,LS,SPEC,"https://static.www.nfl.com/image/upload/f_auto,q_auto/league/trv1mvslxupeqavhldgc",2023,REG,TB,3,0,0,0,0,0,0,0,0,0,0,0,0,,,0,,0,0,0,0,0,0,,0,0,0,0,0,0,0,0,0,0,,0,,0,0,0,0,2,0,1,0,0,0,0,0,0,0,0,0,0,0,0,0,0,0,0,0,0,0,0,0,0,0,0,0,0,0,0,,,0,0,0,0,0,0,0,0,0,0,0,0,,,,0,0,0,0,0,0,0,,0,0,0,0,,0,0
00-0033217,M.Alie-Cox,Mo Alie-Cox,TE,TE,"https://static.www.nfl.com/image/upload/f_auto,q_auto/league/qss1euhktuj7qje9heoi",2023,REG,IND,14,0,0,0,0,0,0,0,0,0,0,0,0,,,0,,0,0,0,0,0,0,,0,13,22,161,3,0,0,222,80,9,7.56259054116403,1,0.725225225225225,0.0402930402930403,0.0521739130434783,0.0969612995699952,0,0,0,2,0,0,0,0,0,0,0,0,0,0,0,0,0,0,0,0,0,0,0,0,0,0,0,0,0,0,0,0,,,0,0,0,0,0,0,0,0,0,0,0,0,,,,0,0,0,0,0,0,0,,0,0,0,0,,36.1,49.1
00-0033221,D.Brunskill,Daniel Brunskill,OT,OL,"https://static.www.nfl.com/image/upload/f_auto,q_auto/league/lrak5cbjwhudqx5wiigo",2023,REG,TEN,1,0,0,0,0,0,0,0,0,0,0,0,0,,,0,,0,0,0,0,0,0,,0,0,0,0,0,0,0,0,0,0,,0,,0,0,0,0,0,0,0,0,0,0,0,0,0,0,0,0,0,0,0,0,0,0,0,0,0,1,5,0,0,0,0,0,0,0,0,,,0,0,0,0,0,0,0,0,0,0,0,0,,,,0,0,0,0,0,0,0,,0,0,0,0,,0,0
00-0033246,J.Mundt,Johnny Mundt,TE,TE,"https://static.www.nfl.com/image/upload/f_auto,q_auto/league/dnvrns7mliks2ptijfo0",2023,REG,MIN,10,0,0,0,0,0,0,0,0,0,0,0,0,,,0,,0,0,0,0,0,0,,0,17,23,172,1,0,0,114,94,8,2.7715899897662,0,1.50877192982456,0.037953795379538,0.0231237322515213,0.0731173056453718,0,1,0,1,0,0,0,0,0,0,0,0,0,0,0,0,0,0,0,0,0,0,1,5,0,0,0,0,0,0,0,0,,,0,0,0,0,0,0,0,0,0,0,0,0,,,,0,0,0,0,0,0,0,,0,0,0,0,,23.2,40.2
00-0033251,Z.Pascal,Zach Pascal,WR,WR,"https://static.www.nfl.com/image/upload/f_auto,q_auto/league/pfhgz8ofqgoubhnuqtme",2023,REG,ARI,10,0,0,0,0,0,0,0,0,0,0,0,0,,,0,,0,0,0,0,0,0,,0,4,15,19,0,0,0,160,12,1,-17.3919837206195,0,0.11875,0.0277777777777778,0.0382226469182991,0.068422519509476,0,3,0,2,0,0,0,0,0,0,0,0,0,0,0,0,0,0,0,0,0,0,0,0,0,0,0,0,0,0,0,0,,,0,0,0,0,0,0,0,0,0,0,0,0,,,,0,0,0,0,0,0,0,,0,0,0,0,,1.9,5.9
00-0033258,D.Daniels,Darrell Daniels,TE,TE,"https://static.www.nfl.com/image/private/f_auto,q_auto/league/uite1keyl09qsvofsqzf",2023,REG,DET,1,0,0,0,0,0,0,0,0,0,0,0,0,,,0,,0,0,0,0,0,0,,0,0,0,0,0,0,0,0,0,0,,0,,0,0,0,0,0,0,1,0,0,0,0,0,0,0,0,0,0,0,0,0,0,0,0,0,0,0,0,0,0,0,0,0,0,0,0,,,0,0,0,0,0,0,0,0,0,0,0,0,,,,0,0,0,0,0,0,0,,0,0,0,0,,0,0
00-0033260,T.Hennessy,Thomas Hennessy,LS,SPEC,"https://static.www.nfl.com/image/upload/f_auto,q_auto/league/dzwef96yf2ovfdcppbmo",2023,REG,NYJ,3,0,0,0,0,0,0,0,0,0,0,0,0,,,0,,0,0,0,0,0,0,,0,0,0,0,0,0,0,0,0,0,,0,,0,0,0,0,2,1,2,0,0,0,0,0,0,0,0,0,0,0,0,0,0,0,0,0,0,0,0,0,0,0,0,0,0,0,0,,,0,0,0,0,0,0,0,0,0,0,0,0,,,,0,0,0,0,0,0,0,,0,0,0,0,,0,0
00-0033269,R.Sanchez,Rigoberto Sanchez,P,SPEC,"https://static.www.nfl.com/image/upload/f_auto,q_auto/league/io2gctkkefyopm7m7mnj",2023,REG,IND,17,0,0,0,0,0,0,0,0,0,0,0,0,,,0,,0,0,0,0,0,0,,0,0,0,0,0,0,0,0,0,0,,0,,0,0,0,0,0,0,0,0,0,0,0,0,0,0,0,0,0,0,0,0,0,0,0,0,0,0,0,0,0,0,0,0,0,0,0,,,0,0,0,0,0,0,0,0,0,0,0,0,,,,0,0,0,0,0,0,0,,0,0,0,0,,0,0
00-0033275,P.Walker,PJ Walker,QB,QB,"https://static.www.nfl.com/image/upload/f_auto,q_auto/league/rfbfapksdwh1o4othraq",2023,REG,CLE,5,54,111,674,1,5,11,-90,3,2,902,398,27,-34.9647333648879,-12.9701925175531,0,0.747228381374723,13,30,0,1,0,4,-5.25156283569355,0,0,0,0,0,0,0,0,0,0,,0,,0,0,0,0,1,0,0,0,0,0,0,0,0,0,0,0,0,0,0,0,0,1,0,0,0,1,10,0,0,0,0,0,0,0,0,,,0,0,0,0,0,0,0,0,0,0,0,0,,,,0,0,0,0,0,0,0,,0,0,0,0,,19.96,19.96
00-0033280,C.McCaffrey,Christian McCaffrey,RB,RB,"https://static.www.nfl.com/image/upload/f_auto,q_auto/league/resjdwihunsqckohcorj",2023,REG,SF,16,0,0,0,0,0,0,0,0,0,0,0,0,,,0,,272,1459,14,2,2,86,14.3883237172558,0,67,83,564,7,1,0,153,461,31,6.45478739931872,0,3.68627450980392,0.176220806794055,0.0380786460925834,0.290986262455891,0,2,0,0,0,0,0,0,0,0,0,0,0,0,0,0,0,1,1,0,0,0,1,15,0,0,0,0,0,0,0,0,,,0,0,0,0,0,0,0,0,0,0,0,0,,,,0,0,0,0,0,0,0,,0,0,0,0,,324.3,391.3
00-0033281,M.Humphrey,Marlon Humphrey,CB,DB,"https://static.www.nfl.com/image/upload/f_auto,q_auto/league/zru6ellib9fzob6zq5c3",2023,REG,BAL,10,0,0,0,0,0,0,0,0,0,0,0,0,,,0,,0,0,0,0,0,0,,0,0,0,0,0,0,0,0,0,0,,0,,0,0,0,0,20,2,4,0,0,0,0,0,1,1,3,5,0,0,0,0,0,0,0,0,0,4,46,0,0,0,0,0,0,0,0,,,0,0,0,0,0,0,0,0,0,0,0,0,,,,0,0,0,0,0,0,0,,0,0,0,0,,0,0
00-0033282,C.Samuel,Curtis Samuel,WR,WR,"https://static.www.nfl.com/image/upload/f_auto,q_auto/league/vyibrxegz375ntjby5zs",2023,REG,WAS,16,0,0,0,0,0,0,0,0,0,0,0,0,,,0,,7,39,1,0,0,4,3.76068455530913,0,62,91,613,4,0,0,598,260,26,6.00624226880546,0,1.02508361204013,0.151414309484193,0.125445773022866,0.314933505342295,0,3,0,0,0,0,0,0,0,0,0,0,0,0,0,0,0,0,0,0,0,0,0,0,0,0,0,0,0,0,0,0,,,0,0,0,0,0,0,0,0,0,0,0,0,,,,0,0,0,0,0,0,0,,0,0,0,0,,95.2,157.2
00-0033284,T.Moton,Taylor Moton,OT,OL,"https://static.www.nfl.com/image/upload/f_auto,q_auto/league/sfwnn5fqfzp64p0zkwkl",2023,REG,CAR,3,0,0,0,0,0,0,0,0,0,0,0,0,,,0,,0,0,0,0,0,0,,0,0,0,0,0,0,0,0,0,0,,0,,0,0,0,0,0,0,0,0,0,0,0,0,0,0,0,0,0,0,0,0,0,0,0,0,0,4,25,0,0,0,0,0,0,0,0,,,0,0,0,0,0,0,0,0,0,0,0,0,,,,0,0,0,0,0,0,0,,0,0,0,0,,0,0
00-0033288,G.Kittle,George Kittle,TE,TE,"https://static.www.nfl.com/image/upload/f_auto,q_auto/league/ztz3xqjaqgok9m4nylgs",2023,REG,SF,16,0,0,0,0,0,0,0,0,0,0,0,0,,,0,,1,2,0,0,0,1,0.564524254761636,0,65,90,1020,6,0,0,852,483,42,59.676164191566,0,1.19718309859155,0.191082802547771,0.212045793927327,0.435056259570785,0,1,0,0,0,0,0,0,0,0,0,0,0,0,0,0,0,0,0,0,0,0,2,10,0,0,0,0,0,0,0,0,,,0,0,0,0,0,0,0,0,0,0,0,0,,,,0,0,0,0,0,0,0,,0,0,0,0,,138.2,203.2
00-0033290,J.Eluemunor,Jermaine Eluemunor,G,OL,"https://static.www.nfl.com/image/upload/f_auto,q_auto/league/xqlquhcisz9ykfedvele",2023,REG,LV,3,0,0,0,0,0,0,0,0,0,0,0,0,,,0,,0,0,0,0,0,0,,0,0,0,0,0,0,0,0,0,0,,0,,0,0,0,0,0,0,0,0,0,0,0,0,0,0,0,0,0,0,0,0,0,0,0,0,0,4,19,0,0,0,0,0,0,0,0,,,0,0,0,0,0,0,0,0,0,0,0,0,,,,0,0,0,0,0,0,0,,0,0,0,0,,0,0
00-0033292,T.Taylor,Trent Taylor,WR,WR,"https://static.www.nfl.com/image/upload/f_auto,q_auto/league/ei3usgh5l8gikdvksulr",2023,REG,CHI,15,0,0,0,0,0,0,0,0,0,0,0,0,,,0,,1,-2,0,0,0,0,-1.35151642374694,0,0,2,0,0,0,0,0,0,0,-1.29930671525653,0,,0.00419287211740042,0,0.00628930817610063,0,0,0,0,0,0,0,0,0,0,0,0,0,0,2,0,0,1,1,0,0,0,0,0,23,188,0,0,0,0,0,0,,,0,0,0,0,0,0,0,0,0,0,0,0,,,,0,0,0,0,0,0,0,,0,0,0,0,,-0.2,-0.2
00-0033293,A.Jones,Aaron Jones,RB,RB,"https://static.www.nfl.com/image/upload/f_auto,q_auto/league/bktkfvgfwujkdbzkcfim",2023,REG,GB,11,0,0,0,0,0,0,0,0,0,0,0,0,,,0,,142,656,2,1,1,35,2.38290923318709,0,30,43,233,1,1,0,-48,271,13,9.50120469911127,0,-4.85416666666667,0.0766488413547237,-0.0097165991902834,0.108171642598887,0,0,0,0,0,0,0,0,0,0,0,0,0,0,0,0,0,1,1,0,0,0,0,0,0,0,0,0,0,0,0,0,,,0,0,0,0,0,0,0,0,0,0,0,0,,,,0,0,0,0,0,0,0,,0,0,0,0,,104.9,134.9
00-0033296,A.Armah,Alex Armah,RB,RB,"https://static.www.nfl.com/image/private/f_auto,q_auto/league/pvbqmdwlukehpxovupsg",2023,REG,WAS,4,0,0,0,0,0,0,0,0,0,0,0,0,,,0,,0,0,0,0,0,0,,0,3,3,13,0,0,0,-14,27,1,0.974758734868374,0,-0.928571428571429,0.00499168053244592,-0.00293685756240822,0.00543172050498313,0,1,0,0,0,0,0,0,0,0,0,0,0,0,0,0,0,0,0,0,0,0,0,0,0,0,0,0,0,0,0,0,,,0,0,0,0,0,0,0,0,0,0,0,0,,,,0,0,0,0,0,0,0,,0,0,0,0,,1.3,4.3
00-0033297,D.Jones,D.J. Jones,DT,DL,"https://static.www.nfl.com/image/upload/f_auto,q_auto/league/ft4g8bxpn85mshqvp4lj",2023,REG,DEN,16,0,0,0,0,0,0,0,0,0,0,0,0,,,0,,0,0,0,0,0,0,,0,0,0,0,0,0,0,0,0,0,,0,,0,0,0,0,24,6,16,5,17,3,2,23,4,0,0,0,0,0,0,0,0,0,2,2,0,0,0,0,0,0,0,0,0,0,0,,,0,0,0,0,0,0,0,0,0,0,0,0,,,,0,0,0,0,0,0,0,,0,0,0,0,,0,0
00-0033300,C.McDermott,Conor McDermott,OT,OL,"https://static.www.nfl.com/image/upload/f_auto,q_auto/league/v0n8mrrqv0a03zok2kvg",2023,REG,NE,3,0,0,0,0,0,0,0,0,0,0,0,0,,,0,,0,0,0,0,0,0,,0,0,0,0,0,0,0,0,0,0,,0,,0,0,0,0,0,0,0,0,0,0,0,0,0,0,0,0,0,0,0,0,1,1,0,0,0,3,24,0,0,0,0,0,0,0,0,,,0,0,0,0,0,0,0,0,0,0,0,0,,,,0,0,0,0,0,0,0,,0,0,0,0,,0,0
00-0033303,H.Butker,Harrison Butker,K,SPEC,"https://static.www.nfl.com/image/upload/f_auto,q_auto/league/ove4pmnrtqtuyta6rrlc",2023,REG,KC,17,0,0,0,0,0,0,0,0,0,0,0,0,,,0,,0,0,0,0,0,0,,0,0,0,0,0,0,0,0,0,0,,0,,0,0,0,0,0,0,0,0,0,0,0,0,0,0,0,0,0,0,0,0,0,0,0,0,0,0,0,0,0,0,0,33,35,2,0,60,0.942857142857143,0,8,13,7,4,1,0,0,2,0,0,0,35;39;38;41;38;37;37;26;38;40;35;60;25;52;35;23;34;56;43;32;34;34;27;29;54;54;43;27;24;48;46;22;41,39;36,,1247,75,0,38,38,0,0,1,0,0,0,0,,0,0
00-0033307,K.Bourne,Kendrick Bourne,WR,WR,"https://static.www.nfl.com/image/upload/f_auto,q_auto/league/rroh157jvpywprbfn3vx",2023,REG,NE,8,0,0,0,0,0,0,0,0,0,0,0,0,,,0,,1,4,0,0,0,1,0.639063570182771,0,37,55,406,4,1,1,574,203,15,-9.54042537394778,0,0.707317073170732,0.101663585951941,0.14013671875,0.250591082052911,0,1,0,0,0,0,0,0,0,0,0,0,0,0,0,0,0,0,0,0,0,0,3,20,0,0,0,0,0,0,0,0,,,0,0,0,0,0,0,0,0,0,0,0,0,,,,0,0,0,0,0,0,0,,0,0,0,0,,63,100
00-0033308,M.Breida,Matt Breida,RB,RB,"https://static.www.nfl.com/image/private/f_auto,q_auto/league/rc4m1xw0xmtsrxswd0bg",2023,REG,NYG,15,0,0,0,0,0,0,0,0,0,0,0,0,,,0,,55,151,1,0,0,7,-13.7199769179547,0,17,21,88,0,1,0,1,89,2,-9.7265229052864,0,88,0.0432989690721649,0.000264131008980454,0.0651333453145337,0,3,0,0,0,0,0,0,0,0,0,0,0,0,0,0,0,0,0,0,0,0,0,0,0,0,0,0,0,0,0,0,,,0,0,0,0,0,0,0,0,0,0,0,0,,,,0,0,0,0,0,0,0,,0,0,0,0,,29.9,46.9
00-0033319,N.Mullens,Nick Mullens,QB,QB,"https://static.www.nfl.com/image/upload/f_auto,q_auto/league/xrpcaavzkqoq1ybqthgm",2023,REG,MIN,5,100,148,1306,7,8,12,-105,2,0,1380,477,57,12.2968687689239,5.65178907000935,0,0.946376811594203,10,25,0,0,0,4,-0.0232959198627918,0,0,0,0,0,0,0,0,0,0,,0,,0,0,0,0,1,0,0,0,0,0,0,0,0,0,0,0,0,0,0,0,0,0,0,0,0,1,10,0,0,0,0,0,0,0,0,,,0,0,0,0,0,0,0,0,0,0,0,0,,,,0,0,0,0,0,0,0,,0,0,0,0,,66.74,66.74
00-0033336,Er.Wilson,Eric Wilson,LB,LB,"https://static.www.nfl.com/image/upload/f_auto,q_auto/league/ita0jmgsuikjagrpuqqb",2023,REG,GB,12,0,0,0,0,0,0,0,0,0,0,0,0,,,0,,0,0,0,0,0,0,,0,0,0,0,0,0,0,0,0,0,,0,,0,0,0,0,14,2,15,0,0,0,0,0,1,0,0,0,0,0,0,0,0,0,0,0,0,1,10,0,0,0,0,0,0,0,0,,,0,0,0,0,0,0,0,0,0,0,0,0,,,,0,0,0,0,0,0,0,,0,0,0,0,,0,0
00-0033347,J.Tupou,Josh Tupou,DT,DL,"https://static.www.nfl.com/image/upload/f_auto,q_auto/league/l2qbcwd7xkczaf4yibdf",2023,REG,CIN,11,0,0,0,0,0,0,0,0,0,0,0,0,,,0,,0,0,0,0,0,0,,0,0,0,0,0,0,0,0,0,0,,0,,0,0,0,0,5,3,11,1,1,0,0,0,1,0,0,0,0,0,0,0,0,0,0,0,0,0,0,0,0,0,0,0,0,0,0,,,0,0,0,0,0,0,0,0,0,0,0,0,,,,0,0,0,0,0,0,0,,0,0,0,0,,0,0
00-0033357,T.Hill,Taysom Hill,TE,TE,"https://static.www.nfl.com/image/upload/f_auto,q_auto/league/q8itjlocg5do60qat4l3",2023,REG,NO,16,6,11,83,1,0,2,-4,0,0,126,18,4,1.45840688463068,-12.6837513663552,0,0.658730158730159,81,401,4,1,1,27,7.23741189094567,0,33,40,291,2,0,0,209,133,11,10.07928946876,0,1.39234449760766,0.0690846286701209,0.0416666666666667,0.132793609671848,0,1,1,0,0,0,0,0,0,0,0,0,0,0,0,0,0,0,0,0,0,0,0,0,0,0,1,18,0,0,0,0,,,0,0,0,0,0,0,0,0,0,0,0,0,,,,0,0,0,0,0,0,0,,0,0,0,0,,110.52,143.52
00-0033376,P.Ricard,Patrick Ricard,FB,RB,"https://static.www.nfl.com/image/upload/f_auto,q_auto/league/l5nzsaigpp87jl5h5mtc",2023,REG,BAL,7,0,0,0,0,0,0,0,0,0,0,0,0,,,0,,0,0,0,0,0,0,,0,5,7,52,1,0,0,19,35,3,-2.30552407115465,0,2.73684210526316,0.0147058823529412,0.00464661286378088,0.0253114525340584,0,0,0,0,0,0,0,0,0,0,0,0,0,0,0,0,0,0,0,0,0,0,2,15,0,0,0,0,0,0,0,0,,,0,0,0,0,0,0,0,0,0,0,0,0,,,,0,0,0,0,0,0,0,,0,0,0,0,,11.2,16.2
00-0033381,A.Butler,Adam Butler,DT,DL,"https://static.www.nfl.com/image/upload/f_auto,q_auto/league/t9cxogz67nugvjyqif73",2023,REG,LV,15,0,0,0,0,0,0,0,0,0,0,0,0,,,0,,0,0,0,0,0,0,,0,0,0,0,0,0,0,0,0,0,,0,,0,0,0,0,15,1,12,7,35,1,5,38,9,0,0,4,0,0,0,0,0,0,0,0,0,0,0,0,0,0,0,0,0,0,0,,,0,0,0,0,0,0,0,0,0,0,0,0,,,,0,0,0,0,0,0,0,,0,0,0,0,,0,0
00-0033393,K.Moore,Kenny Moore II,CB,DB,"https://static.www.nfl.com/image/private/f_auto,q_auto/league/ji3hdoi86xonnhxlr6gl",2023,REG,IND,16,0,0,0,0,0,0,0,0,0,0,0,0,,,0,,0,0,0,0,0,0,,0,0,0,0,0,0,0,0,0,0,,0,,0,0,0,0,60,8,25,8,29,0,1.5,13,2,3,115,6,2,0,0,0,0,0,0,0,0,4,50,0,0,0,0,0,0,0,0,,,0,0,0,0,0,0,0,0,0,0,0,0,,,,0,0,0,0,0,0,0,,0,0,0,0,,0,0
00-0033400,M.Haack,Matt Haack,P,SPEC,"https://static.www.nfl.com/image/upload/f_auto,q_auto/league/q0pk8i0ehgn4bccwbmme",2023,REG,CLE,1,0,0,0,0,0,0,0,0,0,0,0,0,,,0,,0,0,0,0,0,0,,0,0,0,0,0,0,0,0,0,0,,0,,0,0,0,0,0,0,0,0,0,0,0,0,0,0,0,0,0,0,0,0,0,0,0,0,0,0,0,0,0,0,0,0,0,0,0,,,0,0,0,0,0,0,0,0,0,0,0,0,,,,0,0,0,0,0,0,0,,0,0,0,0,,0,0
00-0033439,P.Brown,Pharaoh Brown,TE,TE,"https://static.www.nfl.com/image/upload/f_auto,q_auto/league/hfgg6gr7aiyzmdzh4iww",2023,REG,NE,11,0,0,0,0,0,0,0,0,0,0,0,0,,,0,,0,0,0,0,0,0,,0,13,15,208,1,1,1,104,121,8,5.46975368086714,0,2,0.0277264325323475,0.025390625,0.0593630862985213,0,5,0,1,0,0,0,0,0,0,0,0,0,0,0,0,0,0,0,0,0,0,0,0,0,0,0,0,0,0,0,0,,,0,0,0,0,0,0,0,0,0,0,0,0,,,,0,0,0,0,0,0,0,,0,0,0,0,,24.8,37.8
00-0033445,N.Morrow,Nicholas Morrow,LB,LB,"https://static.www.nfl.com/image/upload/f_auto,q_auto/league/cqugkutgtlbtxjiadzzq",2023,REG,PHI,14,0,0,0,0,0,0,0,0,0,0,0,0,,,0,,0,0,0,0,0,0,,0,0,0,0,0,0,0,0,0,0,,0,,0,0,0,0,52,14,29,9,27,1,3,20,5,0,0,5,0,0,1,0,0,0,2,2,0,2,20,0,0,0,0,0,0,0,0,,,0,0,0,0,0,0,0,0,0,0,0,0,,,,0,0,0,0,0,0,0,,0,0,0,0,,0,0
00-0033463,C.Lawson,Carl Lawson,DE,DL,"https://static.www.nfl.com/image/upload/f_auto,q_auto/league/fv6hftu35bcjuenhupde",2023,REG,NYJ,4,0,0,0,0,0,0,0,0,0,0,0,0,,,0,,0,0,0,0,0,0,,0,0,0,0,0,0,0,0,0,0,,0,,0,0,0,0,1,1,3,0,0,0,0,0,0,0,0,0,0,0,0,0,0,0,0,0,0,0,0,0,0,0,0,0,0,0,0,,,0,0,0,0,0,0,0,0,0,0,0,0,,,,0,0,0,0,0,0,0,,0,0,0,0,,0,0
00-0033466,I.McKenzie,Isaiah McKenzie,WR,WR,"https://static.www.nfl.com/image/upload/f_auto,q_auto/league/gy6grhpxsegfgklfadte",2023,REG,IND,13,0,0,0,0,0,0,0,0,0,0,0,0,,,0,,3,14,0,0,0,0,-0.511582356295548,0,11,14,82,0,0,0,35,72,4,2.21491720260481,0,2.34285714285714,0.0256410256410256,0.0082256169212691,0.0442194703064268,0,0,0,0,0,0,0,0,0,0,0,0,0,0,3,0,0,1,1,0,0,0,0,0,23,204,6,152,0,0,0,0,,,0,0,0,0,0,0,0,0,0,0,0,0,,,,0,0,0,0,0,0,0,,0,0,0,0,,9.6,20.6
00-0033503,A.Maulet,Arthur Maulet,CB,DB,"https://static.www.nfl.com/image/upload/f_auto,q_auto/league/aubd7y8fpt8tdx3tci9t",2023,REG,BAL,13,0,0,0,0,0,0,0,0,0,0,0,0,,,0,,0,0,0,0,0,0,,0,0,0,0,0,0,0,0,0,0,,0,,0,0,0,0,28,4,5,4,24,0,2,17,3,1,0,5,0,0,0,0,0,0,2,2,0,2,9,0,0,0,0,0,0,0,0,,,0,0,0,0,0,0,0,0,0,0,0,0,,,,0,0,0,0,0,0,0,,0,0,0,0,,0,0
00-0033511,S.Harlow,Sean Harlow,C,OL,"https://static.www.nfl.com/image/private/f_auto,q_auto/league/zumjqygjzqrwtccm5jco",2023,REG,NYG,1,0,0,0,0,0,0,0,0,0,0,0,0,,,0,,0,0,0,0,0,0,,0,0,0,0,0,0,0,0,0,0,,0,,0,0,0,0,0,0,0,0,0,0,0,0,0,0,0,0,0,0,0,0,0,0,0,0,0,1,5,0,0,0,0,0,0,0,0,,,0,0,0,0,0,0,0,0,0,0,0,0,,,,0,0,0,0,0,0,0,,0,0,0,0,,0,0
00-0033512,D.Kazee,Damontae Kazee,S,DB,"https://static.www.nfl.com/image/upload/f_auto,q_auto/league/cz9f72l19xvvmplddbxd",2023,REG,PIT,14,0,0,0,0,0,0,0,0,0,0,0,0,,,0,,0,0,0,0,0,0,,0,0,0,0,0,0,0,0,0,0,,0,,0,0,0,0,39,7,15,0,0,0,0,0,0,2,37,3,0,0,0,0,0,0,2,2,0,1,15,0,0,0,0,0,0,0,0,,,0,0,0,0,0,0,0,0,0,0,0,0,,,,0,0,0,0,0,0,0,,0,0,0,0,,0,0
00-0033523,J.Allen,Jonathan Allen,DE,DL,"https://static.www.nfl.com/image/upload/f_auto,q_auto/league/pri0osdjdsziyqrd14ar",2023,REG,WAS,16,0,0,0,0,0,0,0,0,0,0,0,0,,,0,,0,0,0,0,0,0,,0,0,0,0,0,0,0,0,0,0,,0,,0,0,0,0,27,3,23,10,37,0,5.5,24,19,0,0,1,0,0,0,0,0,0,0,0,0,2,10,0,0,0,0,0,0,0,0,,,0,0,0,0,0,0,0,0,0,0,0,0,,,,0,0,0,0,0,0,0,,0,0,0,0,,0,0
00-0033526,S.Perine,Samaje Perine,RB,RB,"https://static.www.nfl.com/image/upload/f_auto,q_auto/league/ur3jv6biq0pefkrgpzty",2023,REG,DEN,17,0,0,0,0,0,0,0,0,0,0,0,0,,,0,,53,238,1,1,1,15,-9.49174770995859,0,50,56,455,0,2,1,-10,462,24,12.1308481818675,0,-45.5,0.117400419287212,-0.0026638252530634,0.174235951253673,0,0,0,1,0,0,0,0,0,0,0,0,0,0,0,0,0,0,1,0,0,0,0,0,0,0,0,0,0,0,0,0,,,0,0,0,0,0,0,0,0,0,0,0,0,,,,0,0,0,0,0,0,0,,0,0,0,0,,71.3,121.3
00-0033536,M.Williams,Mike Williams,WR,WR,"https://static.www.nfl.com/image/upload/f_auto,q_auto/league/atprqcuqsl4spdak76fy",2023,REG,LAC,3,0,0,0,0,0,0,0,0,0,0,0,0,,,0,,1,3,0,0,0,0,-0.290569082833827,0,19,26,249,1,0,0,307,108,9,12.8527149014459,0,0.811074918566775,0.0423452768729642,0.0648637227973801,0.108922521267612,0,0,0,0,0,0,0,0,0,0,0,0,0,0,0,0,0,0,0,0,0,0,0,0,0,0,0,0,0,0,0,0,,,0,0,0,0,0,0,0,0,0,0,0,0,,,,0,0,0,0,0,0,0,,0,0,0,0,,31.2,50.2
00-0033537,D.Watson,Deshaun Watson,QB,QB,"https://static.www.nfl.com/image/private/f_auto,q_auto/league/otfs2docj6eahaebo5xn",2023,REG,CLE,6,105,171,1115,7,4,17,-85,3,1,1593,499,52,-18.950161800698,-0.326099278348865,0,0.699937225360954,26,142,1,1,1,11,9.93737510554055,3,0,0,0,0,0,0,0,0,0,,0,,0,0,0,0,0,0,0,0,0,0,0,0,0,0,0,0,0,0,0,0,1,1,0,0,0,2,30,0,0,0,0,0,0,0,0,,,0,0,0,0,0,0,0,0,0,0,0,0,,,,0,0,0,0,0,0,0,,0,0,0,0,,86.8,86.8
00-0033538,G.Bolles,Garett Bolles,OT,OL,"https://static.www.nfl.com/image/upload/f_auto,q_auto/league/dpgttf9sbcrvmqvohqtn",2023,REG,DEN,7,0,0,0,0,0,0,0,0,0,0,0,0,,,0,,0,0,0,0,0,0,,0,0,0,0,0,0,0,0,0,0,,0,,0,0,0,0,0,0,0,0,0,0,0,0,0,0,0,0,0,0,0,0,0,0,0,0,0,8,58,0,0,0,0,0,0,0,0,,,0,0,0,0,0,0,0,0,0,0,0,0,,,,0,0,0,0,0,0,0,,0,0,0,0,,0,0
00-0033543,S.Jones,Sidney Jones,CB,DB,"https://static.www.nfl.com/image/private/f_auto,q_auto/league/qsxywzc7mfcj0ibjjevc",2023,REG,CIN,1,0,0,0,0,0,0,0,0,0,0,0,0,,,0,,0,0,0,0,0,0,,0,0,0,0,0,0,0,0,0,0,,0,,0,0,0,0,0,0,1,0,0,0,0,0,0,0,0,0,0,0,0,0,0,0,0,0,0,0,0,0,0,0,0,0,0,0,0,,,0,0,0,0,0,0,0,0,0,0,0,0,,,,0,0,0,0,0,0,0,,0,0,0,0,,0,0
00-0033546,D.Tomlinson,Dalvin Tomlinson,DE,DL,"https://static.www.nfl.com/image/upload/f_auto,q_auto/league/al9wtdcyop0h56lby8ba",2023,REG,CLE,16,0,0,0,0,0,0,0,0,0,0,0,0,,,0,,0,0,0,0,0,0,,0,0,0,0,0,0,0,0,0,0,,0,,0,0,0,0,11,1,16,4,14,0,3,12,12,0,0,0,0,0,0,0,0,0,0,0,0,2,10,0,0,0,0,0,0,0,0,,,0,0,0,0,0,0,0,0,0,0,0,0,,,,0,0,0,0,0,0,0,,0,0,0,0,,0,0
00-0033547,Z.Cunningham,Zach Cunningham,ILB,LB,"https://static.www.nfl.com/image/upload/f_auto,q_auto/league/gxugy1m0xlxbyk8dv5rr",2023,REG,PHI,13,0,0,0,0,0,0,0,0,0,0,0,0,,,0,,0,0,0,0,0,0,,0,0,0,0,0,0,0,0,0,0,,0,,0,0,0,0,50,4,31,1,5,0,0,0,1,0,0,4,0,0,0,0,0,0,1,1,0,1,15,0,0,0,0,0,0,0,0,,,0,0,0,0,0,0,0,0,0,0,0,0,,,,0,0,0,0,0,0,0,,0,0,0,0,,0,0
00-0033548,C.Awuzie,Chidobe Awuzie,CB,DB,"https://static.www.nfl.com/image/upload/f_auto,q_auto/league/qmjzimecbg4ftseg8myr",2023,REG,CIN,13,0,0,0,0,0,0,0,0,0,0,0,0,,,0,,0,0,0,0,0,0,,0,0,0,0,0,0,0,0,0,0,,0,,0,0,0,0,35,8,14,0,0,1,0,0,0,0,0,6,0,0,0,0,0,0,1,1,0,4,29,0,0,0,0,0,0,0,0,,,0,0,0,0,0,0,0,0,0,0,0,0,,,,0,0,0,0,0,0,0,,0,0,0,0,,0,0
00-0033549,D.Riley,Duke Riley,MLB,LB,"https://static.www.nfl.com/image/upload/f_auto,q_auto/league/qupmregt7cnl5jgzvuug",2023,REG,MIA,12,0,0,0,0,0,0,0,0,0,0,0,0,,,0,,0,0,0,0,0,0,,0,0,0,0,0,0,0,0,0,0,,0,,0,0,0,0,22,8,12,0,0,1,0.5,0.5,2,0,0,1,0,0,0,0,0,0,0,0,0,0,0,0,0,0,0,0,0,0,0,,,0,0,0,0,0,0,0,0,0,0,0,0,,,,0,0,0,0,0,0,0,,0,0,0,0,,0,0
00-0033551,R.Douglas,Rasul Douglas,CB,DB,"https://static.www.nfl.com/image/upload/f_auto,q_auto/league/f2ac9dmdbhc6rvgllcbt",2023,REG,BUF,15,0,0,0,0,0,0,0,0,0,0,0,0,,,0,,0,0,0,0,0,0,,0,0,0,0,0,0,0,0,0,0,,0,,0,0,0,0,44,3,14,3,23,0,1,10,1,5,56,14,1,0,0,0,0,0,3,3,0,6,47,0,0,0,0,0,0,0,0,,,0,0,0,0,0,0,0,0,0,0,0,0,,,,0,0,0,0,0,0,0,,0,0,0,0,,0,0
00-0033553,J.Conner,James Conner,RB,RB,"https://static.www.nfl.com/image/upload/f_auto,q_auto/league/g5yjordcmt76j0saytzb",2023,REG,ARI,13,0,0,0,0,0,0,0,0,0,0,0,0,,,0,,208,1040,7,0,0,57,12.0490584581037,0,27,33,165,2,0,0,-23,221,11,2.32523359669745,0,-7.17391304347826,0.0611111111111111,-0.0054945054945055,0.0878205128205128,0,0,0,0,0,0,0,0,0,0,0,0,0,0,0,0,0,2,2,0,0,0,0,0,0,0,0,0,0,0,0,0,,,0,0,0,0,0,0,0,0,0,0,0,0,,,,0,0,0,0,0,0,0,,0,0,0,0,,174.5,201.5
00-0033555,M.Hollins,Mack Hollins,WR,WR,"https://static.www.nfl.com/image/upload/f_auto,q_auto/league/qbz7whjzsittudcecezw",2023,REG,ATL,12,0,0,0,0,0,0,0,0,0,0,0,0,,,0,,0,0,0,0,0,0,,0,18,30,251,0,0,0,375,55,9,9.69830800792982,0,0.669333333333333,0.0590551181102362,0.0863060989643268,0.148996946440383,0,3,0,1,0,0,0,0,0,0,0,0,0,0,0,0,0,0,0,0,0,0,1,10,0,0,0,0,0,0,0,0,,,0,0,0,0,0,0,0,0,0,0,0,0,,,,0,0,0,0,0,0,0,,0,0,0,0,,25.1,43.1
00-0033557,J.Reeves-Maybin,Jalen Reeves-Maybin,LB,LB,"https://static.www.nfl.com/image/upload/f_auto,q_auto/league/oczccxuvy4ltvjy4fhmu",2023,REG,DET,13,1,1,31,0,0,0,0,0,0,22,9,1,4.14300359913614,54.5861124992371,0,1.40909090909091,2,3,0,0,0,1,-0.660682837013155,0,0,0,0,0,0,0,0,0,0,,0,,0,0,0,0,11,2,7,1,13,0,1,13,2,0,0,2,0,0,0,0,0,0,0,0,0,1,10,0,0,0,0,0,0,0,0,,,0,0,0,0,0,0,0,0,0,0,0,0,,,,0,0,0,0,0,0,0,,0,0,0,0,,1.54,1.54
00-0033563,C.Watkins,Carlos Watkins,DE,DL,"https://static.www.nfl.com/image/upload/f_auto,q_auto/league/ehyurz829tzomfafkjxb",2023,REG,ARI,2,0,0,0,0,0,0,0,0,0,0,0,0,,,0,,0,0,0,0,0,0,,0,0,0,0,0,0,0,0,0,0,,0,,0,0,0,0,3,1,3,1,6,0,1,6,1,0,0,1,0,0,0,0,0,0,0,0,0,0,0,0,0,0,0,0,0,0,0,,,0,0,0,0,0,0,0,0,0,0,0,0,,,,0,0,0,0,0,0,0,,0,0,0,0,,0,0
00-0033566,D.King,Desmond King,DB,DB,"https://static.www.nfl.com/image/upload/f_auto,q_auto/league/bqwzwewlpjcgm8zgvcs9",2023,REG,HOU,9,0,0,0,0,0,0,0,0,0,0,0,0,,,0,,0,0,0,0,0,0,,0,0,0,0,0,0,0,0,0,0,,0,,0,0,0,0,17,5,25,5,13,0,1,7,2,0,0,2,0,1,0,0,0,0,0,0,0,4,27,8,101,5,111,0,0,0,0,,,0,0,0,0,0,0,0,0,0,0,0,0,,,,0,0,0,0,0,0,0,,0,0,0,0,,0,0
00-0033570,A.Walker,Anthony Walker,MLB,LB,"https://static.www.nfl.com/image/upload/f_auto,q_auto/league/kschvtoxhs5s7ulew3oe",2023,REG,CLE,11,0,0,0,0,0,0,0,0,0,0,0,0,,,0,,0,0,0,0,0,0,,0,0,0,0,0,0,0,0,0,0,,0,,0,0,0,0,21,2,21,1,5,1,0,0,2,0,0,4,0,0,0,27,0,0,2,2,0,1,25,0,0,0,0,0,0,0,0,,,0,0,0,0,0,0,0,0,0,0,0,0,,,,0,0,0,0,0,0,0,,0,0,0,0,,0,0
00-0033571,M.Milano,Matt Milano,OLB,LB,"https://static.www.nfl.com/image/upload/f_auto,q_auto/league/ikmvrrbegypwn8wejcge",2023,REG,BUF,5,0,0,0,0,0,0,0,0,0,0,0,0,,,0,,0,0,0,0,0,0,,0,0,0,0,0,0,0,0,0,0,,0,,0,0,0,0,15,3,12,1,4,1,0,0,1,2,16,2,0,0,0,0,0,0,0,0,0,1,15,0,0,0,0,0,0,0,0,,,0,0,0,0,0,0,0,0,0,0,0,0,,,,0,0,0,0,0,0,0,,0,0,0,0,,0,0
00-0033572,J.Agnew,Jamal Agnew,WR,WR,"https://static.www.nfl.com/image/upload/f_auto,q_auto/league/buapoaxrvjzwsr4l34mq",2023,REG,JAX,11,0,0,0,0,0,0,0,0,0,0,0,0,,,0,,4,-2,0,0,0,0,-2.7079194545513,0,14,21,225,1,1,1,253,76,8,2.57968109146422,0,0.889328063241107,0.0345963756177924,0.0507930134511142,0.0874496728424686,0,3,0,0,0,0,0,0,0,0,0,0,0,0,0,0,0,0,0,0,0,0,1,5,14,144,15,391,0,0,0,0,,,0,0,0,0,0,0,0,0,0,0,0,0,,,,0,0,0,0,0,0,0,,0,0,0,0,,26.3,40.3
00-0033576,E.Saubert,Eric Saubert,TE,TE,"https://static.www.nfl.com/image/upload/f_auto,q_auto/league/ojoapzazehxdd01fadz6",2023,REG,HOU,3,0,0,0,0,0,0,0,0,0,0,0,0,,,0,,0,0,0,0,0,0,,0,3,3,12,0,0,0,6,6,1,0.532490984536707,0,2,0.00530035335689046,0.001158972377825,0.00876181069981319,0,0,0,0,0,0,0,0,0,0,0,0,0,0,0,0,0,0,0,0,0,0,1,5,0,0,0,0,0,0,0,0,,,0,0,0,0,0,0,0,0,0,0,0,0,,,,0,0,0,0,0,0,0,,0,0,0,0,,1.2,4.2
00-0033579,X.Woods,Xavier Woods,FS,DB,"https://static.www.nfl.com/image/upload/f_auto,q_auto/league/of7kdkfale5fnuz6u8gr",2023,REG,CAR,14,0,0,0,0,0,0,0,0,0,0,0,0,,,0,,0,0,0,0,0,0,,0,0,0,0,0,0,0,0,0,0,,0,,0,0,0,0,31,8,22,3,7,0,0,0,0,2,-1,7,0,0,0,0,0,0,1,1,0,3,27,0,0,0,0,0,0,0,0,,,0,0,0,0,0,0,0,0,0,0,0,0,,,,0,0,0,0,0,0,0,,0,0,0,0,,0,0
00-0033582,J.Ledbetter,Jeremiah Ledbetter,DT,DL,"https://static.www.nfl.com/image/upload/f_auto,q_auto/league/tmrdn5vftop0py2dwzn2",2023,REG,JAX,14,0,0,0,0,0,0,0,0,0,0,0,0,,,0,,0,0,0,0,0,0,,0,0,0,0,0,0,0,0,0,0,,0,,0,0,0,0,5,2,17,0,0,0,0,0,1,0,0,1,0,0,0,0,0,0,1,1,0,0,0,0,0,0,0,0,0,0,0,,,0,0,0,0,0,0,0,0,0,0,0,0,,,,0,0,0,0,0,0,0,,0,0,0,0,,0,0
00-0033588,I.Rochell,Isaac Rochell,DE,DL,"https://static.www.nfl.com/image/private/f_auto,q_auto/league/pltdnt3jewadxdfzhso3",2023,REG,LV,6,0,0,0,0,0,0,0,0,0,0,0,0,,,0,,0,0,0,0,0,0,,0,0,0,0,0,0,0,0,0,0,,0,,0,0,0,0,4,3,3,0,0,0,0,0,0,0,0,0,0,0,0,0,0,0,0,0,0,0,0,0,0,0,0,0,0,0,0,,,0,0,0,0,0,0,0,0,0,0,0,0,,,,0,0,0,0,0,0,0,,0,0,0,0,,0,0
00-0033589,D.Moore,David Moore,WR,WR,"https://static.www.nfl.com/image/upload/f_auto,q_auto/league/k2szy47lyxy9u5om7vd1",2023,REG,TB,6,0,0,0,0,0,0,0,0,0,0,0,0,,,0,,0,0,0,0,0,0,,0,5,7,94,1,0,0,49,62,3,2.77723561663879,0,1.91836734693878,0.0127272727272727,0.0100719424460432,0.0261412688031393,0,3,0,2,0,0,0,0,0,0,0,0,0,0,0,0,0,0,0,0,0,0,1,5,0,0,0,0,0,0,0,0,,,0,0,0,0,0,0,0,0,0,0,0,0,,,,0,0,0,0,0,0,0,,0,0,0,0,,15.4,20.4
00-0033591,N.Brown,Noah Brown,WR,WR,"https://static.www.nfl.com/image/upload/f_auto,q_auto/league/nv6ix0p8965yiugsuhwh",2023,REG,HOU,10,0,0,0,0,0,0,0,0,0,0,0,0,,,0,,1,-1,0,0,0,0,-1.10926906615239,0,33,55,567,2,0,0,658,223,24,20.8741697622936,0,0.861702127659575,0.0971731448763251,0.127100637434808,0.234730163518853,0,1,0,0,0,0,0,0,0,0,0,0,0,0,0,0,0,0,0,0,0,0,1,5,0,0,0,0,0,0,0,0,,,0,0,0,0,0,0,0,0,0,0,0,0,,,,0,0,0,0,0,0,0,,0,0,0,0,,68.6,101.6
00-0033595,P.O'Connor,Pat O'Connor,DE,DL,"https://static.www.nfl.com/image/upload/f_auto,q_auto/league/hlyhbl1hpgksy8swksa8",2023,REG,TB,3,0,0,0,0,0,0,0,0,0,0,0,0,,,0,,0,0,0,0,0,0,,0,0,0,0,0,0,0,0,0,0,,0,,0,0,0,0,1,1,2,1,8,0,0,0,0,0,0,0,0,0,1,0,0,0,0,0,0,0,0,0,0,0,0,0,0,0,0,,,0,0,0,0,0,0,0,0,0,0,0,0,,,,0,0,0,0,0,0,0,,0,0,0,0,,0,0
00-0033598,E.Ankou,Eli Ankou,DT,DL,"https://static.www.nfl.com/image/upload/f_auto,q_auto/league/vo3rcoaq6owinjqnlzis",2023,REG,ATL,1,0,0,0,0,0,0,0,0,0,0,0,0,,,0,,0,0,0,0,0,0,,0,0,0,0,0,0,0,0,0,0,,0,,0,0,0,0,0,0,1,0,0,0,0,0,0,0,0,0,0,0,0,0,0,0,0,0,0,0,0,0,0,0,0,0,0,0,0,,,0,0,0,0,0,0,0,0,0,0,0,0,,,,0,0,0,0,0,0,0,,0,0,0,0,,0,0
00-0033659,J.Jones,Joe Jones,LB,LB,"https://static.www.nfl.com/image/private/f_auto,q_auto/league/sxvgaf3z5h6n9kb9rs5y",2023,REG,TEN,2,0,0,0,0,0,0,0,0,0,0,0,0,,,0,,0,0,0,0,0,0,,0,0,0,0,0,0,0,0,0,0,,0,,0,0,0,0,0,0,2,0,0,0,0,0,0,0,0,0,0,0,0,0,0,0,0,0,0,0,0,0,0,0,0,0,0,0,0,,,0,0,0,0,0,0,0,0,0,0,0,0,,,,0,0,0,0,0,0,0,,0,0,0,0,,0,0
00-0033662,C.Rush,Cooper Rush,QB,QB,"https://static.www.nfl.com/image/upload/f_auto,q_auto/league/mwrtykpswz7nbfisqlmj",2023,REG,DAL,7,18,24,144,0,1,1,-8,0,0,215,80,7,-5.23994774756922,6.77560493350029,0,0.669767441860465,12,-5,0,0,0,1,-5.68589237047127,0,0,0,0,0,0,0,0,0,0,,0,,0,0,0,0,0,0,0,0,0,0,0,0,0,0,0,0,0,0,0,0,0,0,0,0,0,0,0,0,0,0,0,0,0,0,0,,,0,0,0,0,0,0,0,0,0,0,0,0,,,,0,0,0,0,0,0,0,,0,0,0,0,,3.26,3.26
00-0033676,E.Wilkinson,Elijah Wilkinson,OT,OL,"https://static.www.nfl.com/image/upload/f_auto,q_auto/league/vf0jyksmu8odxv2b9ich",2023,REG,ARI,5,0,0,0,0,0,0,0,0,0,0,0,0,,,0,,0,0,0,0,0,0,,0,0,0,0,0,0,0,0,0,0,,0,,0,0,0,0,0,0,0,0,0,0,0,0,0,0,0,0,0,0,0,0,1,1,0,0,0,5,24,0,0,0,0,0,0,0,0,,,0,0,0,0,0,0,0,0,0,0,0,0,,,,0,0,0,0,0,0,0,,0,0,0,0,,0,0
00-0033697,M.Davis,Michael Davis,CB,DB,"https://static.www.nfl.com/image/upload/f_auto,q_auto/league/bh8fcv8fcihcx1munujm",2023,REG,LAC,13,0,0,0,0,0,0,0,0,0,0,0,0,,,0,,0,0,0,0,0,0,,0,0,0,0,0,0,0,0,0,0,,0,,0,0,0,0,47,5,10,1,1,0,0,0,0,1,0,10,0,0,0,0,0,0,0,0,0,4,35,0,0,0,0,0,0,0,0,,,0,0,0,0,0,0,0,0,0,0,0,0,,,,0,0,0,0,0,0,0,,0,0,0,0,,0,0
00-0033699,A.Ekeler,Austin Ekeler,RB,RB,"https://static.www.nfl.com/image/upload/f_auto,q_auto/league/sldndpn2zwt4uhkj2zks",2023,REG,LAC,14,0,0,0,0,0,0,0,0,0,0,0,0,,,0,,179,628,5,3,2,34,-41.1234789901547,0,51,74,436,1,2,2,-82,533,20,-13.3227430220989,0,-5.31707317073171,0.120521172638437,-0.0173251637439256,0.168654144336907,0,1,0,0,0,0,0,0,0,0,0,0,0,0,0,0,0,1,1,0,0,0,0,0,0,0,0,0,0,0,0,0,,,0,0,0,0,0,0,0,0,0,0,0,0,,,,0,0,0,0,0,0,0,,0,0,0,0,,134.4,185.4
00-0033702,Y.Koo,Younghoe Koo,K,SPEC,"https://static.www.nfl.com/image/upload/f_auto,q_auto/league/d6k1yzhzj3mikcheisnm",2023,REG,ATL,17,0,0,0,0,0,0,0,0,0,0,0,0,,,0,,0,0,0,0,0,0,,0,0,0,0,0,0,0,0,0,0,,0,,0,0,0,0,0,0,0,0,0,0,0,0,0,0,0,0,0,0,0,0,0,0,0,0,0,0,0,0,0,0,0,32,37,5,0,54,0.864864864864865,0,10,10,9,3,0,0,0,0,2,3,0,49;24;33;39;25;48;24;33;37;47;24;41;51;29;49;39;52;43;23;54;36;39;22;42;20;23;47;41;35;25;38;30,47;50;52;50;42,,1162,241,0,27,28,1,0,0.964285714285714,2,2,0,0,37;51,0,0
00-0033716,C.Munson,Calvin Munson,LB,LB,"https://static.www.nfl.com/image/private/f_auto,q_auto/league/gsavlqgk7u4z9pobxxwo",2023,REG,MIA,2,0,0,0,0,0,0,0,0,0,0,0,0,,,0,,0,0,0,0,0,0,,0,0,0,0,0,0,0,0,0,0,,0,,0,0,0,0,1,1,0,0,0,0,0,0,0,0,0,0,0,0,0,0,0,0,0,0,0,0,0,0,0,0,0,0,0,0,0,,,0,0,0,0,0,0,0,0,0,0,0,0,,,,0,0,0,0,0,0,0,,0,0,0,0,,0,0
00-0033729,C.Johnston,Cameron Johnston,P,SPEC,"https://static.www.nfl.com/image/upload/f_auto,q_auto/league/ppcxjnntytozgd78mhzz",2023,REG,HOU,13,0,0,0,0,0,0,0,0,0,0,0,0,,,0,,1,-23,0,0,0,0,-1.83287000830751,0,0,0,0,0,0,0,0,0,0,,0,,0,0,0,0,0,0,0,0,0,0,0,0,0,0,0,0,0,0,0,0,0,0,0,0,0,0,0,0,0,0,0,0,0,0,0,,,0,0,0,0,0,0,0,0,0,0,0,0,,,,0,0,0,0,0,0,0,,0,0,0,0,,-2.3,-2.3
00-0033752,S.Norton,Storm Norton,OT,OL,"https://static.www.nfl.com/image/upload/f_auto,q_auto/league/mr7jtocgjgjggcgnpuko",2023,REG,ATL,1,0,0,0,0,0,0,0,0,0,0,0,0,,,0,,0,0,0,0,0,0,,0,0,0,0,0,0,0,0,0,0,,0,,0,0,0,0,0,0,0,0,0,0,0,0,0,0,0,0,0,0,0,0,0,0,0,0,0,1,5,0,0,0,0,0,0,0,0,,,0,0,0,0,0,0,0,0,0,0,0,0,,,,0,0,0,0,0,0,0,,0,0,0,0,,0,0
00-0033757,R.Tonyan,Robert Tonyan,TE,TE,"https://static.www.nfl.com/image/upload/f_auto,q_auto/league/m8h8rzmxq4sjywitqnyb",2023,REG,CHI,12,0,0,0,0,0,0,0,0,0,0,0,0,,,0,,0,0,0,0,0,0,,0,11,17,112,0,0,0,145,57,6,3.74735239456641,0,0.772413793103448,0.0356394129979036,0.0384105960264901,0.0803465367153984,0,1,0,1,0,0,0,0,0,0,0,0,0,0,0,0,0,1,1,0,0,0,0,0,0,0,0,0,0,0,0,0,,,0,0,0,0,0,0,0,0,0,0,0,0,,,,0,0,0,0,0,0,0,,0,0,0,0,,11.2,22.2
00-0033765,D.Cole,Dylan Cole,LB,LB,"https://static.www.nfl.com/image/private/f_auto,q_auto/league/wgsh2du4mjwkidx86ue5",2023,REG,CHI,5,0,0,0,0,0,0,0,0,0,0,0,0,,,0,,0,0,0,0,0,0,,0,0,0,0,0,0,0,0,0,0,,0,,0,0,0,0,2,0,2,0,0,0,0,0,0,0,0,0,0,0,0,0,0,0,0,0,0,1,5,0,0,0,0,0,0,0,0,,,0,0,0,0,0,0,0,0,0,0,0,0,,,,0,0,0,0,0,0,0,,0,0,0,0,,0,0
00-0033770,J.Hardee,Justin Hardee,DB,DB,"https://static.www.nfl.com/image/upload/f_auto,q_auto/league/mcsbislogexqzusejqkn",2023,REG,NYJ,6,0,0,0,0,0,0,0,0,0,0,0,0,,,0,,0,0,0,0,0,0,,0,0,0,0,0,0,0,0,0,0,,0,,0,0,0,0,3,0,2,0,0,0,0,0,0,0,0,0,0,0,0,0,0,0,0,0,0,2,15,0,0,0,0,0,0,0,0,,,0,0,0,0,0,0,0,0,0,0,0,0,,,,0,0,0,0,0,0,0,,0,0,0,0,,0,0
00-0033782,D.Walker,DeMarcus Walker,DE,DL,"https://static.www.nfl.com/image/upload/f_auto,q_auto/league/srytj7u2ver5a0lnanpg",2023,REG,CHI,15,0,0,0,0,0,0,0,0,0,0,0,0,,,0,,0,0,0,0,0,0,,0,0,0,0,0,0,0,0,0,0,,0,,0,0,0,0,14,3,13,7,28,0,3.5,30,16,0,0,0,0,0,0,0,0,0,0,0,0,2,10,0,0,0,0,0,0,0,0,,,0,0,0,0,0,0,0,0,0,0,0,0,,,,0,0,0,0,0,0,0,,0,0,0,0,,0,0
00-0033783,A.Witherspoon,Ahkello Witherspoon,CB,DB,"https://static.www.nfl.com/image/upload/f_auto,q_auto/league/ub7code8rbhomboifmob",2023,REG,LA,17,0,0,0,0,0,0,0,0,0,0,0,0,,,0,,0,0,0,0,0,0,,0,0,0,0,0,0,0,0,0,0,,0,,0,0,0,0,41,2,9,3,4,0,0,0,0,3,17,14,0,0,0,0,0,0,2,2,0,1,6,0,0,0,0,0,0,0,0,,,0,0,0,0,0,0,0,0,0,0,0,0,,,,0,0,0,0,0,0,0,,0,0,0,0,,0,0
00-0033784,E.Jackson,Eddie Jackson,FS,DB,"https://static.www.nfl.com/image/upload/f_auto,q_auto/league/ixwxc8m6qpilrwnuxfff",2023,REG,CHI,11,0,0,0,0,0,0,0,0,0,0,0,0,,,0,,0,0,0,0,0,0,,0,0,0,0,0,0,0,0,0,0,,0,,0,0,0,0,29,3,5,0,0,0,0,0,0,1,27,5,0,0,0,0,0,0,0,0,0,1,10,0,0,0,0,0,0,0,0,,,0,0,0,0,0,0,0,0,0,0,0,0,,,,0,0,0,0,0,0,0,,0,0,0,0,,0,0
00-0033787,J.Elliott,Jake Elliott,K,SPEC,"https://static.www.nfl.com/image/upload/f_auto,q_auto/league/v35j7b3tofdn0kfskdhj",2023,REG,PHI,17,0,0,0,0,0,0,0,0,0,0,0,0,,,0,,0,0,0,0,0,0,,0,0,0,0,0,0,0,0,0,0,,0,,0,0,0,0,0,0,0,0,0,0,0,0,0,0,0,0,0,0,0,0,0,0,0,0,0,0,0,0,0,0,0,30,32,2,0,61,0.9375,0,9,7,7,6,1,0,0,1,0,1,0,32;56;48;51;24;61;36;38;26;41;47;36;54;34;26;26;24;51;59;26;39;52;44;27;28;21;44;43;43;36,55;37,,1173,92,0,45,46,1,0,0.978260869565217,1,1,0,0,54,0,0
00-0033792,R.Ford,Rudy Ford,FS,DB,"https://static.www.nfl.com/image/private/f_auto,q_auto/league/lcxikptlx1eo7hom7hcu",2023,REG,GB,13,0,0,0,0,0,0,0,0,0,0,0,0,,,0,,0,0,0,0,0,0,,0,0,0,0,0,0,0,0,0,0,,0,,0,0,0,0,39,8,24,0,0,0,0,0,0,2,30,6,0,0,0,0,0,0,1,1,0,3,31,0,0,0,0,0,0,0,0,,,0,0,0,0,0,0,0,0,0,0,0,0,,,,0,0,0,0,0,0,0,,0,0,0,0,,0,0
00-0033793,C.Levin,Corey Levin,G,OL,"https://static.www.nfl.com/image/upload/f_auto,q_auto/league/fdfrozned9wsdhjth5cr",2023,REG,TEN,1,0,0,0,0,0,0,0,0,0,0,0,0,,,0,,0,0,0,0,0,0,,0,0,0,0,0,0,0,0,0,0,,0,,0,0,0,0,0,0,0,0,0,0,0,0,0,0,0,0,0,0,0,0,0,0,0,0,0,0,0,0,0,0,0,0,0,0,0,,,0,0,0,0,0,0,0,0,0,0,0,0,,,,0,0,0,0,0,0,0,,0,0,0,0,,0,0
00-0033831,A.Wylie,Andrew Wylie,G,OL,"https://static.www.nfl.com/image/upload/f_auto,q_auto/league/ocotasgekygqeq8tmgzh",2023,REG,WAS,5,0,0,0,0,0,0,0,0,0,0,0,0,,,0,,0,0,0,0,0,0,,0,0,0,0,0,0,0,0,0,0,,0,,0,0,0,0,0,0,0,0,0,0,0,0,0,0,0,0,0,0,0,0,2,2,0,0,0,4,35,0,0,0,0,0,0,0,0,,,0,0,0,0,0,0,0,0,0,0,0,0,,,,0,0,0,0,0,0,0,,0,0,0,0,,0,0
00-0033854,D.Ogunbowale,Dare Ogunbowale,RB,RB,"https://static.www.nfl.com/image/upload/f_auto,q_auto/league/bsm0k0jkytuiej2riudv",2023,REG,HOU,9,0,0,0,0,0,0,0,0,0,0,0,0,,,0,,8,35,0,0,0,2,-2.00453814442335,0,2,7,18,0,0,0,31,5,0,-10.0437842081301,0,0.580645161290323,0.0123674911660777,0.00598802395209581,0.0227428535155837,0,5,0,2,0,0,1,0,0,0,0,0,0,0,0,0,0,1,1,0,0,0,0,0,0,0,0,0,1,1,0,0,29,1,0,1,0,0,0,0,0,0,0,0,0,0,29,,,29,0,0,0,0,0,0,,0,0,0,0,,5.3,7.3
00-0033856,L.Fournette,Leonard Fournette,RB,RB,"https://static.www.nfl.com/image/private/f_auto,q_auto/league/atxppoc7zqcjnbnk0awz",2023,REG,BUF,2,0,0,0,0,0,0,0,0,0,0,0,0,,,0,,12,40,0,0,0,2,-1.12259652133798,0,0,0,0,0,0,0,0,0,0,,0,,0,0,0,0,0,0,0,0,0,0,0,0,0,0,0,0,0,0,0,0,0,0,0,0,0,0,0,0,0,1,17,0,0,0,0,,,0,0,0,0,0,0,0,0,0,0,0,0,,,,0,0,0,0,0,0,0,,0,0,0,0,,4,4
00-0033857,J.Smith-Schuster,JuJu Smith-Schuster,WR,WR,"https://static.www.nfl.com/image/upload/f_auto,q_auto/league/fmjrhk2zt9z22uifctv0",2023,REG,NE,11,0,0,0,0,0,0,0,0,0,0,0,0,,,0,,0,0,0,0,0,0,,0,29,47,260,1,0,0,338,94,13,-10.3457660471322,0,0.769230769230769,0.0868761552680222,0.08251953125,0.188077904777033,0,2,0,0,0,0,0,0,0,0,0,0,0,0,0,0,0,1,1,0,0,0,4,30,0,0,0,0,0,0,0,0,,,0,0,0,0,0,0,0,0,0,0,0,0,,,,0,0,0,0,0,0,0,,0,0,0,0,,32,61
00-0033858,J.Smith,Jonnu Smith,TE,TE,"https://static.www.nfl.com/image/upload/f_auto,q_auto/league/egd6llghj3n5wfdrqacw",2023,REG,ATL,17,0,1,0,0,0,0,0,0,0,7,0,0,-0.861830357287545,-42.9821521043777,0,0,1,0,0,0,0,0,-0.42153468017932,0,50,70,582,3,1,1,458,357,26,9.00675330337597,0,1.2707423580786,0.137795275590551,0.105408515535098,0.280478874260395,0,3,0,0,0,0,0,0,0,0,0,0,0,0,0,0,0,0,0,0,0,0,3,20,0,0,0,0,0,0,0,0,,,0,0,0,0,0,0,0,0,0,0,0,0,,,,0,0,0,0,0,0,0,,0,0,0,0,,74.2,124.2
00-0033860,D.Godchaux,Davon Godchaux,DT,DL,"https://static.www.nfl.com/image/upload/f_auto,q_auto/league/ggliw5fteiagipksotkk",2023,REG,NE,17,0,0,0,0,0,0,0,0,0,0,0,0,,,0,,0,0,0,0,0,0,,0,0,0,0,0,0,0,0,0,0,,0,,0,0,0,0,16,8,32,1,1,0,0,0,1,0,0,0,0,0,0,0,0,0,1,1,0,1,5,0,0,0,0,0,0,0,0,,,0,0,0,0,0,0,0,0,0,0,0,0,,,,0,0,0,0,0,0,0,,0,0,0,0,,0,0
00-0033863,D.Skipper,Dan Skipper,OT,OL,"https://static.www.nfl.com/image/upload/f_auto,q_auto/league/umcplds2xhmcs6wijlpw",2023,REG,DET,2,0,0,0,0,0,0,0,0,0,0,0,0,,,0,,0,0,0,0,0,0,,0,1,1,4,0,0,0,-1,5,0,-0.00892907241359353,0,0,0.00174216027874564,-0.000244738130200685,0.00244192372697799,0,0,0,0,0,0,0,0,0,0,0,0,0,0,0,0,0,0,0,0,0,0,1,10,0,0,0,0,0,0,0,0,,,0,0,0,0,0,0,0,0,0,0,0,0,,,,0,0,0,0,0,0,0,,0,0,0,0,,0.4,1.4
00-0033868,M.Garrett,Myles Garrett,DE,DL,"https://static.www.nfl.com/image/private/f_auto,q_auto/league/y33rmtjxhgil7cjcftlc",2023,REG,CLE,15,0,0,0,0,0,0,0,0,0,0,0,0,,,0,,0,0,0,0,0,0,,0,0,0,0,0,0,0,0,0,0,,0,,0,0,0,0,26,7,9,15,88,4,14,101.5,30,0,0,3,0,0,0,0,0,0,1,1,0,6,30,0,0,0,0,0,0,0,0,,,0,0,0,0,0,0,0,0,0,0,0,0,,,,0,0,0,0,0,0,0,,0,0,0,0,,0,0
00-0033869,M.Trubisky,Mitchell Trubisky,QB,QB,"https://static.www.nfl.com/image/upload/f_auto,q_auto/league/fw9ec0v5pn3sorobytpb",2023,REG,PIT,5,67,107,632,4,5,7,-42,0,0,983,274,36,-18.5965319398425,-2.2353558586194,1,0.64292980671414,16,54,2,1,1,7,-0.689964002172928,0,0,0,0,0,0,0,0,0,0,,0,,0,0,0,0,0,0,0,0,0,0,0,0,0,0,0,0,0,0,0,0,1,2,0,0,0,0,0,0,0,0,0,0,0,0,0,,,0,0,0,0,0,0,0,0,0,0,0,0,,,,0,0,0,0,0,0,0,,0,0,0,0,,48.68,48.68
00-0033870,S.Thomas,Solomon Thomas,DE,DL,"https://static.www.nfl.com/image/upload/f_auto,q_auto/league/pk5ozcdcbehjnw3txvu8",2023,REG,NYJ,16,0,0,0,0,0,0,0,0,0,0,0,0,,,0,,0,0,0,0,0,0,,0,0,0,0,0,0,0,0,0,0,,0,,0,0,0,0,12,3,16,6,31,0,5,33,6,0,0,1,0,0,0,0,0,0,0,0,0,3,25,0,0,0,0,0,0,0,0,,,0,0,0,0,0,0,0,0,0,0,0,0,,,,0,0,0,0,0,0,0,,0,0,0,0,,0,0
00-0033872,J.Adams,Jamal Adams,LB,LB,"https://static.www.nfl.com/image/upload/f_auto,q_auto/league/plodzh6kwjvhpo2mf3ie",2023,REG,SEA,9,0,0,0,0,0,0,0,0,0,0,0,0,,,0,,0,0,0,0,0,0,,0,0,0,0,0,0,0,0,0,0,,0,,0,0,0,0,28,6,14,6,14,0,0,0,2,0,0,2,0,0,0,0,0,0,0,0,0,0,0,0,0,0,0,0,0,0,0,,,0,0,0,0,0,0,0,0,0,0,0,0,,,,0,0,0,0,0,0,0,,0,0,0,0,,0,0
00-0033873,P.Mahomes,Patrick Mahomes,QB,QB,"https://static.www.nfl.com/image/upload/f_auto,q_auto/league/iireqbn32cpg9fn4sfy7",2023,REG,KC,16,401,597,4183,27,14,27,-186,4,3,3873,2555,206,50.961515690338,2.7465315635094,0,1.08004131164472,75,389,0,1,0,28,13.3321867141371,0,0,0,0,0,0,0,0,0,0,,0,,0,0,0,0,1,0,0,0,0,0,0,0,0,0,0,0,0,0,0,0,4,4,0,0,0,2,31,0,0,0,0,0,0,0,0,,,0,0,0,0,0,0,0,0,0,0,0,0,,,,0,0,0,0,0,0,0,,0,0,0,0,,280.22,280.22
00-0033874,M.Lattimore,Marshon Lattimore,CB,DB,"https://static.www.nfl.com/image/upload/f_auto,q_auto/league/z4npwlwl5teozc1lp8ky",2023,REG,NO,10,0,0,0,0,0,0,0,0,0,0,0,0,,,0,,0,0,0,0,0,0,,0,0,0,0,0,0,0,0,0,0,,0,,0,0,0,0,34,5,9,1,1,0,0,0,0,1,0,8,0,0,0,0,0,0,0,0,0,4,65,0,0,0,0,0,0,0,0,,,0,0,0,0,0,0,0,0,0,0,0,0,,,,0,0,0,0,0,0,0,,0,0,0,0,,0,0
00-0033875,H.Reddick,Haason Reddick,OLB,LB,"https://static.www.nfl.com/image/upload/f_auto,q_auto/league/to1hxe921e7wc8rarebt",2023,REG,PHI,15,0,0,0,0,0,0,0,0,0,0,0,0,,,0,,0,0,0,0,0,0,,0,0,0,0,0,0,0,0,0,0,,0,,0,0,0,0,28,1,9,13,83,1,11,80,23,0,0,1,0,0,0,0,0,0,0,0,0,2,30,0,0,0,0,0,0,0,0,,,0,0,0,0,0,0,0,0,0,0,0,0,,,,0,0,0,0,0,0,0,,0,0,0,0,,0,0
00-0033876,D.Barnett,Derek Barnett,DE,DL,"https://static.www.nfl.com/image/upload/f_auto,q_auto/league/eh9ienpeakbbr9mw4vlm",2023,REG,HOU,7,0,0,0,0,0,0,0,0,0,0,0,0,,,0,,0,0,0,0,0,0,,0,0,0,0,0,0,0,0,0,0,,0,,0,0,0,0,9,3,10,7,23,0,2.5,18,11,0,0,1,0,0,0,0,0,0,0,0,0,0,0,0,0,0,0,0,0,0,0,,,0,0,0,0,0,0,0,0,0,0,0,0,,,,0,0,0,0,0,0,0,,0,0,0,0,,0,0
00-0033877,M.Hooker,Malik Hooker,FS,DB,"https://static.www.nfl.com/image/upload/f_auto,q_auto/league/juvd0vtnne04b8fbqaf6",2023,REG,DAL,14,0,0,0,0,0,0,0,0,0,0,0,0,,,0,,0,0,0,0,0,0,,0,0,0,0,0,0,0,0,0,0,,0,,0,0,0,0,24,3,23,1,2,1,0,0,0,1,0,3,0,0,0,0,0,0,1,1,0,0,0,0,0,0,0,0,0,0,0,,,0,0,0,0,0,0,0,0,0,0,0,0,,,,0,0,0,0,0,0,0,,0,0,0,0,,0,0
00-0033878,A.Jackson,Adoree' Jackson,CB,DB,"https://static.www.nfl.com/image/upload/f_auto,q_auto/league/jtskiyzkosuajjatls72",2023,REG,NYG,14,0,0,0,0,0,0,0,0,0,0,0,0,,,0,,0,0,0,0,0,0,,0,0,0,0,0,0,0,0,0,0,,0,,0,0,0,0,43,6,14,0,0,1,0,0,0,1,76,8,1,0,0,0,0,0,0,0,0,3,40,0,0,0,0,0,0,0,0,,,0,0,0,0,0,0,0,0,0,0,0,0,,,,0,0,0,0,0,0,0,,0,0,0,0,,0,0
00-0033880,C.Harris,Charles Harris,LB,LB,"https://static.www.nfl.com/image/upload/f_auto,q_auto/league/xssxsqkbd4osqsrbtxr5",2023,REG,DET,8,0,0,0,0,0,0,0,0,0,0,0,0,,,0,,0,0,0,0,0,0,,0,0,0,0,0,0,0,0,0,0,,0,,0,0,0,0,9,1,3,1,7,0,1.5,12.5,5,0,0,0,0,0,0,0,0,0,0,0,0,1,15,0,0,0,0,0,0,0,0,,,0,0,0,0,0,0,0,0,0,0,0,0,,,,0,0,0,0,0,0,0,,0,0,0,0,,0,0
00-0033881,E.Engram,Evan Engram,TE,TE,"https://static.www.nfl.com/image/upload/f_auto,q_auto/league/vsrjso6phkjqki88qw9y",2023,REG,JAX,17,0,0,0,0,0,0,0,0,0,0,0,0,,,0,,0,0,0,0,0,0,,0,114,143,963,4,3,2,716,516,47,10.2453422876705,0,1.34497206703911,0.235584843492587,0.143746235695643,0.45399963022583,0,3,0,0,0,0,0,0,0,0,0,0,0,0,0,0,0,1,1,0,0,0,3,25,0,0,0,0,0,0,0,0,,,0,0,0,0,0,0,0,0,0,0,0,0,,,,0,0,0,0,0,0,0,,0,0,0,0,,116.3,230.3
00-0033883,J.Peppers,Jabrill Peppers,FS,DB,"https://static.www.nfl.com/image/upload/f_auto,q_auto/league/ibsp6bicwpzoghc9mofe",2023,REG,NE,15,0,0,0,0,0,0,0,0,0,0,0,0,,,0,,0,0,0,0,0,0,,0,0,0,0,0,0,0,0,0,0,,0,,0,0,0,0,49,3,26,5,13,1,1,7,2,2,33,8,0,2,0,0,0,0,1,1,0,2,25,4,26,0,0,0,0,0,0,,,0,0,0,0,0,0,0,0,0,0,0,0,,,,0,0,0,0,0,0,0,,0,0,0,0,,0,0
00-0033884,T.White,Tre'Davious White,CB,DB,"https://static.www.nfl.com/image/upload/f_auto,q_auto/league/uxwbh1qimnyieywlu6ic",2023,REG,BUF,4,0,0,0,0,0,0,0,0,0,0,0,0,,,0,,0,0,0,0,0,0,,0,0,0,0,0,0,0,0,0,0,,0,,0,0,0,0,8,2,2,1,2,0,0,0,1,1,2,2,0,0,0,0,0,0,0,0,0,1,5,0,0,0,0,0,0,0,0,,,0,0,0,0,0,0,0,0,0,0,0,0,,,,0,0,0,0,0,0,0,,0,0,0,0,,0,0
00-0033885,D.Njoku,David Njoku,TE,TE,"https://static.www.nfl.com/image/upload/f_auto,q_auto/league/gdwtgcfz3mxj6codxdpn",2023,REG,CLE,16,0,0,0,0,0,0,0,0,0,0,0,0,,,0,,0,0,0,0,0,0,,0,81,123,882,6,2,2,566,599,35,-11.4415952289306,0,1.5583038869258,0.206030150753769,0.106812606152104,0.383814050437126,0,2,0,0,0,0,0,0,0,0,0,0,0,0,0,0,0,0,0,0,0,0,1,5,0,0,0,0,0,0,0,0,,,0,0,0,0,0,0,0,0,0,0,0,0,,,,0,0,0,0,0,0,0,,0,0,0,0,,120.2,201.2
00-0033886,T.Watt,T.J. Watt,OLB,LB,"https://static.www.nfl.com/image/upload/f_auto,q_auto/league/aywegy4gpj1d32vrl67u",2023,REG,PIT,17,0,0,0,0,0,0,0,0,0,0,0,0,,,0,,0,0,0,0,0,0,,0,0,0,0,0,0,0,0,0,0,,0,,0,0,0,0,38,9,20,19,103,4,19,122,36,1,24,8,0,0,0,0,0,0,3,3,1,4,50,0,0,0,0,0,0,0,0,,,0,0,0,0,0,0,0,0,0,0,0,0,,,,0,0,0,0,0,0,0,,0,0,0,0,,0,0
00-0033888,R.Ramczyk,Ryan Ramczyk,OT,OL,"https://static.www.nfl.com/image/private/f_auto,q_auto/league/oauaar0dbefdcwjksxde",2023,REG,NO,2,0,0,0,0,0,0,0,0,0,0,0,0,,,0,,0,0,0,0,0,0,,0,0,0,0,0,0,0,0,0,0,,0,,0,0,0,0,0,0,0,0,0,0,0,0,0,0,0,0,0,0,0,0,0,0,0,0,0,3,25,0,0,0,0,0,0,0,0,,,0,0,0,0,0,0,0,0,0,0,0,0,,,,0,0,0,0,0,0,0,,0,0,0,0,,0,0
00-0033889,C.Robinson,Cam Robinson,OT,OL,"https://static.www.nfl.com/image/upload/f_auto,q_auto/league/lqgjpx9ttpdhpbvswdly",2023,REG,JAX,2,0,0,0,0,0,0,0,0,0,0,0,0,,,0,,0,0,0,0,0,0,,0,0,0,0,0,0,0,0,0,0,,0,,0,0,0,0,0,0,0,0,0,0,0,0,0,0,0,0,0,0,0,0,0,0,0,0,0,2,8,0,0,0,0,0,0,0,0,,,0,0,0,0,0,0,0,0,0,0,0,0,,,,0,0,0,0,0,0,0,,0,0,0,0,,0,0
00-0033890,B.Baker,Budda Baker,S,DB,"https://static.www.nfl.com/image/upload/f_auto,q_auto/league/ja3tkctpkfcschgpowoe",2023,REG,ARI,12,0,0,0,0,0,0,0,0,0,0,0,0,,,0,,0,0,0,0,0,0,,0,0,0,0,0,0,0,0,0,0,,0,,0,0,0,0,47,11,29,5,18,0,0,0,0,0,0,0,0,0,0,0,0,0,0,0,0,0,0,0,0,0,0,0,0,0,0,,,0,0,0,0,0,0,0,0,0,0,0,0,,,,0,0,0,0,0,0,0,,0,0,0,0,,0,0
00-0033891,Z.Jones,Zay Jones,WR,WR,"https://static.www.nfl.com/image/upload/f_auto,q_auto/league/qihjjzfk0vwzoyrzztkq",2023,REG,JAX,9,0,0,0,0,0,0,0,0,0,0,0,0,,,0,,0,0,0,0,0,0,,0,34,64,321,2,0,0,871,51,14,-4.41660873523967,0,0.368541905855339,0.105436573311367,0.174864485043164,0.280559999497266,0,2,0,0,0,0,0,0,0,0,0,0,0,0,0,0,0,0,0,0,0,0,0,0,0,0,0,0,0,0,0,0,,,0,0,0,0,0,0,0,0,0,0,0,0,,,,0,0,0,0,0,0,0,,0,0,0,0,,44.1,78.1
00-0033892,M.Maye,Marcus Maye,FS,DB,"https://static.www.nfl.com/image/upload/f_auto,q_auto/league/jkqmwuujqfh8kir8wzdq",2023,REG,NO,7,0,0,0,0,0,0,0,0,0,0,0,0,,,0,,0,0,0,0,0,0,,0,0,0,0,0,0,0,0,0,0,,0,,0,0,0,0,23,4,10,2,2,0,1,0,0,2,5,2,0,0,0,0,0,0,0,0,0,1,5,0,0,0,0,0,0,0,0,,,0,0,0,0,0,0,0,0,0,0,0,0,,,,0,0,0,0,0,0,0,,0,0,0,0,,0,0
00-0033893,D.Cook,Dalvin Cook,RB,RB,"https://static.www.nfl.com/image/upload/f_auto,q_auto/league/uurolop9ktcloxqh4fid",2023,REG,NYJ,14,0,0,0,0,0,0,0,0,0,0,0,0,,,0,,67,214,0,2,2,10,-24.8627181499614,0,15,20,78,0,0,0,-23,106,3,-2.27413272217382,0,-3.39130434782609,0.0355239786856128,-0.00575,0.0492609680284192,0,0,0,0,0,0,0,0,0,0,0,0,0,0,0,0,0,0,0,0,0,0,0,0,0,0,0,0,0,0,0,0,,,0,0,0,0,0,0,0,0,0,0,0,0,,,,0,0,0,0,0,0,0,,0,0,0,0,,25.2,40.2
00-0033894,M.Williams,Marcus Williams,FS,DB,"https://static.www.nfl.com/image/upload/f_auto,q_auto/league/niqp2dje7qvlegxtsttn",2023,REG,BAL,11,0,0,0,0,0,0,0,0,0,0,0,0,,,0,,0,0,0,0,0,0,,0,0,0,0,0,0,0,0,0,0,,0,,0,0,0,0,28,7,20,1,1,0,0,0,0,1,22,8,0,0,0,0,0,0,0,0,0,2,37,0,0,0,0,0,0,0,0,,,0,0,0,0,0,0,0,0,0,0,0,0,,,,0,0,0,0,0,0,0,,0,0,0,0,,0,0
00-0033895,G.Everett,Gerald Everett,TE,TE,"https://static.www.nfl.com/image/upload/f_auto,q_auto/league/aayw74rhaupmfnnikzak",2023,REG,LAC,15,0,0,0,0,0,0,0,0,0,0,0,0,,,0,,3,10,0,0,0,0,-0.736174520337954,0,51,70,411,3,3,0,282,275,25,7.63298667292111,0,1.45744680851064,0.11400651465798,0.0595816606803296,0.212716934463201,0,0,0,0,0,0,0,0,0,0,0,0,0,0,0,0,0,0,0,0,0,0,0,0,0,0,0,0,0,0,0,0,,,0,0,0,0,0,0,0,0,0,0,0,0,,,,0,0,0,0,0,0,0,,0,0,0,0,,60.1,111.1
00-0033897,J.Mixon,Joe Mixon,RB,RB,"https://static.www.nfl.com/image/upload/f_auto,q_auto/league/gwyhozfhjgedwdmmjjcf",2023,REG,CIN,17,0,0,0,0,0,0,0,0,0,0,0,0,,,0,,257,1034,9,0,0,59,-18.0473119154472,0,52,64,376,3,0,0,-114,463,14,3.35145626563313,1,-3.29824561403509,0.108108108108108,-0.0293965961835998,0.141584544833642,0,0,0,0,0,0,0,0,0,0,0,0,0,0,0,0,0,0,0,0,0,0,1,5,0,0,0,0,0,0,0,0,,,0,0,0,0,0,0,0,0,0,0,0,0,,,,0,0,0,0,0,0,0,,0,0,0,0,,215,267
00-0033898,J.Evans,Justin Evans,S,DB,"https://static.www.nfl.com/image/private/f_auto,q_auto/league/yvwsol3k2i8tj09emubw",2023,REG,PHI,4,0,0,0,0,0,0,0,0,0,0,0,0,,,0,,0,0,0,0,0,0,,0,0,0,0,0,0,0,0,0,0,,0,,0,0,0,0,9,0,6,0,0,1,0,0,0,0,0,2,0,0,0,0,0,0,1,1,0,0,0,0,0,0,0,0,0,0,0,,,0,0,0,0,0,0,0,0,0,0,0,0,,,,0,0,0,0,0,0,0,,0,0,0,0,,0,0
00-0033901,E.Pocic,Ethan Pocic,C,OL,"https://static.www.nfl.com/image/upload/f_auto,q_auto/league/yl6ylttfhl37pjf4iqxi",2023,REG,CLE,5,0,0,0,0,0,0,0,0,0,0,0,0,,,0,,0,0,0,0,0,0,,0,0,0,0,0,0,0,0,0,0,,0,,0,0,0,0,0,0,0,0,0,0,0,0,0,0,0,0,0,0,0,0,0,0,0,0,0,5,33,0,0,0,0,0,0,0,0,,,0,0,0,0,0,0,0,0,0,0,0,0,,,,0,0,0,0,0,0,0,,0,0,0,0,,0,0
00-0033902,T.Kpassagnon,Tanoh Kpassagnon,DE,DL,"https://static.www.nfl.com/image/private/f_auto,q_auto/league/ilr1bs7qesfq7fryeetc",2023,REG,NO,11,0,0,0,0,0,0,0,0,0,0,0,0,,,0,,0,0,0,0,0,0,,0,0,0,0,0,0,0,0,0,0,,0,,0,0,0,0,10,2,7,4,21,0,3.5,24,9,0,0,2,0,0,0,0,0,0,0,0,0,0,0,0,0,0,0,0,0,0,0,,,0,0,0,0,0,0,0,0,0,0,0,0,,,,0,0,0,0,0,0,0,,0,0,0,0,,0,0
00-0033904,D.Dawkins,Dion Dawkins,OT,OL,"https://static.www.nfl.com/image/upload/f_auto,q_auto/league/wuczkzxwxypvr9ssis5h",2023,REG,BUF,5,0,0,0,0,0,0,0,0,0,0,0,0,,,0,,0,0,0,0,0,0,,0,0,0,0,0,0,0,0,0,0,,0,,0,0,0,0,0,0,0,0,0,0,0,0,0,0,0,0,0,0,0,0,0,0,0,0,0,6,60,0,0,0,0,0,0,0,0,,,0,0,0,0,0,0,0,0,0,0,0,0,,,,0,0,0,0,0,0,0,,0,0,0,0,,0,0
00-0033905,L.Ogunjobi,Larry Ogunjobi,DT,DL,"https://static.www.nfl.com/image/upload/f_auto,q_auto/league/gt0gj15hsswookg40d39",2023,REG,PIT,17,0,0,0,0,0,0,0,0,0,0,0,0,,,0,,0,0,0,0,0,0,,0,0,0,0,0,0,0,0,0,0,,0,,0,0,0,0,14,7,22,3,16,1,3,16,8,0,0,2,0,0,0,0,0,0,2,2,0,1,5,0,0,0,0,0,0,0,0,,,0,0,0,0,0,0,0,0,0,0,0,0,,,,0,0,0,0,0,0,0,,0,0,0,0,,0,0
00-0033906,A.Kamara,Alvin Kamara,RB,RB,"https://static.www.nfl.com/image/upload/f_auto,q_auto/league/uay6uo9lonegelngihki",2023,REG,NO,13,0,0,0,0,0,0,0,0,0,0,0,0,,,0,,180,694,5,0,0,44,-1.03902008270938,2,75,86,466,1,0,0,5,501,23,3.35124011511063,1,93.2,0.14853195164076,0.000996810207336523,0.223495694606275,0,0,0,1,0,0,0,0,0,0,0,0,0,0,0,0,0,0,0,0,0,0,0,0,0,0,0,0,0,0,0,0,,,0,0,0,0,0,0,0,0,0,0,0,0,,,,0,0,0,0,0,0,0,,0,0,0,0,,158,233
00-0033907,D.Smoot,Dawuane Smoot,DE,DL,"https://static.www.nfl.com/image/upload/f_auto,q_auto/league/gmwsx9fddqfaqsm6dx0a",2023,REG,JAX,8,0,0,0,0,0,0,0,0,0,0,0,0,,,0,,0,0,0,0,0,0,,0,0,0,0,0,0,0,0,0,0,,0,,0,0,0,0,6,2,2,0,0,1,1,6,4,0,0,0,0,0,0,0,0,0,0,0,0,0,0,0,0,0,0,0,0,0,0,,,0,0,0,0,0,0,0,0,0,0,0,0,,,,0,0,0,0,0,0,0,,0,0,0,0,,0,0
00-0033908,C.Kupp,Cooper Kupp,WR,WR,"https://static.www.nfl.com/image/upload/f_auto,q_auto/league/lpaxi9rsedlg9sdr5quw",2023,REG,LA,12,0,0,0,0,0,0,0,0,0,0,0,0,,,0,,1,-3,0,0,0,0,-0.944882621057332,0,59,95,737,5,0,0,781,322,33,9.77119119279009,1,0.943661971830986,0.171171171171171,0.173285999556246,0.378056956446129,0,1,0,1,0,0,0,0,0,0,0,0,0,0,0,0,0,1,1,0,0,0,2,15,0,0,0,0,0,0,0,0,,,0,0,0,0,0,0,0,0,0,0,0,0,,,,0,0,0,0,0,0,0,,0,0,0,0,,105.4,164.4
00-0033910,D.Feeney,Dan Feeney,G,OL,"https://static.www.nfl.com/image/upload/f_auto,q_auto/league/uekvg3imrdcjlstbqgbz",2023,REG,CHI,1,0,0,0,0,0,0,0,0,0,0,0,0,,,0,,0,0,0,0,0,0,,0,0,0,0,0,0,0,0,0,0,,0,,0,0,0,0,0,0,0,0,0,0,0,0,0,0,0,0,0,0,0,0,0,0,0,0,0,1,10,0,0,0,0,0,0,0,0,,,0,0,0,0,0,0,0,0,0,0,0,0,,,,0,0,0,0,0,0,0,,0,0,0,0,,0,0
00-0033913,C.Wormley,Chris Wormley,NT,DL,"https://static.www.nfl.com/image/upload/f_auto,q_auto/league/qqmbvbpitcgchhjcptve",2023,REG,CAR,2,0,0,0,0,0,0,0,0,0,0,0,0,,,0,,0,0,0,0,0,0,,0,0,0,0,0,0,0,0,0,0,,0,,0,0,0,0,1,0,3,0,0,0,0,0,0,0,0,0,0,0,0,0,0,0,0,0,0,0,0,0,0,0,0,0,0,0,0,,,0,0,0,0,0,0,0,0,0,0,0,0,,,,0,0,0,0,0,0,0,,0,0,0,0,,0,0
00-0033914,A.Anzalone,Alex Anzalone,MLB,LB,"https://static.www.nfl.com/image/upload/f_auto,q_auto/league/gbqizpfxe7nsijlw4gwv",2023,REG,DET,16,0,0,0,0,0,0,0,0,0,0,0,0,,,0,,0,0,0,0,0,0,,0,0,0,0,0,0,0,0,0,0,,0,,0,0,0,0,71,14,44,5,35,0,3,32,12,0,0,6,0,0,0,0,0,0,1,1,0,5,85,0,0,0,0,0,0,0,0,,,0,0,0,0,0,0,0,0,0,0,0,0,,,,0,0,0,0,0,0,0,,0,0,0,0,,0,0
00-0033918,F.Moreau,Fabian Moreau,CB,DB,"https://static.www.nfl.com/image/upload/f_auto,q_auto/league/osj1pbe8mj5f7h47l2op",2023,REG,DEN,12,0,0,0,0,0,0,0,0,0,0,0,0,,,0,,0,0,0,0,0,0,,0,0,0,0,0,0,0,0,0,0,,0,,0,0,0,0,30,3,13,1,1,0,0,0,0,1,9,7,0,0,0,0,0,0,0,0,0,5,34,0,0,0,0,0,0,0,0,,,0,0,0,0,0,0,0,0,0,0,0,0,,,,0,0,0,0,0,0,0,,0,0,0,0,,0,0
00-0033921,C.Godwin,Chris Godwin Jr.,WR,WR,"https://static.www.nfl.com/image/upload/f_auto,q_auto/league/ilkheljdx4hbjpisulke",2023,REG,TB,17,0,1,0,0,0,0,0,0,0,18,0,0,-0.711173077928834,-55.3164124488831,0,0,4,38,1,0,0,3,3.31536769098602,0,83,130,1024,2,0,0,1180,376,53,45.0549125922515,1,0.867796610169492,0.236363636363636,0.242548818088386,0.524329627207325,0,1,0,1,0,0,0,0,0,0,0,0,0,0,0,0,0,0,0,0,0,0,0,0,0,0,0,0,0,0,0,0,,,0,0,0,0,0,0,0,0,0,0,0,0,,,,0,0,0,0,0,0,0,,0,0,0,0,,126.2,209.2
00-0033923,K.Hunt,Kareem Hunt,RB,RB,"https://static.www.nfl.com/image/upload/f_auto,q_auto/league/hktvzf8hiupoycyg1kmc",2023,REG,CLE,15,0,0,0,0,0,0,0,0,0,0,0,0,,,0,,135,411,9,0,0,38,-4.94367523786647,0,15,21,84,0,0,0,-6,98,5,-2.76608950400259,0,-14,0.0351758793969849,-0.00113228911115305,0.0519712167176703,0,0,0,0,0,0,0,0,0,0,0,0,0,0,0,0,0,1,1,0,0,0,0,0,0,0,0,0,0,0,0,0,,,0,0,0,0,0,0,0,0,0,0,0,0,,,,0,0,0,0,0,0,0,,0,0,0,0,,103.5,118.5
00-0033925,D.Foreman,D'Onta Foreman,RB,RB,"https://static.www.nfl.com/image/upload/f_auto,q_auto/league/shlxaet74pmn8arznphw",2023,REG,CHI,9,0,0,0,0,0,0,0,0,0,0,0,0,,,0,,109,425,4,1,0,24,-4.14315042519593,0,11,16,77,1,0,0,21,65,6,1.20445104618557,0,3.66666666666667,0.0335429769392034,0.00556291390728477,0.0542085051439044,0,0,0,0,0,0,0,0,0,0,0,0,0,0,0,0,0,0,0,0,0,0,1,5,0,0,0,0,0,0,0,0,,,0,0,0,0,0,0,0,0,0,0,0,0,,,,0,0,0,0,0,0,0,,0,0,0,0,,80.2,91.2
00-0033926,S.Griffin,Shaquill Griffin,CB,DB,"https://static.www.nfl.com/image/upload/f_auto,q_auto/league/jybewrw2vsf17rxds4tv",2023,REG,CAR,9,0,0,0,0,0,0,0,0,0,0,0,0,,,0,,0,0,0,0,0,0,,0,0,0,0,0,0,0,0,0,0,,0,,0,0,0,0,26,3,10,0,0,0,0,0,0,1,0,5,0,0,0,0,0,0,0,0,0,5,81,0,0,0,0,0,0,0,0,,,0,0,0,0,0,0,0,0,0,0,0,0,,,,0,0,0,0,0,0,0,,0,0,0,0,,0,0
00-0033927,J.Johnson,John Johnson,DB,DB,"https://static.www.nfl.com/image/private/f_auto,q_auto/league/herqvjadd4i3jbhwszqt",2023,REG,LA,11,0,0,0,0,0,0,0,0,0,0,0,0,,,0,,0,0,0,0,0,0,,0,0,0,0,0,0,0,0,0,0,,0,,0,0,0,0,24,0,18,0,0,0,0,0,0,2,44,6,0,0,0,0,0,0,0,0,0,0,0,0,0,0,0,0,0,0,0,,,0,0,0,0,0,0,0,0,0,0,0,0,,,,0,0,0,0,0,0,0,,0,0,0,0,,0,0
00-0033928,J.Lewis,Jourdan Lewis,CB,DB,"https://static.www.nfl.com/image/upload/f_auto,q_auto/league/tba0nqjehzlrgwtvlvvf",2023,REG,DAL,15,0,0,0,0,0,0,0,0,0,0,0,0,,,0,,0,0,0,0,0,0,,0,0,0,0,0,0,0,0,0,0,,0,,0,0,0,0,33,3,16,2,4,3,0,0,0,1,0,5,0,0,0,0,0,0,2,2,0,2,10,0,0,0,0,0,0,0,0,,,0,0,0,0,0,0,0,0,0,0,0,0,,,,0,0,0,0,0,0,0,,0,0,0,0,,0,0
00-0033929,M.Adams,Montravius Adams,DT,DL,"https://static.www.nfl.com/image/upload/f_auto,q_auto/league/weqjlnkvdzbk0usa3v7i",2023,REG,PIT,10,0,0,0,0,0,0,0,0,0,0,0,0,,,0,,0,0,0,0,0,0,,0,0,0,0,0,0,0,0,0,0,,0,,0,0,0,0,6,5,13,2,4,1,0,0,0,0,0,1,0,0,0,0,0,0,0,0,0,0,0,0,0,0,0,0,0,0,0,,,0,0,0,0,0,0,0,0,0,0,0,0,,,,0,0,0,0,0,0,0,,0,0,0,0,,0,0
00-0033930,C.Sutton,Cameron Sutton,CB,DB,"https://static.www.nfl.com/image/upload/f_auto,q_auto/league/rykly25j9mir0ygcnrs6",2023,REG,DET,17,0,0,0,0,0,0,0,0,0,0,0,0,,,0,,0,0,0,0,0,0,,0,0,0,0,0,0,0,0,0,0,,0,,0,0,0,0,46,4,15,4,8,1,0,0,0,1,23,6,0,0,0,0,0,0,0,0,0,5,65,0,0,0,0,0,0,0,0,,,0,0,0,0,0,0,0,0,0,0,0,0,,,,0,0,0,0,0,0,0,,0,0,0,0,,0,0
00-0033935,T.Hendrickson,Trey Hendrickson,DE,DL,"https://static.www.nfl.com/image/upload/f_auto,q_auto/league/gfdlbzmukca60bgo3lr7",2023,REG,CIN,17,0,0,0,0,0,0,0,0,0,0,0,0,,,0,,0,0,0,0,0,0,,0,0,0,0,0,0,0,0,0,0,,0,,0,0,0,0,25,3,15,16,100,3,17.5,121.5,25,0,0,3,0,0,0,0,0,0,0,0,0,4,30,0,0,0,0,0,0,0,0,,,0,0,0,0,0,0,0,0,0,0,0,0,,,,0,0,0,0,0,0,0,,0,0,0,0,,0,0
00-0033936,C.Beathard,C.J. Beathard,QB,QB,"https://static.www.nfl.com/image/private/f_auto,q_auto/league/yw8euaevcvwswbx5w27w",2023,REG,JAX,6,40,53,349,1,0,6,-27,0,0,339,150,19,4.63371499202448,9.76841346575664,0,1.02949852507375,8,35,0,1,0,2,2.02109879528871,0,0,0,0,0,0,0,0,0,0,,0,,0,0,0,0,0,0,0,0,0,0,0,0,0,0,0,0,0,0,0,0,0,0,0,0,0,0,0,0,0,0,0,0,0,0,0,,,0,0,0,0,0,0,0,0,0,0,0,0,,,,0,0,0,0,0,0,0,,0,0,0,0,,21.46,21.46
00-0033940,J.Johnson,Jaleel Johnson,DT,DL,"https://static.www.nfl.com/image/private/f_auto,q_auto/league/vyyem0liv7khzftzcihu",2023,REG,TEN,11,0,0,0,0,0,0,0,0,0,0,0,0,,,0,,0,0,0,0,0,0,,0,0,0,0,0,0,0,0,0,0,,0,,0,0,0,0,7,4,13,0,0,1,1,5,1,0,0,0,0,0,0,0,0,0,0,0,0,1,15,0,0,0,0,0,0,0,0,,,0,0,0,0,0,0,0,0,0,0,0,0,,,,0,0,0,0,0,0,0,,0,0,0,0,,0,0
00-0033941,R.Jenkins,Rayshawn Jenkins,SAF,DB,"https://static.www.nfl.com/image/upload/f_auto,q_auto/league/e3tppqrhd6bpipfn2k4z",2023,REG,JAX,17,0,0,0,0,0,0,0,0,0,0,0,0,,,0,,0,0,0,0,0,0,,0,0,0,0,0,0,0,0,0,0,,0,,0,0,0,0,60,6,35,6,23,0,1,8,1,2,42,9,0,0,0,0,0,0,0,0,0,1,2,0,0,0,0,0,0,0,0,,,0,0,0,0,0,0,0,0,0,0,0,0,,,,0,0,0,0,0,0,0,,0,0,0,0,,0,0
00-0033943,J.Reynolds,Josh Reynolds,WR,WR,"https://static.www.nfl.com/image/upload/f_auto,q_auto/league/lf1fjsagcsvxmktl0bbn",2023,REG,DET,16,0,0,0,0,0,0,0,0,0,0,0,0,,,0,,0,0,0,0,0,0,,0,40,64,608,5,1,1,645,173,32,14.7002638015559,0,0.942635658914729,0.111498257839721,0.157856093979442,0.277746652545191,0,0,0,0,0,0,0,0,0,0,0,0,0,0,0,0,0,0,0,0,0,0,2,15,0,0,0,0,0,0,0,0,,,0,0,0,0,0,0,0,0,0,0,0,0,,,,0,0,0,0,0,0,0,,0,0,0,0,,88.8,128.8
00-0033945,S.Ebukam,Samson Ebukam,DE,DL,"https://static.www.nfl.com/image/upload/f_auto,q_auto/league/hw0ako11hlkm45wl7cfb",2023,REG,IND,17,0,0,0,0,0,0,0,0,0,0,0,0,,,0,,0,0,0,0,0,0,,0,0,0,0,0,0,0,0,0,0,,0,,0,0,0,0,31,8,18,9,53,3,9.5,66.5,17,0,0,1,0,0,0,0,0,0,0,0,0,2,5,0,0,0,0,0,0,0,0,,,0,0,0,0,0,0,0,0,0,0,0,0,,,,0,0,0,0,0,0,0,,0,0,0,0,,0,0
00-0033947,D.Wise,Deatrich Wise,DE,DL,"https://static.www.nfl.com/image/upload/f_auto,q_auto/league/kmshfa3dfehklgdh1lrk",2023,REG,NE,16,0,0,0,0,0,0,0,0,0,0,0,0,,,0,,0,0,0,0,0,0,,0,0,0,0,0,0,0,0,0,0,,0,,0,0,0,0,19,3,32,3,32,1,4.5,50,6,0,0,1,0,0,0,0,0,0,0,0,0,4,20,0,0,0,0,0,0,0,0,,,0,0,0,0,0,0,0,0,0,0,0,0,,,,0,0,0,0,0,0,0,,0,0,0,0,,0,0
00-0033948,J.Williams,Jamaal Williams,RB,RB,"https://static.www.nfl.com/image/upload/f_auto,q_auto/league/yxrxpgcwq5qwp88vqnp3",2023,REG,NO,13,0,0,0,0,0,0,0,0,0,0,0,0,,,0,,106,306,1,1,0,19,-26.2487587626613,0,18,20,62,0,0,0,-27,87,1,-7.39575353301244,0,-2.2962962962963,0.0345423143350605,-0.00538277511961723,0.0480455289188586,0,0,0,0,0,0,0,0,0,0,0,0,0,0,0,0,0,1,1,0,0,0,0,0,0,0,0,0,0,0,0,0,,,0,0,0,0,0,0,0,0,0,0,0,0,,,,0,0,0,0,0,0,0,,0,0,0,0,,42.8,60.8
00-0033949,J.Dobbs,Joshua Dobbs,QB,QB,"https://static.www.nfl.com/image/upload/f_auto,q_auto/league/twaqqjexyi0vgyfbvzis",2023,REG,MIN,13,262,417,2464,13,10,30,-217,7,5,3320,1003,126,-81.590657170748,-1.7743371015218,1,0.742168674698795,77,421,6,5,2,37,15.570617508027,2,0,0,0,0,0,0,0,0,0,,0,,0,0,0,0,0,0,0,0,0,0,0,0,0,0,0,0,0,0,0,0,7,12,0,0,0,5,46,0,0,0,0,0,0,0,0,,,0,0,0,0,0,0,0,0,0,0,0,0,,,,0,0,0,0,0,0,0,,0,0,0,0,,200.66,200.66
00-0033952,G.Stewart,Grover Stewart,DT,DL,"https://static.www.nfl.com/image/upload/f_auto,q_auto/league/n9e0hbrrdvjloopiu51z",2023,REG,IND,11,0,0,0,0,0,0,0,0,0,0,0,0,,,0,,0,0,0,0,0,0,,0,0,0,0,0,0,0,0,0,0,,0,,0,0,0,0,16,7,18,2,4,0,0.5,2,8,0,0,0,0,0,0,0,0,0,0,0,0,1,5,0,0,0,0,0,0,0,0,,,0,0,0,0,0,0,0,0,0,0,0,0,,,,0,0,0,0,0,0,0,,0,0,0,0,,0,0
00-0033955,J.McNichols,Jeremy McNichols,RB,RB,"https://static.www.nfl.com/image/upload/f_auto,q_auto/league/kegqjj5pv7xidm0xwtpy",2023,REG,SF,2,0,0,0,0,0,0,0,0,0,0,0,0,,,0,,0,0,0,0,0,0,,0,0,0,0,0,0,0,0,0,0,,0,,0,0,0,0,0,0,1,0,0,0,0,0,0,0,0,0,0,0,0,0,0,0,0,0,0,1,5,0,0,0,0,0,0,0,0,,,0,0,0,0,0,0,0,0,0,0,0,0,,,,0,0,0,0,0,0,0,,0,0,0,0,,0,0
00-0033958,N.Peterman,Nathan Peterman,QB,QB,"https://static.www.nfl.com/image/private/f_auto,q_auto/league/owifll49p0mmsjgf7rhn",2023,REG,CHI,1,0,0,0,0,0,1,-5,1,0,0,0,0,-0.094426492229104,,0,,2,-4,0,0,0,0,0,0,0,0,0,0,0,0,0,0,0,,0,,0,0,0,0,0,0,0,0,0,0,0,0,0,0,0,0,0,0,0,0,0,0,0,0,0,0,0,0,0,0,0,0,0,0,0,,,0,0,0,0,0,0,0,0,0,0,0,0,,,,0,0,0,0,0,0,0,,0,0,0,0,,-0.4,-0.4
00-0033963,T.Smart,Tanzel Smart,DT,DL,"https://static.www.nfl.com/image/upload/f_auto,q_auto/league/g3s78x0dccydjzfgsyfx",2023,REG,NYJ,2,0,0,0,0,0,0,0,0,0,0,0,0,,,0,,0,0,0,0,0,0,,0,0,0,0,0,0,0,0,0,0,,0,,0,0,0,0,1,0,1,0,0,0,0,0,0,0,0,0,0,0,0,0,0,0,0,0,0,0,0,0,0,0,0,0,0,0,0,,,0,0,0,0,0,0,0,0,0,0,0,0,,,,0,0,0,0,0,0,0,,0,0,0,0,,0,0
00-0033995,M.Dunn,Michael Dunn,OT,OL,"https://static.www.nfl.com/image/private/f_auto,q_auto/league/nmsgidbinhl6jroszwws",2023,REG,CLE,1,0,0,0,0,0,0,0,0,0,0,0,0,,,0,,0,0,0,0,0,0,,0,0,0,0,0,0,0,0,0,0,,0,,0,0,0,0,1,0,0,0,0,0,0,0,0,0,0,0,0,0,0,0,0,0,0,0,0,2,20,0,0,0,0,0,0,0,0,,,0,0,0,0,0,0,0,0,0,0,0,0,,,,0,0,0,0,0,0,0,,0,0,0,0,,0,0
00-0034051,C.Kuntz,Christian Kuntz,LS,SPEC,"https://static.www.nfl.com/image/upload/f_auto,q_auto/league/htpzfa51x3erujnkvmre",2023,REG,PIT,4,0,0,0,0,0,0,0,0,0,0,0,0,,,0,,0,0,0,0,0,0,,0,0,0,0,0,0,0,0,0,0,,0,,0,0,0,0,0,2,2,0,0,0,0,0,0,0,0,0,0,0,0,0,0,0,0,0,0,2,20,0,0,0,0,0,0,0,0,,,0,0,0,0,0,0,0,0,0,0,0,0,,,,0,0,0,0,0,0,0,,0,0,0,0,,0,0
00-0034054,R.Cracraft,River Cracraft,WR,WR,"https://static.www.nfl.com/image/upload/f_auto,q_auto/league/y8t968ntco72t8f8ryba",2023,REG,MIA,6,0,0,0,0,0,0,0,0,0,0,0,0,,,0,,0,0,0,0,0,0,,0,9,12,121,1,0,0,92,49,8,5.9576272064005,0,1.31521739130435,0.0218579234972678,0.0213655364607524,0.0477427607684284,0,0,0,0,0,0,0,0,0,0,0,0,0,0,0,0,0,0,0,0,0,0,0,0,0,0,0,0,0,0,0,0,,,0,0,0,0,0,0,0,0,0,0,0,0,,,,0,0,0,0,0,0,0,,0,0,0,0,,18.1,27.1
00-0034067,S.Daly,Scott Daly,LS,SPEC,"https://static.www.nfl.com/image/upload/f_auto,q_auto/league/u8klt4zjxkahyhbkwvqp",2023,REG,DET,1,0,0,0,0,0,0,0,0,0,0,0,0,,,0,,0,0,0,0,0,0,,0,0,0,0,0,0,0,0,0,0,,0,,0,0,0,0,0,0,0,0,0,0,0,0,0,0,0,0,0,0,0,0,0,0,0,0,0,1,5,0,0,0,0,0,0,0,0,,,0,0,0,0,0,0,0,0,0,0,0,0,,,,0,0,0,0,0,0,0,,0,0,0,0,,0,0
00-0034071,D.Johnson,Danny Johnson,DB,DB,"https://static.www.nfl.com/image/private/f_auto,q_auto/league/guxlravaisglnr0pk5yb",2023,REG,WAS,7,0,0,0,0,0,0,0,0,0,0,0,0,,,0,,0,0,0,0,0,0,,0,0,0,0,0,0,0,0,0,0,,0,,0,0,0,0,11,2,4,0,0,0,0,0,0,0,0,1,0,0,0,0,0,0,0,0,0,1,9,0,0,0,0,0,0,0,0,,,0,0,0,0,0,0,0,0,0,0,0,0,,,,0,0,0,0,0,0,0,,0,0,0,0,,0,0
00-0034073,R.Dwelley,Ross Dwelley,TE,TE,"https://static.www.nfl.com/image/upload/f_auto,q_auto/league/wf9ynmqonmnaosslkwdl",2023,REG,SF,2,0,0,0,0,0,0,0,0,0,0,0,0,,,0,,0,0,0,0,0,0,,0,1,2,12,0,0,0,17,12,1,0.572260257089511,0,0.705882352941177,0.00424628450106157,0.00423096067695371,0.00933109922545995,0,0,0,1,0,0,0,0,0,0,0,0,0,0,0,0,0,0,0,0,0,0,0,0,0,0,0,0,0,0,0,0,,,0,0,0,0,0,0,0,0,0,0,0,0,,,,0,0,0,0,0,0,0,,0,0,0,0,,1.2,2.2
00-0034084,M.Badgley,Mike Badgley,K,SPEC,"https://static.www.nfl.com/image/upload/f_auto,q_auto/league/vws2nawkkxxb8s82ny1s",2023,REG,DET,4,0,0,0,0,0,0,0,0,0,0,0,0,,,0,,0,0,0,0,0,0,,0,0,0,0,0,0,0,0,0,0,,0,,0,0,0,0,0,0,0,0,0,0,0,0,0,0,0,0,0,0,0,0,0,0,0,0,0,0,0,0,0,0,0,4,4,0,0,41,1,0,0,3,1,0,0,0,0,0,0,0,0,37;41;30;39,,,147,0,0,13,15,1,1,0.866666666666667,0,0,0,0,,0,0
00-0034091,G.Odum,George Odum,DB,DB,"https://static.www.nfl.com/image/upload/f_auto,q_auto/league/watelqvhccitomv8ntny",2023,REG,SF,8,0,0,0,0,0,0,0,0,0,0,0,0,,,0,,0,0,0,0,0,0,,0,0,0,0,0,0,0,0,0,0,,0,,0,0,0,0,6,0,6,0,0,0,0,0,0,0,0,0,0,0,0,0,0,0,0,0,0,2,19,0,0,0,0,0,0,0,0,,,0,0,0,0,0,0,0,0,0,0,0,0,,,,0,0,0,0,0,0,0,,0,0,0,0,,0,0
00-0034112,A.Schlottmann,Austin Schlottmann,G,OL,"https://static.www.nfl.com/image/upload/f_auto,q_auto/league/oyncfcyyfflsqesj6xei",2023,REG,MIN,1,0,0,0,0,0,0,0,0,0,0,0,0,,,0,,0,0,0,0,0,0,,0,0,0,0,0,0,0,0,0,0,,0,,0,0,0,0,0,0,0,0,0,0,0,0,0,0,0,0,0,0,0,0,0,0,0,0,0,1,5,0,0,0,0,0,0,0,0,,,0,0,0,0,0,0,0,0,0,0,0,0,,,,0,0,0,0,0,0,0,,0,0,0,0,,0,0
00-0034114,C.Shelton,Coleman Shelton,C,OL,"https://static.www.nfl.com/image/upload/f_auto,q_auto/league/fbmh9dwdvja6yeu3pmj3",2023,REG,LA,6,0,0,0,0,0,0,0,0,0,0,0,0,,,0,,0,0,0,0,0,0,,0,0,0,0,0,0,0,0,0,0,,0,,0,0,0,0,1,0,0,0,0,0,0,0,0,0,0,0,0,0,0,0,0,0,0,0,0,5,35,0,0,0,0,0,0,0,0,,,0,0,0,0,0,0,0,0,0,0,0,0,,,,0,0,0,0,0,0,0,,0,0,0,0,,0,0
00-0034115,J.Wilson,Jeff Wilson,RB,RB,"https://static.www.nfl.com/image/private/f_auto,q_auto/league/zorqrtlrizlltgd6pnob",2023,REG,MIA,9,0,0,0,0,0,0,0,0,0,0,0,0,,,0,,41,188,0,0,0,8,-0.923272557498422,0,14,17,85,0,0,0,46,69,3,2.64930509003269,0,1.84782608695652,0.0309653916211293,0.0106827682303762,0.0539260251929574,0,0,0,0,0,0,0,0,0,0,0,0,0,0,0,0,0,0,0,0,0,0,0,0,0,0,0,0,0,0,0,0,,,0,0,0,0,0,0,0,0,0,0,0,0,,,,0,0,0,0,0,0,0,,0,0,0,0,,27.3,41.3
00-0034116,J.Gray,J.T. Gray,DB,DB,"https://static.www.nfl.com/image/private/f_auto,q_auto/league/ibo4b3ak2ufimxupcezw",2023,REG,NO,9,0,0,0,0,0,0,0,0,0,0,0,0,,,0,,0,0,0,0,0,0,,0,0,0,0,0,0,0,0,0,0,,0,,0,0,0,0,7,0,5,0,0,0,0,0,0,0,0,0,0,0,0,0,0,0,0,0,0,1,6,0,0,0,0,0,0,0,0,,,0,0,0,0,0,0,0,0,0,0,0,0,,,,0,0,0,0,0,0,0,,0,0,0,0,,0,0
00-0034125,K.Vickers,Kendal Vickers,DE,DL,"https://static.www.nfl.com/image/upload/f_auto,q_auto/league/j8xpfahzfgawazl4trkn",2023,REG,BUF,1,0,0,0,0,0,0,0,0,0,0,0,0,,,0,,0,0,0,0,0,0,,0,0,0,0,0,0,0,0,0,0,,0,,0,0,0,0,0,1,1,0,0,0,0,0,0,0,0,0,0,0,0,0,0,0,0,0,0,0,0,0,0,0,0,0,0,0,0,,,0,0,0,0,0,0,0,0,0,0,0,0,,,,0,0,0,0,0,0,0,,0,0,0,0,,0,0
00-0034145,C.Lammons,Chris Lammons,DB,DB,"https://static.www.nfl.com/image/upload/f_auto,q_auto/league/odsa5adl0tyjcer1hnzz",2023,REG,IND,3,0,0,0,0,0,0,0,0,0,0,0,0,,,0,,0,0,0,0,0,0,,0,0,0,0,0,0,0,0,0,0,,0,,0,0,0,0,2,2,2,0,0,0,0,0,0,0,0,1,0,0,0,0,0,0,0,0,0,1,5,0,0,0,0,0,0,0,0,,,0,0,0,0,0,0,0,0,0,0,0,0,,,,0,0,0,0,0,0,0,,0,0,0,0,,0,0
00-0034158,B.O'Neill,Brian O'Neill,OT,OL,"https://static.www.nfl.com/image/upload/f_auto,q_auto/league/ouq6nfernugv9rsvcvwm",2023,REG,MIN,5,0,0,0,0,0,0,0,0,0,0,0,0,,,0,,0,0,0,0,0,0,,0,0,0,0,0,0,0,0,0,0,,0,,0,0,0,0,0,0,0,0,0,0,0,0,0,0,0,0,0,0,0,0,0,0,0,0,0,6,50,0,0,0,0,0,0,0,0,,,0,0,0,0,0,0,0,0,0,0,0,0,,,,0,0,0,0,0,0,0,,0,0,0,0,,0,0
00-0034159,W.Dissly,Will Dissly,TE,TE,"https://static.www.nfl.com/image/upload/f_auto,q_auto/league/b2s1wwxsgkenwlxmncu3",2023,REG,SEA,13,0,0,0,0,0,0,0,0,0,0,0,0,,,0,,0,0,0,0,0,0,,0,17,22,172,1,0,0,62,120,8,8.72214725561207,0,2.7741935483871,0.0402193784277879,0.0150448920165009,0.0708604920532325,0,0,1,0,0,0,0,0,0,0,0,0,0,0,0,0,0,0,0,0,0,0,3,16,0,0,0,0,0,0,0,0,,,0,0,0,0,0,0,0,0,0,0,0,0,,,,0,0,0,0,0,0,0,,0,0,0,0,,23.2,40.2
00-0034160,M.Dickson,Michael Dickson,P,SPEC,"https://static.www.nfl.com/image/upload/f_auto,q_auto/league/chduw8ql98kdzegqiylt",2023,REG,SEA,16,0,0,0,0,0,0,0,0,0,0,0,0,,,0,,0,0,0,0,0,0,,0,0,0,0,0,0,0,0,0,0,,0,,0,0,0,0,0,0,0,0,0,0,0,0,0,0,0,0,0,0,0,0,0,0,0,0,0,0,0,0,0,0,0,0,0,0,0,,,0,0,0,0,0,0,0,0,0,0,0,0,,,,0,0,0,0,0,0,0,,0,0,0,0,,0,0
00-0034161,D.Carlson,Daniel Carlson,K,SPEC,"https://static.www.nfl.com/image/upload/f_auto,q_auto/league/gsvj7rtvqwbwdeho8whf",2023,REG,LV,17,0,0,0,0,0,0,0,0,0,0,0,0,,,0,,0,0,0,0,0,0,,0,0,0,0,0,0,0,0,0,0,,0,,0,0,0,0,1,0,0,0,0,0,0,0,0,0,0,0,0,0,0,0,0,0,0,0,0,0,0,0,0,0,0,26,30,3,1,54,0.866666666666667,0,10,6,9,1,0,0,0,1,1,1,0,24;47;26;22;26;25;37;30;24;40;25;24;46;41;41;54;40;34;47;34;24;35;40;33;49;21,52;41;30,53,889,123,53,32,32,0,0,1,0,0,0,0,,0,0
00-0034162,J.Scott,J.K. Scott,P,SPEC,"https://static.www.nfl.com/image/upload/f_auto,q_auto/league/yayikawhfng99cqrosax",2023,REG,LAC,17,0,0,0,0,0,0,0,0,0,0,0,0,,,0,,0,0,0,0,0,0,,0,0,0,0,0,0,0,0,0,0,,0,,0,0,0,0,0,0,0,0,0,0,0,0,0,0,0,0,0,0,0,0,0,0,0,0,0,0,0,0,0,0,0,0,0,0,0,,,0,0,0,0,0,0,0,0,0,0,0,0,,,,0,0,0,0,0,0,0,,0,0,0,0,,0,0
00-0034163,J.Martin,Jacob Martin,DE,DL,"https://static.www.nfl.com/image/upload/f_auto,q_auto/league/ngm7muyzhk9xv2ofafke",2023,REG,IND,7,0,0,0,0,0,0,0,0,0,0,0,0,,,0,,0,0,0,0,0,0,,0,0,0,0,0,0,0,0,0,0,,0,,0,0,0,0,2,3,2,1,11,0,2,11,3,0,0,0,0,0,0,0,0,0,0,0,0,0,0,0,0,0,0,0,0,0,0,,,0,0,0,0,0,0,0,0,0,0,0,0,,,,0,0,0,0,0,0,0,,0,0,0,0,,0,0
00-0034171,J.Cabinda,Jason Cabinda,FB,RB,"https://static.www.nfl.com/image/private/f_auto,q_auto/league/nvi4viyciscnso8qgbtn",2023,REG,DET,3,0,0,0,0,0,0,0,0,0,0,0,0,,,0,,1,0,0,0,0,0,-1.80906164087355,0,0,0,0,0,0,0,0,0,0,,0,,0,0,0,0,3,1,0,0,0,0,0,0,0,0,0,0,0,0,0,0,0,0,0,0,0,0,0,0,0,0,0,0,0,0,0,,,0,0,0,0,0,0,0,0,0,0,0,0,,,,0,0,0,0,0,0,0,,0,0,0,0,,0,0
00-0034173,E.Pineiro,Eddy Pineiro,K,SPEC,"https://static.www.nfl.com/image/upload/f_auto,q_auto/league/l4rrfcuczjau7q02h2iz",2023,REG,CAR,15,0,0,0,0,0,0,0,0,0,0,0,0,,,0,,0,0,0,0,0,0,,0,0,0,0,0,0,0,0,0,0,,0,,0,0,0,0,0,0,0,0,0,0,0,0,0,0,0,0,0,0,0,0,0,0,0,0,0,0,0,0,0,0,0,25,29,4,0,56,0.862068965517241,0,6,7,7,5,0,0,0,0,2,2,0,43;52;54;36;47;44;26;56;33;46;37;23;35;49;33;39;42;50;23;47;29;34;25;23;52,55;43;59;41,,978,198,0,17,20,3,0,0.85,2,2,0,0,23;23,0,0
00-0034177,T.Boyle,Tim Boyle,QB,QB,"https://static.www.nfl.com/image/upload/f_auto,q_auto/league/zmfyonfo6ohn5bxqwaxg",2023,REG,NYJ,3,48,77,360,1,4,9,-64,1,0,477,190,16,-30.9875781070184,-5.60799583389952,0,0.754716981132076,4,5,0,1,0,4,2.69169014767977,0,0,0,0,0,0,0,0,0,0,,0,,0,0,0,0,0,0,0,0,0,0,0,0,0,0,0,0,0,0,0,0,0,1,0,0,0,0,0,0,0,0,0,0,0,0,0,,,0,0,0,0,0,0,0,0,0,0,0,0,,,,0,0,0,0,0,0,0,,0,0,0,0,,10.9,10.9
00-0034184,G.Edwards,Gus Edwards,RB,RB,"https://static.www.nfl.com/image/upload/f_auto,q_auto/league/dyobqe3w5eypevsk3f2b",2023,REG,BAL,17,0,0,0,0,0,0,0,0,0,0,0,0,,,0,,198,810,13,2,2,50,-11.7759584363283,1,12,13,180,0,1,0,32,145,5,9.55162096628919,0,5.625,0.0273109243697479,0.00782587429689411,0.0464444985624477,0,1,0,0,0,0,0,0,0,0,0,0,0,0,0,0,0,1,1,0,0,0,2,15,0,0,0,0,0,0,0,0,,,0,0,0,0,0,0,0,0,0,0,0,0,,,,0,0,0,0,0,0,0,,0,0,0,0,,175,187
00-0034185,T.Lancaster,Tyler Lancaster,DT,DL,"https://static.www.nfl.com/image/private/f_auto,q_auto/league/aa4il9yf2v0elduixsp8",2023,REG,DEN,2,0,0,0,0,0,0,0,0,0,0,0,0,,,0,,0,0,0,0,0,0,,0,0,0,0,0,0,0,0,0,0,,0,,0,0,0,0,2,0,1,1,1,0,0,0,0,0,0,0,0,0,0,0,0,0,0,0,0,0,0,0,0,0,0,0,0,0,0,,,0,0,0,0,0,0,0,0,0,0,0,0,,,,0,0,0,0,0,0,0,,0,0,0,0,,0,0
00-0034193,K.Rader,Kevin Rader,TE,TE,"https://static.www.nfl.com/image/private/f_auto,q_auto/league/buopatfei7mdyxxxi9bv",2023,REG,TEN,7,0,0,0,0,0,0,0,0,0,0,0,0,,,0,,0,0,0,0,0,0,,0,1,3,6,0,0,0,32,4,0,-1.12132473732345,0,0.1875,0.00627615062761506,0.00700372072663603,0.0143168304500678,0,1,1,2,0,0,0,0,0,0,0,0,0,0,0,0,0,0,0,0,0,0,1,5,0,0,0,0,0,0,0,0,,,0,0,0,0,0,0,0,0,0,0,0,0,,,,0,0,0,0,0,0,0,,0,0,0,0,,0.6,1.6
00-0034198,T.Sieg,Trent Sieg,LS,SPEC,"https://static.www.nfl.com/image/upload/f_auto,q_auto/league/ikhujd70ky9ymcrvpjm5",2023,REG,DAL,2,0,0,0,0,0,0,0,0,0,0,0,0,,,0,,0,0,0,0,0,0,,0,0,0,0,0,0,0,0,0,0,,0,,0,0,0,0,1,0,1,0,0,0,0,0,0,0,0,0,0,0,0,0,0,0,0,0,0,0,0,0,0,0,0,0,0,0,0,,,0,0,0,0,0,0,0,0,0,0,0,0,,,,0,0,0,0,0,0,0,,0,0,0,0,,0,0
00-0034203,Dari.Williams,Darious Williams,CB,DB,"https://static.www.nfl.com/image/upload/f_auto,q_auto/league/nzrgn9doxy57s7si8uyf",2023,REG,JAX,17,0,0,0,0,0,0,0,0,0,0,0,0,,,0,,0,0,0,0,0,0,,0,0,0,0,0,0,0,0,0,0,,0,,0,0,0,0,41,3,9,2,7,2,0,0,0,4,72,19,1,0,0,0,0,0,0,0,0,0,0,0,0,0,0,0,0,0,0,,,0,0,0,0,0,0,0,0,0,0,0,0,,,,0,0,0,0,0,0,0,,0,0,0,0,,0,0
00-0034208,M.Boone,Mike Boone,RB,RB,"https://static.www.nfl.com/image/upload/f_auto,q_auto/league/yeoyrlaf9hlvowj6fdio",2023,REG,HOU,9,0,0,0,0,0,0,0,0,0,0,0,0,,,0,,5,23,0,1,0,2,-1.99815420841333,0,7,9,40,0,0,0,9,33,2,0.0462153304615289,0,4.44444444444444,0.0159010600706714,0.00173845856673749,0.0250685111027233,0,2,0,0,0,0,0,0,0,0,0,0,0,0,0,0,0,0,0,0,0,0,0,0,0,0,4,66,0,0,0,0,,,0,0,0,0,0,0,0,0,0,0,0,0,,,,0,0,0,0,0,0,0,,0,0,0,0,,6.3,13.3
00-0034234,P.Ford,Poona Ford,DT,DL,"https://static.www.nfl.com/image/upload/f_auto,q_auto/league/z6bvartiturag8gtidcz",2023,REG,BUF,5,0,0,0,0,0,0,0,0,0,0,0,0,,,0,,0,0,0,0,0,0,,0,0,0,0,0,0,0,0,0,0,,0,,0,0,0,0,2,3,4,1,6,0,1,6,3,0,0,0,0,0,0,0,0,0,0,0,0,0,0,0,0,0,0,0,0,0,0,,,0,0,0,0,0,0,0,0,0,0,0,0,,,,0,0,0,0,0,0,0,,0,0,0,0,,0,0
00-0034248,E.Campbell,Elijah Campbell,DB,DB,"https://static.www.nfl.com/image/upload/f_auto,q_auto/league/niou8nbhpkmao45zccm7",2023,REG,MIA,11,0,0,0,0,0,0,0,0,0,0,0,0,,,0,,0,0,0,0,0,0,,0,0,0,0,0,0,0,0,0,0,,0,,0,0,0,0,9,1,5,0,0,0,0,0,0,0,0,1,0,0,0,0,0,0,1,1,0,3,29,0,0,0,0,0,0,0,0,,,0,0,0,0,0,0,0,0,0,0,0,0,,,,0,0,0,0,0,0,0,,0,0,0,0,,0,0
00-0034251,D.Ekuale,Daniel Ekuale,DT,DL,"https://static.www.nfl.com/image/upload/f_auto,q_auto/league/jlab8hsw5int8lkrevrg",2023,REG,NE,2,0,0,0,0,0,0,0,0,0,0,0,0,,,0,,0,0,0,0,0,0,,0,0,0,0,0,0,0,0,0,0,,0,,0,0,0,0,2,0,1,0,0,1,0,0,0,0,0,0,0,0,0,0,0,0,0,0,0,0,0,0,0,0,0,0,0,0,0,,,0,0,0,0,0,0,0,0,0,0,0,0,,,,0,0,0,0,0,0,0,,0,0,0,0,,0,0
00-0034261,A.Corbett,Austin Corbett,C,OL,"https://static.www.nfl.com/image/upload/f_auto,q_auto/league/ry8oftk4wq0uiivdxyzw",2023,REG,CAR,1,0,0,0,0,0,0,0,0,0,0,0,0,,,0,,0,0,0,0,0,0,,0,0,0,0,0,0,0,0,0,0,,0,,0,0,0,0,0,0,0,0,0,0,0,0,0,0,0,0,0,0,0,0,0,0,0,0,0,1,5,0,0,0,0,0,0,0,0,,,0,0,0,0,0,0,0,0,0,0,0,0,,,,0,0,0,0,0,0,0,,0,0,0,0,,0,0
00-0034264,J.Holmes,Jalyn Holmes,DT,DL,"https://static.www.nfl.com/image/upload/f_auto,q_auto/league/vvlecpcfjc7fgkuqbcuj",2023,REG,NYJ,5,0,0,0,0,0,0,0,0,0,0,0,0,,,0,,0,0,0,0,0,0,,0,0,0,0,0,0,0,0,0,0,,0,,0,0,0,0,3,0,2,1,5,0,1,5,1,0,0,0,0,0,0,0,0,0,0,0,0,2,10,0,0,0,0,0,0,0,0,,,0,0,0,0,0,0,0,0,0,0,0,0,,,,0,0,0,0,0,0,0,,0,0,0,0,,0,0
00-0034270,T.Conklin,Tyler Conklin,TE,TE,"https://static.www.nfl.com/image/upload/f_auto,q_auto/league/knjuzxnzsfjxwcjxp5en",2023,REG,NYJ,17,0,0,0,0,0,0,0,0,0,0,0,0,,,0,,1,0,0,0,0,0,-3.54223324521445,0,61,87,621,0,0,0,595,246,27,6.41119410259936,0,1.0436974789916,0.154529307282416,0.14875,0.335918960923623,0,0,0,0,0,0,0,0,0,0,0,0,0,0,0,0,0,0,0,0,0,0,1,5,0,0,0,0,0,0,0,0,,,0,0,0,0,0,0,0,0,0,0,0,0,,,,0,0,0,0,0,0,0,,0,0,0,0,,62.1,123.1
00-0034272,M.Valdes-Scantling,Marquez Valdes-Scantling,WR,WR,"https://static.www.nfl.com/image/upload/f_auto,q_auto/league/vvk5v3hfjw0tevqxrhnf",2023,REG,KC,16,0,0,0,0,0,0,0,0,0,0,0,0,,,0,,0,0,0,0,0,0,,0,21,42,315,1,1,1,742,92,14,0.666317601246165,0,0.424528301886792,0.0701168614357262,0.181196581196581,0.232012898991196,0,0,0,0,0,0,0,0,0,0,0,0,0,0,0,0,0,0,0,0,0,0,2,20,0,0,0,0,0,0,0,0,,,0,0,0,0,0,0,0,0,0,0,0,0,,,,0,0,0,0,0,0,0,,0,0,0,0,,35.5,56.5
00-0034274,P.Nickerson,Parry Nickerson,CB,DB,"https://static.www.nfl.com/image/upload/f_auto,q_auto/league/w8wujvtmfphdc3wohtry",2023,REG,MIA,3,0,0,0,0,0,0,0,0,0,0,0,0,,,0,,0,0,0,0,0,0,,0,0,0,0,0,0,0,0,0,0,,0,,0,0,0,0,5,0,0,0,0,0,0,0,0,0,0,0,0,0,0,0,0,0,0,0,0,2,10,0,0,0,0,0,0,0,0,,,0,0,0,0,0,0,0,0,0,0,0,0,,,,0,0,0,0,0,0,0,,0,0,0,0,,0,0
00-0034275,F.Fatukasi,Foley Fatukasi,DT,DL,"https://static.www.nfl.com/image/upload/f_auto,q_auto/league/ttcdigwndhyvmhvgof25",2023,REG,JAX,14,0,0,0,0,0,0,0,0,0,0,0,0,,,0,,0,0,0,0,0,0,,0,0,0,0,0,0,0,0,0,0,,0,,0,0,0,0,13,3,8,1,2,0,0,0,2,0,0,1,0,0,0,0,0,0,0,0,0,0,0,0,0,0,0,0,0,0,0,,,0,0,0,0,0,0,0,0,0,0,0,0,,,,0,0,0,0,0,0,0,,0,0,0,0,,0,0
00-0034277,D.Elliott,DeShon Elliott,SAF,DB,"https://static.www.nfl.com/image/upload/f_auto,q_auto/league/rprbkb3ze0jgpl5u8f2g",2023,REG,MIA,15,0,0,0,0,0,0,0,0,0,0,0,0,,,0,,0,0,0,0,0,0,,0,0,0,0,0,0,0,0,0,0,,0,,0,0,0,0,46,7,29,0,0,0,0,0,0,1,0,7,0,0,0,0,0,0,1,1,0,1,3,0,0,0,0,0,0,0,0,,,0,0,0,0,0,0,0,0,0,0,0,0,,,,0,0,0,0,0,0,0,,0,0,0,0,,0,0
00-0034278,Tr.Smith,Tremon Smith,CB,DB,"https://static.www.nfl.com/image/upload/f_auto,q_auto/league/crjcjcsvkq0o689drl3c",2023,REG,DEN,9,0,0,0,0,0,0,0,0,0,0,0,0,,,0,,0,0,0,0,0,0,,0,0,0,0,0,0,0,0,0,0,,0,,0,0,0,0,5,0,0,0,0,0,0,0,0,0,0,0,0,0,0,0,0,0,1,1,0,4,25,1,14,0,0,0,0,0,0,,,0,0,0,0,0,0,0,0,0,0,0,0,,,,0,0,0,0,0,0,0,,0,0,0,0,,0,0
00-0034279,E.St. Brown,Equanimeous St. Brown,WR,WR,"https://static.www.nfl.com/image/upload/f_auto,q_auto/league/yqojuedjvxtydgd9tgpr",2023,REG,CHI,5,0,0,0,0,0,0,0,0,0,0,0,0,,,0,,0,0,0,0,0,0,,0,5,6,62,0,0,0,53,7,3,2.97172284452245,0,1.16981132075472,0.0125786163522013,0.0140397350993378,0.0286957390978383,0,0,0,0,0,0,0,0,0,0,0,0,0,0,0,0,0,0,0,0,0,0,0,0,0,0,0,0,0,0,0,0,,,0,0,0,0,0,0,0,0,0,0,0,0,,,,0,0,0,0,0,0,0,,0,0,0,0,,6.2,11.2
00-0034281,B.Bozeman,Bradley Bozeman,C,OL,"https://static.www.nfl.com/image/upload/f_auto,q_auto/league/qzomwajldexxneohmb7q",2023,REG,CAR,4,0,0,0,0,0,0,0,0,0,0,0,0,,,0,,0,0,0,0,0,0,,0,0,0,0,0,0,0,0,0,0,,0,,0,0,0,0,0,0,0,0,0,0,0,0,0,0,0,0,0,0,0,0,0,0,0,0,0,4,34,0,0,0,0,0,0,0,0,,,0,0,0,0,0,0,0,0,0,0,0,0,,,,0,0,0,0,0,0,0,,0,0,0,0,,0,0
00-0034285,Z.Sieler,Zach Sieler,DT,DL,"https://static.www.nfl.com/image/upload/f_auto,q_auto/league/a3mvqtjjep76e13cs353",2023,REG,MIA,17,0,0,0,0,0,0,0,0,0,0,0,0,,,0,,0,0,0,0,0,0,,0,0,0,0,0,0,0,0,0,0,,0,,0,0,0,0,29,3,31,10,61,1,10,61.5,22,1,5,4,1,0,0,0,0,0,2,2,0,2,8,0,0,0,0,0,0,0,0,,,0,0,0,0,0,0,0,0,0,0,0,0,,,,0,0,0,0,0,0,0,,0,0,0,0,,0,0
00-0034286,R.James,Richie James,WR,WR,"https://static.www.nfl.com/image/private/f_auto,q_auto/league/qusoivtzbud2wl0spptz",2023,REG,KC,9,0,0,0,0,0,0,0,0,0,0,0,0,,,0,,0,0,0,0,0,0,,0,10,14,114,0,0,0,129,61,5,4.21320229253615,0,0.883720930232558,0.0233722871452421,0.0315018315018315,0.0571097127691452,0,1,0,0,0,0,0,0,0,0,0,0,0,0,2,0,0,1,1,0,0,0,0,0,20,200,9,187,0,0,0,0,,,0,0,0,0,0,0,0,0,0,0,0,0,,,,0,0,0,0,0,0,0,,0,0,0,0,,11.4,21.4
00-0034296,B.Niemann,Ben Niemann,LB,LB,"https://static.www.nfl.com/image/upload/f_auto,q_auto/league/hhmqn3b3prllvcuyftvj",2023,REG,DEN,1,0,0,0,0,0,0,0,0,0,0,0,0,,,0,,0,0,0,0,0,0,,0,0,0,0,0,0,0,0,0,0,,0,,0,0,0,0,1,0,1,0,0,0,0,0,0,0,0,0,0,0,0,0,0,0,0,0,0,0,0,0,0,0,0,0,0,0,0,,,0,0,0,0,0,0,0,0,0,0,0,0,,,,0,0,0,0,0,0,0,,0,0,0,0,,0,0
00-0034297,B.Pringle,Byron Pringle,WR,WR,"https://static.www.nfl.com/image/upload/f_auto,q_auto/league/qo8a5r4rspevt1rlq8r0",2023,REG,WAS,13,0,0,0,0,0,0,0,0,0,0,0,0,,,0,,0,0,0,0,0,0,,0,14,22,161,0,0,0,297,31,7,1.05966306373011,0,0.542087542087542,0.0366056572379368,0.0623033354310887,0.0985208206586673,0,3,0,0,0,0,0,0,0,0,0,0,0,0,0,0,0,0,0,0,0,0,1,5,0,0,9,251,0,0,0,0,,,0,0,0,0,0,0,0,0,0,0,0,0,,,,0,0,0,0,0,0,0,,0,0,0,0,,16.1,30.1
00-0034302,F.Luvu,Frankie Luvu,LB,LB,"https://static.www.nfl.com/image/upload/f_auto,q_auto/league/tirwphxxgjmqhf2ucs9h",2023,REG,CAR,17,0,0,0,0,0,0,0,0,0,0,0,0,,,0,,0,0,0,0,0,0,,0,0,0,0,0,0,0,0,0,0,,0,,0,0,0,0,54,12,59,8,60,2,5.5,47,11,0,0,5,0,0,0,0,0,0,0,0,0,0,0,0,0,0,0,0,0,0,0,,,0,0,0,0,0,0,0,0,0,0,0,0,,,,0,0,0,0,0,0,0,,0,0,0,0,,0,0
00-0034310,C.James,Craig James,DB,DB,"https://static.www.nfl.com/image/private/f_auto,q_auto/league/iubtgzz9ns7gmikolo9n",2023,REG,NYJ,1,0,0,0,0,0,0,0,0,0,0,0,0,,,0,,0,0,0,0,0,0,,0,0,0,0,0,0,0,0,0,0,,0,,0,0,0,0,1,0,0,0,0,0,0,0,0,0,0,1,0,0,0,0,0,0,0,0,0,0,0,0,0,0,0,0,0,0,0,,,0,0,0,0,0,0,0,0,0,0,0,0,,,,0,0,0,0,0,0,0,,0,0,0,0,,0,0
00-0034317,K.Kirkwood,Keith Kirkwood,WR,WR,"https://static.www.nfl.com/image/upload/f_auto,q_auto/league/syie2sezwnpvbjqq5xpn",2023,REG,NO,7,0,0,0,0,0,0,0,0,0,0,0,0,,,0,,0,0,0,0,0,0,,0,5,9,37,1,0,0,91,1,3,2.25776215078076,0,0.406593406593407,0.0155440414507772,0.0181419457735247,0.0360154242176331,0,0,0,1,0,0,0,0,0,0,0,0,0,0,0,0,0,0,0,0,0,0,1,10,0,0,0,0,0,0,0,0,,,0,0,0,0,0,0,0,0,0,0,0,0,,,,0,0,0,0,0,0,0,,0,0,0,0,,9.7,14.7
00-0034320,K.Street,Kentavius Street,DE,DL,"https://static.www.nfl.com/image/upload/f_auto,q_auto/league/r1ie0jaeux86ri5hejel",2023,REG,ATL,10,0,0,0,0,0,0,0,0,0,0,0,0,,,0,,0,0,0,0,0,0,,0,0,0,0,0,0,0,0,0,0,,0,,0,0,0,0,7,4,7,3,4,0,1,2,1,0,0,1,0,0,0,0,0,0,1,1,0,1,5,0,0,0,0,0,0,0,0,,,0,0,0,0,0,0,0,0,0,0,0,0,,,,0,0,0,0,0,0,0,,0,0,0,0,,0,0
00-0034333,D.Payne,Daron Payne,NT,DL,"https://static.www.nfl.com/image/upload/f_auto,q_auto/league/wyy5j7epmu2idqfwjhcr",2023,REG,WAS,17,0,0,0,0,0,0,0,0,0,0,0,0,,,0,,0,0,0,0,0,0,,0,0,0,0,0,0,0,0,0,0,,0,,0,0,0,0,25,7,21,11,39,2,4,24.5,11,0,0,4,0,0,0,0,0,0,2,2,0,3,15,0,0,0,0,0,0,0,0,,,0,0,0,0,0,0,0,0,0,0,0,0,,,,0,0,0,0,0,0,0,,0,0,0,0,,0,0
00-0034337,G.Stroman,Greg Stroman,CB,DB,"https://static.www.nfl.com/image/upload/f_auto,q_auto/league/h9lcuxan1kd6uqsyuulq",2023,REG,CHI,4,0,0,0,0,0,0,0,0,0,0,0,0,,,0,,0,0,0,0,0,0,,0,0,0,0,0,0,0,0,0,0,,0,,0,0,0,0,11,1,7,3,13,0,1,9,1,1,0,1,0,0,0,0,0,0,0,0,0,1,7,0,0,0,0,0,0,0,0,,,0,0,0,0,0,0,0,0,0,0,0,0,,,,0,0,0,0,0,0,0,,0,0,0,0,,0,0
00-0034342,Q.Nelson,Quenton Nelson,G,OL,"https://static.www.nfl.com/image/upload/f_auto,q_auto/league/bzj1mpc7ykpkks4nmokp",2023,REG,IND,7,0,0,0,0,0,0,0,0,0,0,0,0,,,0,,0,0,0,0,0,0,,0,0,0,0,0,0,0,0,0,0,,0,,0,0,0,0,1,0,0,0,0,0,0,0,0,0,0,0,0,0,0,0,0,0,0,0,0,6,45,0,0,0,0,0,0,0,0,,,0,0,0,0,0,0,0,0,0,0,0,0,,,,0,0,0,0,0,0,0,,0,0,0,0,,0,0
00-0034344,M.Davenport,Marcus Davenport,DE,DL,"https://static.www.nfl.com/image/upload/f_auto,q_auto/league/hauze2vwdskhaiqjifk1",2023,REG,MIN,2,0,0,0,0,0,0,0,0,0,0,0,0,,,0,,0,0,0,0,0,0,,0,0,0,0,0,0,0,0,0,0,,0,,0,0,0,0,2,1,4,2,17,0,2,17,4,0,0,0,0,0,0,0,0,0,0,0,0,0,0,0,0,0,0,0,0,0,0,,,0,0,0,0,0,0,0,0,0,0,0,0,,,,0,0,0,0,0,0,0,,0,0,0,0,,0,0
00-0034345,F.Ragnow,Frank Ragnow,G,OL,"https://static.www.nfl.com/image/upload/f_auto,q_auto/league/mequnmjjuonmyvhuxuu2",2023,REG,DET,3,0,0,0,0,0,0,0,0,0,0,0,0,,,0,,0,0,0,0,0,0,,0,0,0,0,0,0,0,0,0,0,,0,,0,0,0,0,0,0,0,0,0,0,0,0,0,0,0,0,0,0,0,0,0,1,0,0,0,3,25,0,0,0,0,0,0,0,0,,,0,0,0,0,0,0,0,0,0,0,0,0,,,,0,0,0,0,0,0,0,,0,0,0,0,,0,0
00-0034346,W.Hernandez,Will Hernandez,G,OL,"https://static.www.nfl.com/image/upload/f_auto,q_auto/league/ut7l385k6rcyhgsh7q40",2023,REG,ARI,1,0,0,0,0,0,0,0,0,0,0,0,0,,,0,,0,0,0,0,0,0,,0,0,0,0,0,0,0,0,0,0,,0,,0,0,0,0,0,0,0,0,0,0,0,0,0,0,0,0,0,0,0,0,0,0,0,0,0,1,5,0,0,0,0,0,0,0,0,,,0,0,0,0,0,0,0,0,0,0,0,0,,,,0,0,0,0,0,0,0,,0,0,0,0,,0,0
00-0034347,J.Daniels,James Daniels,G,OL,"https://static.www.nfl.com/image/upload/f_auto,q_auto/league/w6h18noq7m3jxrfjytgs",2023,REG,PIT,3,0,0,0,0,0,0,0,0,0,0,0,0,,,0,,0,0,0,0,0,0,,0,0,0,0,0,0,0,0,0,0,,0,,0,0,0,0,0,1,0,0,0,0,0,0,0,0,0,0,0,0,0,0,0,0,0,0,0,2,15,0,0,0,0,0,0,0,0,,,0,0,0,0,0,0,0,0,0,0,0,0,,,,0,0,0,0,0,0,0,,0,0,0,0,,0,0
00-0034348,C.Sutton,Courtland Sutton,WR,WR,"https://static.www.nfl.com/image/upload/f_auto,q_auto/league/r2sr6cbma4c7wc3isejj",2023,REG,DEN,16,0,0,0,0,0,0,0,0,0,0,0,0,,,0,,0,0,0,0,0,0,,0,59,90,772,10,3,3,1060,156,37,22.0475871545289,0,0.728301886792453,0.188679245283019,0.28236547682472,0.480674701701833,0,0,0,0,0,0,0,0,0,0,0,0,0,0,0,0,0,0,0,0,0,0,6,50,0,0,0,0,0,0,0,0,,,0,0,0,0,0,0,0,0,0,0,0,0,,,,0,0,0,0,0,0,0,,0,0,0,0,,131.2,190.2
00-0034350,U.Nwosu,Uchenna Nwosu,LB,LB,"https://static.www.nfl.com/image/upload/f_auto,q_auto/league/eovri4ccfixdbtikxbyg",2023,REG,SEA,6,0,0,0,0,0,0,0,0,0,0,0,0,,,0,,0,0,0,0,0,0,,0,0,0,0,0,0,0,0,0,0,,0,,0,0,0,0,11,1,4,3,17,2,2,14,6,0,0,0,0,0,0,0,0,0,0,0,0,1,5,0,0,0,0,0,0,0,0,,,0,0,0,0,0,0,0,0,0,0,0,0,,,,0,0,0,0,0,0,0,,0,0,0,0,,0,0
00-0034351,D.Goedert,Dallas Goedert,TE,TE,"https://static.www.nfl.com/image/upload/f_auto,q_auto/league/a6ljhwvkehvyiufdx3d1",2023,REG,PHI,14,0,0,0,0,0,0,0,0,0,0,0,0,,,0,,1,1,0,0,0,0,-0.459558119880967,0,59,83,592,3,0,0,445,319,33,16.1481283170258,0,1.33033707865169,0.158095238095238,0.0918662262592898,0.30144921552436,0,0,0,0,0,0,0,0,0,0,0,0,0,0,0,0,0,0,0,0,0,0,3,15,0,0,0,0,0,0,0,0,,,0,0,0,0,0,0,0,0,0,0,0,0,,,,0,0,0,0,0,0,0,,0,0,0,0,,77.3,136.3
00-0034352,C.Williams,Connor Williams,C,OL,"https://static.www.nfl.com/image/upload/f_auto,q_auto/league/pmwlc2ff9pjeethlzoit",2023,REG,MIA,5,0,0,0,0,0,0,0,0,0,0,0,0,,,0,,0,0,0,0,0,0,,0,0,0,0,0,0,0,0,0,0,,0,,0,0,0,0,0,0,0,0,0,0,0,0,0,0,0,0,0,0,0,0,0,0,0,0,0,6,53,0,0,0,0,0,0,0,0,,,0,0,0,0,0,0,0,0,0,0,0,0,,,,0,0,0,0,0,0,0,,0,0,0,0,,0,0
00-0034355,M.Stewart,M.J. Stewart,SAF,DB,"https://static.www.nfl.com/image/upload/f_auto,q_auto/league/ks5w5s7jghanmslipbfs",2023,REG,HOU,4,0,0,0,0,0,0,0,0,0,0,0,0,,,0,,0,0,0,0,0,0,,0,0,0,0,0,0,0,0,0,0,,0,,0,0,0,0,13,0,9,0,0,1,0,0,0,0,0,0,0,0,0,0,0,0,1,1,0,1,8,0,0,0,0,0,0,0,0,,,0,0,0,0,0,0,0,0,0,0,0,0,,,,0,0,0,0,0,0,0,,0,0,0,0,,0,0
00-0034356,D.Jackson,Donte Jackson,CB,DB,"https://static.www.nfl.com/image/upload/f_auto,q_auto/league/nliq6ydokq7tica1y1gq",2023,REG,CAR,16,0,0,0,0,0,0,0,0,0,0,0,0,,,0,,0,0,0,0,0,0,,0,0,0,0,0,0,0,0,0,0,,0,,0,0,0,0,44,5,10,1,4,1,0,0,0,0,0,5,0,0,0,0,0,0,0,0,0,4,54,0,0,0,0,0,0,0,0,,,0,0,0,0,0,0,0,0,0,0,0,0,,,,0,0,0,0,0,0,0,,0,0,0,0,,0,0
00-0034357,I.Oliver,Isaiah Oliver,SAF,DB,"https://static.www.nfl.com/image/upload/f_auto,q_auto/league/s5m8lnvv8xcidpvkyyd4",2023,REG,SF,15,0,0,0,0,0,0,0,0,0,0,0,0,,,0,,0,0,0,0,0,0,,0,0,0,0,0,0,0,0,0,0,,0,,0,0,0,0,39,9,19,1,8,0,0,0,3,1,3,2,0,0,0,0,0,0,1,1,0,2,20,0,0,0,0,0,0,0,0,,,0,0,0,0,0,0,0,0,0,0,0,0,,,,0,0,0,0,0,0,0,,0,0,0,0,,0,0
00-0034359,Ty.Lewis,Tyquan Lewis,DE,DL,"https://static.www.nfl.com/image/upload/f_auto,q_auto/league/d47ganmptjxxpyhctc8x",2023,REG,IND,16,0,0,0,0,0,0,0,0,0,0,0,0,,,0,,0,0,0,0,0,0,,0,0,0,0,0,0,0,0,0,0,,0,,0,0,0,0,12,6,7,7,35,0,4,28.5,13,0,0,3,0,0,0,0,0,0,0,0,0,1,5,0,0,0,0,0,0,0,0,,,0,0,0,0,0,0,0,0,0,0,0,0,,,,0,0,0,0,0,0,0,,0,0,0,0,,0,0
00-0034360,L.Carter,Lorenzo Carter,LB,LB,"https://static.www.nfl.com/image/upload/f_auto,q_auto/league/gdpt5q1cisicb1uv7xfq",2023,REG,ATL,16,0,0,0,0,0,0,0,0,0,0,0,0,,,0,,0,0,0,0,0,0,,0,0,0,0,0,0,0,0,0,0,,0,,0,0,0,0,21,3,11,4,27,1,3,33,9,0,0,1,0,0,0,0,0,0,2,2,0,0,0,0,0,0,0,0,0,0,0,,,0,0,0,0,0,0,0,0,0,0,0,0,,,,0,0,0,0,0,0,0,,0,0,0,0,,0,0
00-0034361,J.Reid,Justin Reid,S,DB,"https://static.www.nfl.com/image/upload/f_auto,q_auto/league/ysi7vrkwfhei6adamgb3",2023,REG,KC,16,0,0,0,0,0,0,0,0,0,0,0,0,,,0,,0,0,0,0,0,0,,0,0,0,0,0,0,0,0,0,0,,0,,0,0,0,0,66,8,21,4,17,1,3,16,5,1,11,7,0,0,0,0,0,0,0,0,0,3,30,0,0,0,0,0,0,0,0,,,0,0,0,0,0,0,0,0,0,0,0,0,,,,0,0,0,0,0,0,0,,0,0,0,0,,0,0
00-0034363,D.Senat,Deadrin Senat,DT,DL,"https://static.www.nfl.com/image/upload/f_auto,q_auto/league/sucwsbeicdiplgr73tay",2023,REG,TB,1,0,0,0,0,0,0,0,0,0,0,0,0,,,0,,0,0,0,0,0,0,,0,0,0,0,0,0,0,0,0,0,,0,,0,0,0,0,0,1,0,0,0,0,0,0,0,0,0,0,0,0,0,0,0,0,0,0,0,0,0,0,0,0,0,0,0,0,0,,,0,0,0,0,0,0,0,0,0,0,0,0,,,,0,0,0,0,0,0,0,,0,0,0,0,,0,0
00-0034364,J.Akins,Jordan Akins,TE,TE,"https://static.www.nfl.com/image/private/f_auto,q_auto/league/fgkl9zfpy2yxrkxfge84",2023,REG,CLE,13,0,0,0,0,0,0,0,0,0,0,0,0,,,0,,0,0,0,0,0,0,,0,15,23,132,0,0,0,109,58,6,-1.03784067358356,0,1.21100917431193,0.0385259631490787,0.0205699188526137,0.0721878879204477,0,0,0,0,0,0,0,0,0,0,0,0,0,0,0,0,0,0,0,0,0,0,0,0,0,0,0,0,0,0,0,0,,,0,0,0,0,0,0,0,0,0,0,0,0,,,,0,0,0,0,0,0,0,,0,0,0,0,,13.2,28.2
00-0034365,I.Thomas,Ian Thomas,TE,TE,"https://static.www.nfl.com/image/upload/f_auto,q_auto/league/gvpwnq0mjefjlekgzxro",2023,REG,CAR,8,0,0,0,0,0,0,0,0,0,0,0,0,,,0,,0,0,0,0,0,0,,0,5,9,56,0,0,0,78,33,1,-7.67592188360868,0,0.717948717948718,0.0168539325842697,0.0174029451137885,0.0374629604560564,0,1,0,0,0,0,0,0,0,0,0,0,0,0,0,0,0,0,0,0,0,0,2,25,0,0,0,0,0,0,0,0,,,0,0,0,0,0,0,0,0,0,0,0,0,,,,0,0,0,0,0,0,0,,0,0,0,0,,5.6,10.6
00-0034368,J.Jewell,Josey Jewell,ILB,LB,"https://static.www.nfl.com/image/upload/f_auto,q_auto/league/kzgkkm7e7uqslan5amxh",2023,REG,DEN,16,0,0,0,0,0,0,0,0,0,0,0,0,,,0,,0,0,0,0,0,0,,0,0,0,0,0,0,0,0,0,0,,0,,0,0,0,0,45,15,48,2,9,2,3,16,3,0,0,3,0,0,0,0,0,0,3,3,0,1,5,0,0,0,0,0,0,0,0,,,0,0,0,0,0,0,0,0,0,0,0,0,,,,0,0,0,0,0,0,0,,0,0,0,0,,0,0
00-0034371,D.Hand,Da'Shawn Hand,DE,DL,"https://static.www.nfl.com/image/upload/f_auto,q_auto/league/n3ujcvyv6nl5oletxa6g",2023,REG,MIA,10,0,0,0,0,0,0,0,0,0,0,0,0,,,0,,0,0,0,0,0,0,,0,0,0,0,0,0,0,0,0,0,,0,,0,0,0,0,5,1,11,1,11,0,1,11,3,0,0,2,0,0,0,0,0,0,0,0,0,0,0,0,0,0,0,0,0,0,0,,,0,0,0,0,0,0,0,0,0,0,0,0,,,,0,0,0,0,0,0,0,,0,0,0,0,,0,0
00-0034373,D.Armstrong,Dorance Armstrong,DE,DL,"https://static.www.nfl.com/image/upload/f_auto,q_auto/league/cdapnpgtde1mdf7r8l5e",2023,REG,DAL,17,0,0,0,0,0,0,0,0,0,0,0,0,,,0,,0,0,0,0,0,0,,0,0,0,0,0,0,0,0,0,0,,0,,0,0,0,0,17,3,18,6,30,0,7.5,40.5,12,0,0,1,0,0,0,0,0,0,0,0,0,1,5,0,0,0,0,0,0,0,0,,,0,0,0,0,0,0,0,0,0,0,0,0,,,,0,0,0,0,0,0,0,,0,0,0,0,,0,0
00-0034374,J.Whitehead,Jordan Whitehead,FS,DB,"https://static.www.nfl.com/image/upload/f_auto,q_auto/league/ex3cknffjss7ez1fwymu",2023,REG,NYJ,16,0,0,0,0,0,0,0,0,0,0,0,0,,,0,,0,0,0,0,0,0,,0,0,0,0,0,0,0,0,0,0,,0,,0,0,0,0,54,11,32,1,2,0,0.5,6.5,1,4,6,9,0,0,0,0,0,0,0,0,0,1,0,0,0,0,0,0,0,0,0,,,0,0,0,0,0,0,0,0,0,0,0,0,,,,0,0,0,0,0,0,0,,0,0,0,0,,0,0
00-0034375,K.White,Kyzir White,OLB,LB,"https://static.www.nfl.com/image/upload/f_auto,q_auto/league/n5sjtcxydtaszz7yeyqw",2023,REG,ARI,11,0,0,0,0,0,0,0,0,0,0,0,0,,,0,,0,0,0,0,0,0,,0,0,0,0,0,0,0,0,0,0,,0,,0,0,0,0,46,7,37,8,24,0,2,10,2,1,0,3,0,0,0,0,0,0,0,0,0,3,31,0,0,0,0,0,0,0,0,,,0,0,0,0,0,0,0,0,0,0,0,0,,,,0,0,0,0,0,0,0,,0,0,0,0,,0,0
00-0034376,Ta.Johnson,Taron Johnson,CB,DB,"https://static.www.nfl.com/image/upload/f_auto,q_auto/league/xdvo4thpmwbehsfwpedb",2023,REG,BUF,16,0,0,0,0,0,0,0,0,0,0,0,0,,,0,,0,0,0,0,0,0,,0,0,0,0,0,0,0,0,0,0,,0,,0,0,0,0,59,13,26,3,3,3,1,1,2,0,0,8,0,0,0,0,0,0,1,1,0,5,79,0,0,0,0,0,0,0,0,,,0,0,0,0,0,0,0,0,0,0,0,0,,,,0,0,0,0,0,0,0,,0,0,0,0,,0,0
00-0034377,A.Maddox,Avonte Maddox,CB,DB,"https://static.www.nfl.com/image/upload/f_auto,q_auto/league/j2guzeu1ggx5opajjl3h",2023,REG,PHI,4,0,0,0,0,0,0,0,0,0,0,0,0,,,0,,0,0,0,0,0,0,,0,0,0,0,0,0,0,0,0,0,,0,,0,0,0,0,8,0,4,1,4,1,0,0,0,0,0,2,0,0,0,0,0,0,0,0,0,1,5,0,0,0,0,0,0,0,0,,,0,0,0,0,0,0,0,0,0,0,0,0,,,,0,0,0,0,0,0,0,,0,0,0,0,,0,0
00-0034381,J.Sweat,Josh Sweat,OLB,LB,"https://static.www.nfl.com/image/upload/f_auto,q_auto/league/zryjvbggvdlringt4vcn",2023,REG,PHI,16,0,0,0,0,0,0,0,0,0,0,0,0,,,0,,0,0,0,0,0,0,,0,0,0,0,0,0,0,0,0,0,,0,,0,0,0,0,25,5,13,7,43,2,6.5,49.5,23,0,0,1,0,0,0,0,0,0,0,0,0,6,27,0,0,0,0,0,0,0,0,,,0,0,0,0,0,0,0,0,0,0,0,0,,,,0,0,0,0,0,0,0,,0,0,0,0,,0,0
00-0034382,M.Haynes,Marquis Haynes,LB,LB,"https://static.www.nfl.com/image/private/f_auto,q_auto/league/wnbz9bjtz8wooiq2podb",2023,REG,CAR,7,0,0,0,0,0,0,0,0,0,0,0,0,,,0,,0,0,0,0,0,0,,0,0,0,0,0,0,0,0,0,0,,0,,0,0,0,0,12,1,3,2,10,0,1,8,2,0,0,0,0,0,0,0,0,0,0,0,0,0,0,0,0,0,0,0,0,0,0,,,0,0,0,0,0,0,0,0,0,0,0,0,,,,0,0,0,0,0,0,0,,0,0,0,0,,0,0
00-0034383,D.Schultz,Dalton Schultz,TE,TE,"https://static.www.nfl.com/image/upload/f_auto,q_auto/league/xbl9mhuamzv5udb4hyzj",2023,REG,HOU,15,0,0,0,0,0,0,0,0,0,0,0,0,,,0,,0,0,0,0,0,0,,0,59,88,635,5,1,1,669,259,35,24.4057974586006,0,0.949177877428999,0.15547703180212,0.129225420127487,0.323673341792421,0,0,0,0,0,0,0,0,0,0,0,0,0,0,0,0,0,0,0,0,0,0,1,5,0,0,0,0,0,0,0,0,,,0,0,0,0,0,0,0,0,0,0,0,0,,,,0,0,0,0,0,0,0,,0,0,0,0,,91.5,150.5
00-0034384,D.Reed,D.J. Reed,CB,DB,"https://static.www.nfl.com/image/upload/f_auto,q_auto/league/haxt1fpxhgnobin0d5sx",2023,REG,NYJ,15,0,0,0,0,0,0,0,0,0,0,0,0,,,0,,0,0,0,0,0,0,,0,0,0,0,0,0,0,0,0,0,,0,,0,0,0,0,56,6,14,2,3,1,0,0,0,1,0,9,0,0,0,0,0,0,0,0,0,6,40,0,0,0,0,0,0,0,0,,,0,0,0,0,0,0,0,0,0,0,0,0,,,,0,0,0,0,0,0,0,,0,0,0,0,,0,0
00-0034385,J.Bentley,Ja'Whaun Bentley,LB,LB,"https://static.www.nfl.com/image/private/f_auto,q_auto/league/e8rbhbuuaspg5rg9djyp",2023,REG,NE,16,0,0,0,0,0,0,0,0,0,0,0,0,,,0,,0,0,0,0,0,0,,0,0,0,0,0,0,0,0,0,0,,0,,0,0,0,0,43,12,59,5,16,1,4.5,13.5,12,0,0,3,0,0,0,0,0,0,0,0,0,0,0,0,0,0,0,0,0,0,0,,,0,0,0,0,0,0,0,0,0,0,0,0,,,,0,0,0,0,0,0,0,,0,0,0,0,,0,0
00-0034386,Ju.Watson,Justin Watson,WR,WR,"https://static.www.nfl.com/image/upload/f_auto,q_auto/league/unqrnkfpqg7juhlbyp4v",2023,REG,KC,15,0,0,0,0,0,0,0,0,0,0,0,0,,,0,,0,0,0,0,0,0,,0,27,53,460,3,1,1,928,47,21,4.29549575073179,0,0.495689655172414,0.0884808013355593,0.226617826617827,0.291353680635818,0,2,0,0,0,0,0,0,0,0,0,0,0,0,0,0,0,0,0,0,0,0,1,15,0,0,0,0,0,0,0,0,,,0,0,0,0,0,0,0,0,0,0,0,0,,,,0,0,0,0,0,0,0,,0,0,0,0,,62,89
00-0034387,B.Nichols,Bilal Nichols,DT,DL,"https://static.www.nfl.com/image/upload/f_auto,q_auto/league/ukjuxv7bxvbfnciod79v",2023,REG,LV,16,0,0,0,0,0,0,0,0,0,0,0,0,,,0,,0,0,0,0,0,0,,0,0,0,0,0,0,0,0,0,0,,0,,0,0,0,0,19,6,23,4,14,0,1.5,3,2,0,0,1,0,0,0,0,0,0,1,1,1,0,0,0,0,0,0,0,0,0,0,,,0,0,0,0,0,0,0,0,0,0,0,0,,,,0,0,0,0,0,0,0,,0,0,0,0,,0,0
00-0034391,S.Neal,Siran Neal,CB,DB,"https://static.www.nfl.com/image/upload/f_auto,q_auto/league/kq7kbeol3boyczqkm9jx",2023,REG,BUF,10,0,0,0,0,0,0,0,0,0,0,0,0,,,0,,0,0,0,0,0,0,,0,0,0,0,0,0,0,0,0,0,,0,,0,0,0,0,9,0,4,0,0,0,0,0,0,0,0,0,0,0,0,0,0,0,0,0,0,3,27,0,0,0,0,0,0,0,0,,,0,0,0,0,0,0,0,0,0,0,0,0,,,,0,0,0,0,0,0,0,,0,0,0,0,,0,0
00-0034397,T.Settle,Tim Settle,DT,DL,"https://static.www.nfl.com/image/upload/f_auto,q_auto/league/jhb7b9b6r8yybbltih4v",2023,REG,BUF,12,0,0,0,0,0,0,0,0,0,0,0,0,,,0,,0,0,0,0,0,0,,0,0,0,0,0,0,0,0,0,0,,0,,0,0,0,0,7,2,5,1,4,0,1,4,2,0,0,0,0,0,0,0,0,0,0,0,0,2,20,0,0,0,0,0,0,0,0,,,0,0,0,0,0,0,0,0,0,0,0,0,,,,0,0,0,0,0,0,0,,0,0,0,0,,0,0
00-0034399,W.Teller,Wyatt Teller,G,OL,"https://static.www.nfl.com/image/upload/f_auto,q_auto/league/cssfbsfmyuubkg0js8ni",2023,REG,CLE,7,0,0,0,0,0,0,0,0,0,0,0,0,,,0,,0,0,0,0,0,0,,0,0,0,0,0,0,0,0,0,0,,0,,0,0,0,0,2,0,1,0,0,0,0,0,0,0,0,0,0,0,0,0,1,1,0,0,0,4,28,0,0,0,0,0,0,0,0,,,0,0,0,0,0,0,0,0,0,0,0,0,,,,0,0,0,0,0,0,0,,0,0,0,0,,0,0
00-0034401,M.White,Mike White,QB,QB,"https://static.www.nfl.com/image/upload/f_auto,q_auto/league/ctdcazjooi8u5iyf82vr",2023,REG,MIA,6,5,6,74,1,1,0,0,0,0,23,51,1,-7.24090171756689,8.78609617551168,0,3.21739130434783,8,-9,0,1,1,1,-11.8066923558654,0,0,0,0,0,0,0,0,0,0,,0,,0,0,0,0,0,0,0,0,0,0,0,0,0,0,0,0,0,0,0,0,0,1,0,0,0,0,0,0,0,0,0,0,0,0,0,,,0,0,0,0,0,0,0,0,0,0,0,0,,,,0,0,0,0,0,0,0,,0,0,0,0,,2.06,2.06
00-0034407,R.McCloud,Ray-Ray McCloud,WR,WR,"https://static.www.nfl.com/image/upload/f_auto,q_auto/league/nvwn3sdihyyd2itjt7vy",2023,REG,SF,12,0,0,0,0,0,0,0,0,0,0,0,0,,,0,,3,30,0,0,0,2,1.93989443697501,0,12,15,135,0,0,0,94,87,7,2.38459202717058,0,1.43617021276596,0.0318471337579618,0.0233947237431558,0.0641470072571517,0,1,0,0,0,0,0,0,0,0,0,0,0,0,1,0,0,0,0,0,0,0,0,0,24,203,10,225,0,0,0,0,,,0,0,0,0,0,0,0,0,0,0,0,0,,,,0,0,0,0,0,0,0,,0,0,0,0,,16.5,28.5
00-0034413,F.Oluokun,Foye Oluokun,LB,LB,"https://static.www.nfl.com/image/private/f_auto,q_auto/league/ldsewkhf1k2uxwcud0bj",2023,REG,JAX,17,0,0,0,0,0,0,0,0,0,0,0,0,,,0,,0,0,0,0,0,0,,0,0,0,0,0,0,0,0,0,0,,0,,0,0,0,0,91,20,62,6,21,1,2.5,13,10,1,24,6,1,0,0,0,1,1,2,2,0,1,32,0,0,0,0,0,0,0,0,,,0,0,0,0,0,0,0,0,0,0,0,0,,,,0,0,0,0,0,0,0,,0,0,0,0,,0,0
00-0034414,B.Scott,Boston Scott,RB,RB,"https://static.www.nfl.com/image/upload/f_auto,q_auto/league/drf1wvqkjdvtu1rtxvfe",2023,REG,PHI,12,0,0,0,0,0,0,0,0,0,0,0,0,,,0,,20,86,0,0,0,5,-3.17410284868674,0,4,6,52,0,0,0,31,43,2,2.97636320849415,0,1.67741935483871,0.0114285714285714,0.00639966969446738,0.0216226259289843,0,0,0,1,0,0,0,0,0,0,0,0,0,0,0,0,0,0,0,0,0,0,0,0,0,0,8,170,0,0,0,0,,,0,0,0,0,0,0,0,0,0,0,0,0,,,,0,0,0,0,0,0,0,,0,0,0,0,,13.8,17.8
00-0034417,M.Pryor,Matt Pryor,OT,OL,"https://static.www.nfl.com/image/upload/f_auto,q_auto/league/bkhsm8by729olvyrixw9",2023,REG,SF,1,0,0,0,0,0,0,0,0,0,0,0,0,,,0,,0,0,0,0,0,0,,0,0,0,0,0,0,0,0,0,0,,0,,0,0,0,0,0,0,0,0,0,0,0,0,0,0,0,0,0,0,0,0,0,0,0,0,0,1,5,0,0,0,0,0,0,0,0,,,0,0,0,0,0,0,0,0,0,0,0,0,,,,0,0,0,0,0,0,0,,0,0,0,0,,0,0
00-0034418,C.Wilson,Cedrick Wilson Jr.,WR,WR,"https://static.www.nfl.com/image/upload/f_auto,q_auto/league/cf6fmi91zijiovftx9qk",2023,REG,MIA,11,0,0,0,0,0,1,-7,0,0,0,0,0,-1.35745236754883,,0,,0,0,0,0,0,0,,0,22,38,296,3,0,0,429,57,14,0.448936370451772,0,0.68997668997669,0.0692167577413479,0.0996284254528565,0.173565034429021,0,0,0,0,0,0,0,0,0,0,0,0,0,0,0,0,0,0,0,0,0,0,2,15,4,30,0,0,0,0,0,0,,,0,0,0,0,0,0,0,0,0,0,0,0,,,,0,0,0,0,0,0,0,,0,0,0,0,,47.6,69.6
00-0034419,B.Berrios,Braxton Berrios,WR,WR,"https://static.www.nfl.com/image/upload/f_auto,q_auto/league/striwxmn9t0ixherw7l8",2023,REG,MIA,16,0,0,0,0,0,0,0,0,0,0,0,0,,,0,,1,11,0,0,0,1,0.729804629925638,0,27,33,238,1,0,0,229,85,15,10.8663082639978,0,1.03930131004367,0.0601092896174863,0.0531816070599164,0.127391059368171,0,0,0,0,0,0,0,0,0,0,0,0,0,0,1,0,0,2,2,0,0,0,0,0,23,235,18,441,0,0,0,0,,,0,0,0,0,0,0,0,0,0,0,0,0,,,,0,0,0,0,0,0,0,,0,0,0,0,,30.9,57.9
00-0034424,M.Adams,Matthew Adams,OLB,LB,"https://static.www.nfl.com/image/upload/f_auto,q_auto/league/czuncqaya4qcf5guud1f",2023,REG,CLE,9,0,0,0,0,0,0,0,0,0,0,0,0,,,0,,0,0,0,0,0,0,,0,0,0,0,0,0,0,0,0,0,,0,,0,0,0,0,10,1,6,0,0,1,0,0,0,0,0,0,0,0,0,0,0,0,0,0,0,1,10,0,0,0,0,0,0,0,0,,,0,0,0,0,0,0,0,0,0,0,0,0,,,,0,0,0,0,0,0,0,,0,0,0,0,,0,0
00-0034429,J.Mailata,Jordan Mailata,OT,OL,"https://static.www.nfl.com/image/upload/f_auto,q_auto/league/vpfwqsmjzkby3auc0m5q",2023,REG,PHI,7,0,0,0,0,0,0,0,0,0,0,0,0,,,0,,0,0,0,0,0,0,,0,0,0,0,0,0,0,0,0,0,,0,,0,0,0,0,1,0,0,0,0,0,0,0,0,0,0,0,0,0,0,0,0,0,0,0,0,7,55,0,0,0,0,0,0,0,0,,,0,0,0,0,0,0,0,0,0,0,0,0,,,,0,0,0,0,0,0,0,,0,0,0,0,,0,0
00-0034430,A.Smith,Andre Smith,LB,LB,"https://static.www.nfl.com/image/private/f_auto,q_auto/league/qhetc78j5dmrlzwhpk1o",2023,REG,ATL,4,0,0,0,0,0,0,0,0,0,0,0,0,,,0,,0,0,0,0,0,0,,0,0,0,0,0,0,0,0,0,0,,0,,0,0,0,0,10,3,6,0,0,1,0,0,0,0,0,1,0,0,0,0,0,0,1,1,0,0,0,0,0,0,0,0,0,0,0,,,0,0,0,0,0,0,0,0,0,0,0,0,,,,0,0,0,0,0,0,0,,0,0,0,0,,0,0
00-0034431,Z.Franklin,Zaire Franklin,OLB,LB,"https://static.www.nfl.com/image/upload/f_auto,q_auto/league/sjssdwwimkrgh3jzuo89",2023,REG,IND,16,0,0,0,0,0,0,0,0,0,0,0,0,,,0,,0,0,0,0,0,0,,0,0,0,0,0,0,0,0,0,0,,0,,0,0,0,0,87,20,72,3,17,2,1.5,7.5,3,0,0,6,0,0,0,0,0,0,0,0,0,2,15,0,0,0,0,0,0,0,0,,,0,0,0,0,0,0,0,0,0,0,0,0,,,,0,0,0,0,0,0,0,,0,0,0,0,,0,0
00-0034433,N.Bawden,Nick Bawden,RB,RB,"https://static.www.nfl.com/image/private/f_auto,q_auto/league/rz1cgqj4rvl2xjffxyia",2023,REG,NYJ,6,0,0,0,0,0,0,0,0,0,0,0,0,,,0,,2,4,1,0,0,1,0.373601678671548,0,3,3,21,0,0,0,-1,22,1,0.451913360448089,0,-21,0.00532859680284192,-0.00025,0.00781789520426288,0,0,0,0,0,0,0,0,0,0,0,0,0,0,0,0,0,0,0,0,0,0,2,15,0,0,0,0,0,0,0,0,,,0,0,0,0,0,0,0,0,0,0,0,0,,,,0,0,0,0,0,0,0,,0,0,0,0,,8.5,11.5
00-0034436,W.Clapp,Will Clapp,C,OL,"https://static.www.nfl.com/image/upload/f_auto,q_auto/league/wgmd0gzt9anbveqaw55b",2023,REG,LAC,2,0,0,0,0,0,0,0,0,0,0,0,0,,,0,,0,0,0,0,0,0,,0,0,0,0,0,0,0,0,0,0,,0,,0,0,0,0,0,0,1,0,0,0,0,0,0,0,0,0,0,0,0,0,0,0,0,0,0,1,5,0,0,0,0,0,0,0,0,,,0,0,0,0,0,0,0,0,0,0,0,0,,,,0,0,0,0,0,0,0,,0,0,0,0,,0,0
00-0034437,L.Cooke,Logan Cooke,P,SPEC,"https://static.www.nfl.com/image/upload/f_auto,q_auto/league/tm0qrnirdvbhshxsfhg2",2023,REG,JAX,17,1,1,13,0,0,0,0,0,0,4,9,1,2.56437600724166,25.2130389213562,0,3.25,0,0,0,0,0,0,,0,0,0,0,0,0,0,0,0,0,,0,,0,0,0,0,0,0,0,0,0,0,0,0,0,0,0,0,0,0,0,0,0,0,0,0,0,0,0,0,0,0,0,0,0,0,0,,,0,0,0,0,0,0,0,0,0,0,0,0,,,,0,0,0,0,0,0,0,,0,0,0,0,,0.52,0.52
00-0034438,L.Woodside,Logan Woodside,QB,QB,"https://static.www.nfl.com/image/upload/f_auto,q_auto/league/hf5rgpjctslpwjzl0er9",2023,REG,ATL,1,3,4,27,0,1,1,-7,0,0,6,29,3,-10.0795751017577,-2.89320349693298,0,4.5,1,6,0,0,0,0,0.325870348373428,0,0,0,0,0,0,0,0,0,0,,0,,0,0,0,0,0,0,0,0,0,0,0,0,0,0,0,0,0,0,0,0,0,0,0,0,0,0,0,0,0,0,0,0,0,0,0,,,0,0,0,0,0,0,0,0,0,0,0,0,,,,0,0,0,0,0,0,0,,0,0,0,0,,-0.32,-0.32
00-0034445,N.Gates,Nick Gates,G,OL,"https://static.www.nfl.com/image/upload/f_auto,q_auto/league/mm6y8qrgmgv0nu5jvxbo",2023,REG,WAS,3,0,0,0,0,0,0,0,0,0,0,0,0,,,0,,0,0,0,0,0,0,,0,0,0,0,0,0,0,0,0,0,,0,,0,0,0,0,0,0,0,0,0,0,0,0,0,0,0,0,0,0,0,0,0,0,0,0,0,3,20,0,0,0,0,0,0,0,0,,,0,0,0,0,0,0,0,0,0,0,0,0,,,,0,0,0,0,0,0,0,,0,0,0,0,,0,0
00-0034446,J.Davis,Jalen Davis,CB,DB,"https://static.www.nfl.com/image/upload/f_auto,q_auto/league/lrtxaeqg5he2bao1hbok",2023,REG,CIN,7,0,0,0,0,0,0,0,0,0,0,0,0,,,0,,0,0,0,0,0,0,,0,0,0,0,0,0,0,0,0,0,,0,,0,0,0,0,3,0,2,0,0,0,0,0,0,0,0,1,0,0,0,0,1,1,0,0,0,1,5,0,0,0,0,0,0,0,0,,,0,0,0,0,0,0,0,0,0,0,0,0,,,,0,0,0,0,0,0,0,,0,0,0,0,,0,0
00-0034450,G.Joseph,Greg Joseph,K,SPEC,"https://static.www.nfl.com/image/upload/f_auto,q_auto/league/ginorlxfefllpy5kbhsr",2023,REG,MIN,17,0,0,0,0,0,0,0,0,0,0,0,0,,,0,,0,0,0,0,0,0,,0,0,0,0,0,0,0,0,0,0,,0,,0,0,0,0,2,0,0,0,0,0,0,0,0,0,0,0,0,0,0,0,0,0,0,0,0,0,0,0,0,0,0,24,30,5,1,54,0.8,1,7,9,3,4,0,0,0,0,2,3,0,25;23;40;29;53;51;21;20;54;25;19;32;31;40;33;34;30;34;36;39;26;54;39;43,57;50;42;54;49,44,831,252,44,36,38,1,1,0.947368421052632,0,0,0,0,,0,0
00-0034461,B.Hector,Bruce Hector,DT,DL,"https://static.www.nfl.com/image/upload/f_auto,q_auto/league/qdli9iqgoixoexclb8rz",2023,REG,NYJ,2,0,0,0,0,0,0,0,0,0,0,0,0,,,0,,0,0,0,0,0,0,,0,0,0,0,0,0,0,0,0,0,,0,,0,0,0,0,2,0,2,1,2,0,0,0,0,0,0,0,0,0,0,0,0,0,0,0,0,0,0,0,0,0,0,0,0,0,0,,,0,0,0,0,0,0,0,0,0,0,0,0,,,,0,0,0,0,0,0,0,,0,0,0,0,,0,0
00-0034465,J.Reaves,Jeremy Reaves,SAF,DB,"https://static.www.nfl.com/image/upload/f_auto,q_auto/league/kwmtxcogvel516q4ws86",2023,REG,WAS,4,0,0,0,0,0,0,0,0,0,0,0,0,,,0,,0,0,0,0,0,0,,0,0,0,0,0,0,0,0,0,0,,0,,0,0,0,0,4,0,2,0,0,0,0,0,0,0,0,0,0,0,0,0,0,0,0,0,0,0,0,0,0,0,0,0,0,0,0,,,0,0,0,0,0,0,0,0,0,0,0,0,,,,0,0,0,0,0,0,0,,0,0,0,0,,0,0
00-0034468,C.Sullivan,Chandon Sullivan,DB,DB,"https://static.www.nfl.com/image/private/f_auto,q_auto/league/jj9b9gdqcee9dzpe6bjx",2023,REG,PIT,13,0,0,0,0,0,0,0,0,0,0,0,0,,,0,,0,0,0,0,0,0,,0,0,0,0,0,0,0,0,0,0,,0,,0,0,0,0,13,1,8,1,1,1,0,0,0,1,0,6,0,0,0,0,0,0,0,0,0,3,21,0,0,0,0,0,0,0,0,,,0,0,0,0,0,0,0,0,0,0,0,0,,,,0,0,0,0,0,0,0,,0,0,0,0,,0,0
00-0034473,D.Gardeck,Dennis Gardeck,LB,LB,"https://static.www.nfl.com/image/upload/f_auto,q_auto/league/n7dgy1vckfce4ynxeoil",2023,REG,ARI,17,0,0,0,0,0,0,0,0,0,0,0,0,,,0,,0,0,0,0,0,0,,0,0,0,0,0,0,0,0,0,0,,0,,0,0,0,0,29,7,10,6,32,1,6,52,12,0,0,4,0,0,0,0,0,0,1,1,0,2,30,0,0,0,0,0,0,0,0,,,0,0,0,0,0,0,0,0,0,0,0,0,,,,0,0,0,0,0,0,0,,0,0,0,0,,0,0
00-0034485,J.Owens,Jonathan Owens,DB,DB,"https://static.www.nfl.com/image/upload/f_auto,q_auto/league/nefkbybdw0icaynztmxk",2023,REG,GB,16,0,0,0,0,0,0,0,0,0,0,0,0,,,0,,0,0,0,0,0,0,,0,0,0,0,0,0,0,0,0,0,,0,,0,0,0,0,53,5,26,1,2,1,1,11,1,0,0,3,0,0,0,23,0,0,1,1,1,6,65,0,0,0,0,0,0,0,0,,,0,0,0,0,0,0,0,0,0,0,0,0,,,,0,0,0,0,0,0,0,,0,0,0,0,,0,0
00-0034487,T.Sherfield,Trent Sherfield,WR,WR,"https://static.www.nfl.com/image/upload/f_auto,q_auto/league/euvbflse91irfzlk7yiq",2023,REG,BUF,11,0,0,0,0,0,0,0,0,0,0,0,0,,,0,,0,0,0,0,0,0,,0,11,22,86,1,0,0,190,49,4,-2.21938811756037,0,0.452631578947368,0.0403669724770642,0.0378335324571884,0.0870339314356282,0,2,0,1,0,0,0,0,0,0,0,0,0,0,0,0,0,0,0,0,0,0,2,20,0,0,0,0,0,0,0,0,,,0,0,0,0,0,0,0,0,0,0,0,0,,,,0,0,0,0,0,0,0,,0,0,0,0,,14.6,25.6
00-0034488,T.Thomas,Tavierre Thomas,SAF,DB,"https://static.www.nfl.com/image/upload/f_auto,q_auto/league/bbljj6ltlnswmkqjhzfw",2023,REG,HOU,9,0,0,0,0,0,0,0,0,0,0,0,0,,,0,,0,0,0,0,0,0,,0,0,0,0,0,0,0,0,0,0,,0,,0,0,0,0,23,7,21,2,4,2,0,0,0,0,0,1,0,0,0,0,0,0,0,0,0,5,42,0,0,0,0,0,0,0,0,,,0,0,0,0,0,0,0,0,0,0,0,0,,,,0,0,0,0,0,0,0,,0,0,0,0,,0,0
00-0034490,E.Turner,Ezekiel Turner,LB,LB,"https://static.www.nfl.com/image/upload/f_auto,q_auto/league/jl6qf1nrpmkezxjtc5ic",2023,REG,ARI,10,0,0,0,0,0,0,0,0,0,0,0,0,,,0,,1,2,0,0,0,1,1.94362433324568,0,0,0,0,0,0,0,0,0,0,,0,,0,0,0,0,7,1,12,0,0,0,0,0,0,0,0,0,0,0,0,0,0,0,0,0,0,1,2,0,0,0,0,0,0,0,0,,,0,0,0,0,0,0,0,0,0,0,0,0,,,,0,0,0,0,0,0,0,,0,0,0,0,,0.2,0.2
00-0034495,E.Brown,Evan Brown,G,OL,"https://static.www.nfl.com/image/upload/f_auto,q_auto/league/tlw4pewhhoepd5998bg4",2023,REG,SEA,5,0,0,0,0,0,0,0,0,0,0,0,0,,,0,,0,0,0,0,0,0,,0,0,0,0,0,0,0,0,0,0,,0,,0,0,0,0,0,0,0,0,0,0,0,0,0,0,0,0,0,0,0,0,0,0,0,0,0,5,34,0,0,0,0,0,0,0,0,,,0,0,0,0,0,0,0,0,0,0,0,0,,,,0,0,0,0,0,0,0,,0,0,0,0,,0,0
00-0034496,S.Chandler,Sean Chandler,DB,DB,"https://static.www.nfl.com/image/private/f_auto,q_auto/league/m4glij7rkgkyhu01igmi",2023,REG,WAS,1,0,0,0,0,0,0,0,0,0,0,0,0,,,0,,0,0,0,0,0,0,,0,0,0,0,0,0,0,0,0,0,,0,,0,0,0,0,2,0,1,0,0,0,0,0,0,0,0,0,0,0,0,0,0,0,0,0,0,0,0,0,0,0,0,0,0,0,0,,,0,0,0,0,0,0,0,0,0,0,0,0,,,,0,0,0,0,0,0,0,,0,0,0,0,,0,0
00-0034500,T.Davis,Tae Davis,LB,LB,"https://static.www.nfl.com/image/upload/f_auto,q_auto/league/bplg2qx1ftxsdshdispx",2023,REG,CAR,7,0,0,0,0,0,0,0,0,0,0,0,0,,,0,,0,0,0,0,0,0,,0,0,0,0,0,0,0,0,0,0,,0,,0,0,0,0,2,0,5,0,0,0,0,0,0,0,0,0,0,0,0,0,0,0,0,0,0,1,10,0,0,0,0,0,0,0,0,,,0,0,0,0,0,0,0,0,0,0,0,0,,,,0,0,0,0,0,0,0,,0,0,0,0,,0,0
00-0034514,L.Wallace,Levi Wallace,DB,DB,"https://static.www.nfl.com/image/upload/f_auto,q_auto/league/y7rnq70zcpcgg0ifbghe",2023,REG,PIT,15,0,0,0,0,0,0,0,0,0,0,0,0,,,0,,0,0,0,0,0,0,,0,0,0,0,0,0,0,0,0,0,,0,,0,0,0,0,30,2,6,0,0,0,0,0,0,2,0,11,0,0,0,0,0,0,0,0,0,1,15,0,0,0,0,0,0,0,0,,,0,0,0,0,0,0,0,0,0,0,0,0,,,,0,0,0,0,0,0,0,,0,0,0,0,,0,0
00-0034515,D.Delaney,Dee Delaney,DB,DB,"https://static.www.nfl.com/image/upload/f_auto,q_auto/league/czg1itvjivhzn2iwwbyt",2023,REG,TB,12,0,0,0,0,0,0,0,0,0,0,0,0,,,0,,0,0,0,0,0,0,,0,0,0,0,0,0,0,0,0,0,,0,,0,0,0,0,16,1,8,0,0,0,0,0,0,2,4,5,0,0,0,0,0,0,0,0,0,1,10,0,0,0,0,0,0,0,0,,,0,0,0,0,0,0,0,0,0,0,0,0,,,,0,0,0,0,0,0,0,,0,0,0,0,,0,0
00-0034516,T.Herndon,Tre Herndon,CB,DB,"https://static.www.nfl.com/image/private/f_auto,q_auto/league/dpxfoqywx98khvtjs5m7",2023,REG,JAX,15,0,0,0,0,0,0,0,0,0,0,0,0,,,0,,0,0,0,0,0,0,,0,0,0,0,0,0,0,0,0,0,,0,,0,0,0,0,27,4,15,1,1,1,0,0,3,0,0,9,0,0,0,0,0,0,0,0,0,1,5,0,0,0,0,0,0,0,0,,,0,0,0,0,0,0,0,0,0,0,0,0,,,,0,0,0,0,0,0,0,,0,0,0,0,,0,0
00-0034521,A.Lazard,Allen Lazard,WR,WR,"https://static.www.nfl.com/image/upload/f_auto,q_auto/league/b05f33npu1zjtpozfgdk",2023,REG,NYJ,14,0,0,0,0,0,0,0,0,0,0,0,0,,,0,,0,0,0,0,0,0,,0,23,49,311,1,0,0,597,56,17,0.376879264775198,0,0.520938023450586,0.0870337477797513,0.14925,0.235025621669627,0,1,0,0,0,0,0,0,0,0,0,0,0,0,0,0,0,0,0,0,0,0,5,45,0,0,0,0,0,0,0,0,,,0,0,0,0,0,0,0,0,0,0,0,0,,,,0,0,0,0,0,0,0,,0,0,0,0,,37.1,60.1
00-0034527,R.Neal,Ryan Neal,DB,DB,"https://static.www.nfl.com/image/private/f_auto,q_auto/league/tqiae46slc2jdjvnfb5n",2023,REG,TB,14,0,0,0,0,0,0,0,0,0,0,0,0,,,0,,0,0,0,0,0,0,,0,0,0,0,0,0,0,0,0,0,,0,,0,0,0,0,41,11,24,3,7,0,0,0,0,0,0,0,0,0,0,0,0,0,0,0,0,1,5,0,0,0,0,0,0,0,0,,,0,0,0,0,0,0,0,0,0,0,0,0,,,,0,0,0,0,0,0,0,,0,0,0,0,,0,0
00-0034540,T.Brown,Tony Brown,DB,DB,"https://static.www.nfl.com/image/upload/f_auto,q_auto/league/awgmmiypysbptsowartb",2023,REG,IND,4,0,0,0,0,0,0,0,0,0,0,0,0,,,0,,0,0,0,0,0,0,,0,0,0,0,0,0,0,0,0,0,,0,,0,0,0,0,8,0,2,0,0,1,0,0,0,1,34,1,0,0,0,0,0,0,0,0,0,1,0,0,0,0,0,0,0,0,0,,,0,0,0,0,0,0,0,0,0,0,0,0,,,,0,0,0,0,0,0,0,,0,0,0,0,,0,0
00-0034545,B.Facyson,Brandon Facyson,DB,DB,"https://static.www.nfl.com/image/upload/f_auto,q_auto/league/yuhnwshiorai1fbqix2t",2023,REG,LV,2,0,0,0,0,0,0,0,0,0,0,0,0,,,0,,0,0,0,0,0,0,,0,0,0,0,0,0,0,0,0,0,,0,,0,0,0,0,3,1,1,0,0,0,0,0,0,0,0,0,0,0,0,0,0,0,0,0,0,0,0,0,0,0,0,0,0,0,0,,,0,0,0,0,0,0,0,0,0,0,0,0,,,,0,0,0,0,0,0,0,,0,0,0,0,,0,0
00-0034571,T.Scott,Trent Scott,OT,OL,"https://static.www.nfl.com/image/upload/f_auto,q_auto/league/v5tyxvb4cdtzumhdzbd0",2023,REG,WAS,2,0,0,0,0,0,0,0,0,0,0,0,0,,,0,,0,0,0,0,0,0,,0,0,0,0,0,0,0,0,0,0,,0,,0,0,0,0,0,0,1,0,0,0,0,0,0,0,0,0,0,0,0,0,0,0,0,0,0,3,20,0,0,0,0,0,0,0,0,,,0,0,0,0,0,0,0,0,0,0,0,0,,,,0,0,0,0,0,0,0,,0,0,0,0,,0,0
00-0034573,C.Ward,Charvarius Ward,CB,DB,"https://static.www.nfl.com/image/upload/f_auto,q_auto/league/vbxv5ynhjrayfzbe2lda",2023,REG,SF,17,0,0,0,0,0,0,0,0,0,0,0,0,,,0,,0,0,0,0,0,0,,0,0,0,0,0,0,0,0,0,0,,0,,0,0,0,0,46,10,16,1,1,1,0,0,0,5,91,23,1,0,0,0,0,0,0,0,0,6,46,0,0,0,0,0,0,0,0,,,0,0,0,0,0,0,0,0,0,0,0,0,,,,0,0,0,0,0,0,0,,0,0,0,0,,0,0
00-0034575,D.Wells,David Wells,TE,TE,"https://static.www.nfl.com/image/upload/f_auto,q_auto/league/ft7ynz8n2ehrduolhihy",2023,REG,TB,1,0,0,0,0,0,0,0,0,0,0,0,0,,,0,,0,0,0,0,0,0,,0,2,2,-10,0,1,0,0,-10,1,-1.78414864093065,0,0,0.00363636363636364,0,0.00545454545454546,0,0,0,0,0,0,0,0,0,0,0,0,0,0,0,0,0,0,0,0,0,0,0,0,0,0,0,0,0,0,0,0,,,0,0,0,0,0,0,0,0,0,0,0,0,,,,0,0,0,0,0,0,0,,0,0,0,0,,-1,1
00-0034577,K.Allen,Kyle Allen,QB,QB,"https://static.www.nfl.com/image/upload/f_auto,q_auto/league/vq3aw57yyjtydur0divt",2023,REG,BUF,6,0,0,0,0,0,0,0,0,0,0,0,0,,,0,,13,-13,0,0,0,0,-8.63629155163653,0,0,0,0,0,0,0,0,0,0,,0,,0,0,0,0,0,0,0,0,0,0,0,0,0,0,0,0,0,0,0,0,0,0,0,0,0,0,0,0,0,0,0,0,0,0,0,,,0,0,0,0,0,0,0,0,0,0,0,0,,,,0,0,0,0,0,0,0,,0,0,0,0,,-1.3,-1.3
00-0034587,A.Anderson,Abdullah Anderson,DT,DL,"https://static.www.nfl.com/image/upload/f_auto,q_auto/league/zoya31kfrojgtq0gg5ri",2023,REG,WAS,4,0,0,0,0,0,0,0,0,0,0,0,0,,,0,,0,0,0,0,0,0,,0,0,0,0,0,0,0,0,0,0,,0,,0,0,0,0,4,1,3,1,2,0,0.5,2,1,0,0,0,0,0,0,0,0,0,1,1,0,0,0,0,0,0,0,0,0,0,0,,,0,0,0,0,0,0,0,0,0,0,0,0,,,,0,0,0,0,0,0,0,,0,0,0,0,,0,0
00-0034591,J.Jackson,J.C. Jackson,DB,DB,"https://static.www.nfl.com/image/upload/f_auto,q_auto/league/crvgx5lbckpmfcnoylzw",2023,REG,NE,10,0,0,0,0,0,0,0,0,0,0,0,0,,,0,,0,0,0,0,0,0,,0,0,0,0,0,0,0,0,0,0,,0,,0,0,0,0,25,0,3,0,0,0,0,0,0,1,9,9,0,0,0,0,0,0,0,0,0,5,64,0,0,0,0,0,0,0,0,,,0,0,0,0,0,0,0,0,0,0,0,0,,,,0,0,0,0,0,0,0,,0,0,0,0,,0,0
00-0034613,T.Hudson,Tanner Hudson,TE,TE,"https://static.www.nfl.com/image/upload/f_auto,q_auto/league/xe86peg3bxumjzfmtait",2023,REG,CIN,12,0,0,0,0,0,1,-4,0,0,0,0,0,-2.26438159962378,,0,,0,0,0,0,0,0,,0,39,50,352,1,0,0,269,148,21,12.2674511221393,0,1.30855018587361,0.0844594594594595,0.0693656523981434,0.17524514586789,0,1,0,0,0,0,0,0,0,0,0,0,0,0,0,0,0,0,0,0,0,0,1,10,0,0,0,0,0,0,0,0,,,0,0,0,0,0,0,0,0,0,0,0,0,,,,0,0,0,0,0,0,0,,0,0,0,0,,41.2,80.2
00-0034614,G.Igwebuike,Godwin Igwebuike,RB,RB,"https://static.www.nfl.com/image/private/f_auto,q_auto/league/d0jsvuhu4xwkyegnlauh",2023,REG,PIT,7,0,0,0,0,0,0,0,0,0,0,0,0,,,0,,0,0,0,0,0,0,,0,0,0,0,0,0,0,0,0,0,,0,,0,0,0,0,0,0,1,0,0,0,0,0,0,0,0,0,0,0,0,0,0,0,0,0,0,0,0,0,0,11,282,0,0,0,0,,,0,0,0,0,0,0,0,0,0,0,0,0,,,,0,0,0,0,0,0,0,,0,0,0,0,,0,0
00-0034623,A.Chachere,Andre Chachere,DB,DB,"https://static.www.nfl.com/image/upload/f_auto,q_auto/league/viwncfdylftfzljv9phw",2023,REG,ARI,9,0,0,0,0,0,0,0,0,0,0,0,0,,,0,,0,0,0,0,0,0,,0,0,0,0,0,0,0,0,0,0,,0,,0,0,0,0,18,5,7,0,0,0,0,0,0,0,0,3,0,0,0,0,0,0,0,0,0,0,0,0,0,0,0,0,0,0,0,,,0,0,0,0,0,0,0,0,0,0,0,0,,,,0,0,0,0,0,0,0,,0,0,0,0,,0,0
00-0034639,M.Ford,Mike Ford,CB,DB,"https://static.www.nfl.com/image/upload/f_auto,q_auto/league/njli78vr2hcan6rfogsb",2023,REG,CLE,13,0,0,0,0,0,0,0,0,0,0,0,0,,,0,,0,0,0,0,0,0,,0,0,0,0,0,0,0,0,0,0,,0,,0,0,0,0,20,2,6,0,0,0,0,0,0,1,10,2,0,0,0,0,0,0,1,1,0,3,40,0,0,0,0,0,0,0,0,,,0,0,0,0,0,0,0,0,0,0,0,0,,,,0,0,0,0,0,0,0,,0,0,0,0,,0,0
00-0034646,B.Powell,Brandon Powell,WR,WR,"https://static.www.nfl.com/image/upload/f_auto,q_auto/league/kpggzzkazhxoq4e77xho",2023,REG,MIN,17,0,0,0,0,0,0,0,0,0,0,0,0,,,0,,5,17,0,0,0,1,-0.425728226662613,0,29,44,324,1,0,0,332,104,18,-1.46771105070379,0,0.975903614457831,0.0726072607260726,0.067342799188641,0.156050850521158,0,0,0,0,0,0,0,0,0,0,0,0,0,0,1,0,0,0,0,0,0,0,2,15,37,289,0,0,0,0,0,0,,,0,0,0,0,0,0,0,0,0,0,0,0,,,,0,0,0,0,0,0,0,,0,0,0,0,,40.1,69.1
00-0034657,M.Dickerson,Matt Dickerson,DE,DL,"https://static.www.nfl.com/image/upload/f_auto,q_auto/league/swevjtjnkyxxkei5jtsm",2023,REG,KC,8,0,0,0,0,0,0,0,0,0,0,0,0,,,0,,0,0,0,0,0,0,,0,0,0,0,0,0,0,0,0,0,,0,,0,0,0,0,6,1,8,1,1,0,0,0,0,0,0,0,0,0,0,0,0,0,0,0,0,0,0,0,0,0,0,0,0,0,0,,,0,0,0,0,0,0,0,0,0,0,0,0,,,,0,0,0,0,0,0,0,,0,0,0,0,,0,0
00-0034668,A.Stinnie,Aaron Stinnie,G,OL,"https://static.www.nfl.com/image/upload/f_auto,q_auto/league/fi5wxfsa59aw80nwetoi",2023,REG,TB,3,0,0,0,0,0,0,0,0,0,0,0,0,,,0,,0,0,0,0,0,0,,0,0,0,0,0,0,0,0,0,0,,0,,0,0,0,0,0,0,0,0,0,0,0,0,0,0,0,0,0,0,0,0,0,0,0,0,0,4,24,0,0,0,0,0,0,0,0,,,0,0,0,0,0,0,0,0,0,0,0,0,,,,0,0,0,0,0,0,0,,0,0,0,0,,0,0
00-0034673,T.Edmunds,Tremaine Edmunds,MLB,LB,"https://static.www.nfl.com/image/upload/f_auto,q_auto/league/unz9o9leinnet5o4qlsr",2023,REG,CHI,15,0,0,0,0,0,0,0,0,0,0,0,0,,,0,,0,0,0,0,0,0,,0,0,0,0,0,0,0,0,0,0,,0,,0,0,0,0,56,13,44,3,7,1,0,0,0,4,61,7,1,0,0,0,0,0,1,1,0,0,0,0,0,0,0,0,0,0,0,,,0,0,0,0,0,0,0,0,0,0,0,0,,,,0,0,0,0,0,0,0,,0,0,0,0,,0,0
00-0034674,L.Vander Esch,Leighton Vander Esch,OLB,LB,"https://static.www.nfl.com/image/private/f_auto,q_auto/league/xalgzw0okmxdqjg6wyuc",2023,REG,DAL,5,0,0,0,0,0,0,0,0,0,0,0,0,,,0,,0,0,0,0,0,0,,0,0,0,0,0,0,0,0,0,0,,0,,0,0,0,0,14,3,13,1,2,0,0,0,0,0,0,0,0,0,0,0,0,0,1,1,1,0,0,0,0,0,0,0,0,0,0,,,0,0,0,0,0,0,0,0,0,0,0,0,,,,0,0,0,0,0,0,0,,0,0,0,0,,0,0
00-0034675,J.Bates,Jessie Bates,FS,DB,"https://static.www.nfl.com/image/upload/f_auto,q_auto/league/ypv1sfm8zjghyzvmx0a1",2023,REG,ATL,17,0,0,0,0,0,0,0,0,0,0,0,0,,,0,,0,0,0,0,0,0,,0,0,0,0,0,0,0,0,0,0,,0,,0,0,0,0,78,11,43,2,6,3,0,0,1,6,95,11,1,0,0,0,0,0,0,0,0,1,4,0,0,0,0,0,0,0,0,,,0,0,0,0,0,0,0,0,0,0,0,0,,,,0,0,0,0,0,0,0,,0,0,0,0,,0,0
00-0034677,Ju.Jones,Justin Jones,DT,DL,"https://static.www.nfl.com/image/upload/f_auto,q_auto/league/ocb2w64oodkdvukxcemy",2023,REG,CHI,16,0,0,0,0,0,0,0,0,0,0,0,0,,,0,,0,0,0,0,0,0,,0,0,0,0,0,0,0,0,0,0,,0,,0,0,0,0,17,12,20,7,38,0,4.5,37,17,0,0,4,0,0,0,0,0,0,0,0,0,2,30,0,0,0,0,0,0,0,0,,,0,0,0,0,0,0,0,0,0,0,0,0,,,,0,0,0,0,0,0,0,,0,0,0,0,,0,0
00-0034678,A.Cappa,Alex Cappa,G,OL,"https://static.www.nfl.com/image/upload/f_auto,q_auto/league/flztjm6mqgjywtmaaioy",2023,REG,CIN,3,0,0,0,0,0,0,0,0,0,0,0,0,,,0,,0,0,0,0,0,0,,0,0,0,0,0,0,0,0,0,0,,0,,0,0,0,0,0,0,0,0,0,0,0,0,0,0,0,0,0,0,0,0,0,0,0,0,0,4,35,0,0,0,0,0,0,0,0,,,0,0,0,0,0,0,0,0,0,0,0,0,,,,0,0,0,0,0,0,0,,0,0,0,0,,0,0
00-0034681,C.Edmonds,Chase Edmonds,RB,RB,"https://static.www.nfl.com/image/upload/f_auto,q_auto/league/nbnqxhjafvg2vg6lc2ls",2023,REG,TB,13,0,0,0,0,0,0,0,0,0,0,0,0,,,0,,49,176,0,0,0,8,-6.40453142573824,0,14,17,81,0,0,0,-25,111,5,1.01901787857059,0,-3.24,0.0309090909090909,-0.00513874614594039,0.0427665140614781,0,3,1,2,0,0,0,0,0,0,0,0,0,0,0,0,0,0,0,0,0,0,0,0,0,0,0,0,0,0,0,0,,,0,0,0,0,0,0,0,0,0,0,0,0,,,,0,0,0,0,0,0,0,,0,0,0,0,,25.7,39.7
00-0034720,R.Spillane,Robert Spillane,LB,LB,"https://static.www.nfl.com/image/upload/f_auto,q_auto/league/jt2r3dnb8dmywp1azotj",2023,REG,LV,17,0,0,0,0,0,0,0,0,0,0,0,0,,,0,,0,0,0,0,0,0,,0,0,0,0,0,0,0,0,0,0,,0,,0,0,0,0,65,17,66,5,16,1,3.5,15,4,3,53,4,0,0,0,0,0,0,1,1,0,1,15,0,0,0,0,0,0,0,0,,,0,0,0,0,0,0,0,0,0,0,0,0,,,,0,0,0,0,0,0,0,,0,0,0,0,,0,0
00-0034721,C.Bojorquez,Corey Bojorquez,P,SPEC,"https://static.www.nfl.com/image/private/f_auto,q_auto/league/eiuli9dmspe6d4cwwa00",2023,REG,CLE,16,0,0,0,0,0,0,0,0,0,0,0,0,,,0,,0,0,0,0,0,0,,0,0,0,0,0,0,0,0,0,0,,0,,0,0,0,0,0,0,0,0,0,0,0,0,0,0,0,0,0,0,0,0,0,0,0,0,0,0,0,0,0,0,0,0,0,0,0,,,0,0,0,0,0,0,0,0,0,0,0,0,,,,0,0,0,0,0,0,0,,0,0,0,0,,0,0
00-0034723,N.Thurman,Nick Thurman,DE,DL,"https://static.www.nfl.com/image/upload/f_auto,q_auto/league/wvnd9kwznw8xgnir6f0v",2023,REG,CAR,14,0,0,0,0,0,0,0,0,0,0,0,0,,,0,,0,0,0,0,0,0,,0,0,0,0,0,0,0,0,0,0,,0,,0,0,0,0,11,2,18,1,1,0,0,0,1,0,0,0,0,0,0,0,0,0,0,0,0,1,5,0,0,0,0,0,0,0,0,,,0,0,0,0,0,0,0,0,0,0,0,0,,,,0,0,0,0,0,0,0,,0,0,0,0,,0,0
00-0034726,D.Leavitt,Dallin Leavitt,DB,DB,"https://static.www.nfl.com/image/private/f_auto,q_auto/league/puozg5rjuz6vf3cudgx5",2023,REG,GB,4,0,0,0,0,0,0,0,0,0,0,0,0,,,0,,0,0,0,0,0,0,,0,0,0,0,0,0,0,0,0,0,,0,,0,0,0,0,1,0,1,0,0,0,0,0,0,0,0,0,0,0,0,0,0,0,0,0,0,3,28,0,0,0,0,0,0,0,0,,,0,0,0,0,0,0,0,0,0,0,0,0,,,,0,0,0,0,0,0,0,,0,0,0,0,,0,0
00-0034728,J.Alexander,Jaire Alexander,CB,DB,"https://static.www.nfl.com/image/upload/f_auto,q_auto/league/niwxzo2rjy1uuo3aehac",2023,REG,GB,7,0,0,0,0,0,0,0,0,0,0,0,0,,,0,,0,0,0,0,0,0,,0,0,0,0,0,0,0,0,0,0,,0,,0,0,0,0,22,1,4,1,2,1,0,0,0,0,0,5,0,0,0,0,0,0,0,0,0,1,5,0,0,0,0,0,0,0,0,,,0,0,0,0,0,0,0,0,0,0,0,0,,,,0,0,0,0,0,0,0,,0,0,0,0,,0,0
00-0034743,R.Evans,Rashaan Evans,ILB,LB,"https://static.www.nfl.com/image/private/f_auto,q_auto/league/hou79fqcetlephuywjnp",2023,REG,DAL,6,0,0,0,0,0,0,0,0,0,0,0,0,,,0,,0,0,0,0,0,0,,0,0,0,0,0,0,0,0,0,0,,0,,0,0,0,0,4,0,5,0,0,0,0,0,0,0,0,0,0,0,0,0,0,0,0,0,0,2,55,0,0,0,0,0,0,0,0,,,0,0,0,0,0,0,0,0,0,0,0,0,,,,0,0,0,0,0,0,0,,0,0,0,0,,0,0
00-0034745,T.Walker,Tracy Walker III,DB,DB,"https://static.www.nfl.com/image/upload/f_auto,q_auto/league/z2jfcvmhvnbxznv7asxs",2023,REG,DET,12,0,0,0,0,0,0,0,0,0,0,0,0,,,0,,0,0,0,0,0,0,,0,0,0,0,0,0,0,0,0,0,,0,,0,0,0,0,38,4,17,2,19,1,1,8,3,0,0,2,0,0,0,0,0,0,0,0,0,1,5,0,0,0,0,0,0,0,0,,,0,0,0,0,0,0,0,0,0,0,0,0,,,,0,0,0,0,0,0,0,,0,0,0,0,,0,0
00-0034746,M.Hurst,Maurice Hurst,DT,DL,"https://static.www.nfl.com/image/upload/f_auto,q_auto/league/j4y7trnt3kiptgfklo8o",2023,REG,CLE,12,0,0,0,0,0,0,0,0,0,0,0,0,,,0,,0,0,0,0,0,0,,0,0,0,0,0,0,0,0,0,0,,0,,0,0,0,0,8,4,10,3,13,0,1.5,13.5,5,1,0,3,0,0,0,0,0,0,1,1,0,3,15,0,0,0,0,0,0,0,0,,,0,0,0,0,0,0,0,0,0,0,0,0,,,,0,0,0,0,0,0,0,,0,0,0,0,,0,0
00-0034750,R.Penny,Rashaad Penny,RB,RB,"https://static.www.nfl.com/image/private/f_auto,q_auto/league/mwvzwst6cfcwifblqtsj",2023,REG,PHI,3,0,0,0,0,0,0,0,0,0,0,0,0,,,0,,11,33,0,0,0,1,-3.29437441227492,0,1,1,5,0,0,0,-1,6,0,-0.101521304110065,0,-5,0.0019047619047619,-0.000206440957886045,0.00271263418662263,0,0,0,0,0,0,0,0,0,0,0,0,0,0,0,0,0,0,0,0,0,0,1,10,0,0,0,0,0,0,0,0,,,0,0,0,0,0,0,0,0,0,0,0,0,,,,0,0,0,0,0,0,0,,0,0,0,0,,3.8,4.8
00-0034752,O.Brown,Orlando Brown,OT,OL,"https://static.www.nfl.com/image/private/f_auto,q_auto/league/icuytojhzdm0dqxoebo4",2023,REG,CIN,6,0,0,0,0,0,0,0,0,0,0,0,0,,,0,,0,0,0,0,0,0,,0,0,0,0,0,0,0,0,0,0,,0,,0,0,0,0,1,0,0,0,0,0,0,0,0,0,0,0,0,0,0,0,1,1,0,0,0,4,30,0,0,0,0,0,0,0,0,,,0,0,0,0,0,0,0,0,0,0,0,0,,,,0,0,0,0,0,0,0,,0,0,0,0,,0,0
00-0034753,M.Andrews,Mark Andrews,TE,TE,"https://static.www.nfl.com/image/upload/f_auto,q_auto/league/wzx3p0hzm3qyqsrfqznb",2023,REG,BAL,10,0,0,0,0,0,0,0,0,0,0,0,0,,,0,,1,0,0,0,0,0,-1.58926673241589,0,45,61,544,6,1,0,443,217,27,33.1817638412758,0,1.22799097065463,0.128151260504202,0.108339447297628,0.268064503864642,0,0,0,0,0,0,0,0,0,0,0,0,0,0,0,0,0,1,1,0,0,0,0,0,0,0,0,0,0,0,0,0,,,0,0,0,0,0,0,0,0,0,0,0,0,,,,0,0,0,0,0,0,0,,0,0,0,0,,90.4,135.4
00-0034754,O.Burks,Oren Burks,ILB,LB,"https://static.www.nfl.com/image/upload/f_auto,q_auto/league/efcamqfjel7jozjdvbe9",2023,REG,SF,12,0,0,0,0,0,0,0,0,0,0,0,0,,,0,,0,0,0,0,0,0,,0,0,0,0,0,0,0,0,0,0,,0,,0,0,0,0,25,4,17,3,17,0,1,7,1,1,11,1,0,0,0,0,1,1,0,0,0,0,0,0,0,0,0,0,0,0,0,,,0,0,0,0,0,0,0,0,0,0,0,0,,,,0,0,0,0,0,0,0,,0,0,0,0,,0,0
00-0034756,T.Flowers,Tre Flowers,CB,DB,"https://static.www.nfl.com/image/upload/f_auto,q_auto/league/xrjyvseuhpojlh8k1tyc",2023,REG,ATL,9,0,0,0,0,0,0,0,0,0,0,0,0,,,0,,0,0,0,0,0,0,,0,0,0,0,0,0,0,0,0,0,,0,,0,0,0,0,13,2,6,1,1,0,0,0,0,0,0,2,0,0,0,0,0,0,0,0,0,4,67,0,0,0,0,0,0,0,0,,,0,0,0,0,0,0,0,0,0,0,0,0,,,,0,0,0,0,0,0,0,,0,0,0,0,,0,0
00-0034759,K.Miller,Kolton Miller,OT,OL,"https://static.www.nfl.com/image/upload/f_auto,q_auto/league/jaq8p0tiipizksjbt3aa",2023,REG,LV,2,0,0,0,0,0,0,0,0,0,0,0,0,,,0,,0,0,0,0,0,0,,0,0,0,0,0,0,0,0,0,0,,0,,0,0,0,0,0,0,0,0,0,0,0,0,0,0,0,0,0,0,0,0,0,0,0,0,0,2,10,0,0,0,0,0,0,0,0,,,0,0,0,0,0,0,0,0,0,0,0,0,,,,0,0,0,0,0,0,0,,0,0,0,0,,0,0
00-0034760,N.Shepherd,Nathan Shepherd,DT,DL,"https://static.www.nfl.com/image/upload/f_auto,q_auto/league/sl9b2jgyvmo5yn0vglok",2023,REG,NO,16,0,0,0,0,0,0,0,0,0,0,0,0,,,0,,0,0,0,0,0,0,,0,0,0,0,0,0,0,0,0,0,,0,,0,0,0,0,19,7,24,3,15,0,3,20,8,0,0,0,0,0,0,0,0,0,0,0,0,2,30,0,0,0,0,0,0,0,0,,,0,0,0,0,0,0,0,0,0,0,0,0,,,,0,0,0,0,0,0,0,,0,0,0,0,,0,0
00-0034764,M.Gallup,Michael Gallup,WR,WR,"https://static.www.nfl.com/image/private/f_auto,q_auto/league/tt9xpcg4x2z3osc1fcq6",2023,REG,DAL,16,0,0,0,0,0,0,0,0,0,0,0,0,,,0,,0,0,0,0,0,0,,0,34,57,418,2,0,0,624,104,19,5.54470849578704,0,0.669871794871795,0.0942148760330578,0.130162703379224,0.232436206415044,0,2,0,0,0,0,0,0,0,0,0,0,0,0,0,0,0,0,0,0,0,0,0,0,0,0,0,0,0,0,0,0,,,0,0,0,0,0,0,0,0,0,0,0,0,,,,0,0,0,0,0,0,0,,0,0,0,0,,53.8,87.8
00-0034768,C.Okorafor,Chukwuma Okorafor,OT,OL,"https://static.www.nfl.com/image/upload/f_auto,q_auto/league/kxptslx4n5u0qbxipet2",2023,REG,PIT,2,0,0,0,0,0,0,0,0,0,0,0,0,,,0,,0,0,0,0,0,0,,0,0,0,0,0,0,0,0,0,0,,0,,0,0,0,0,0,0,0,0,0,0,0,0,0,0,0,0,0,0,0,0,0,0,0,0,0,3,20,0,0,0,0,0,0,0,0,,,0,0,0,0,0,0,0,0,0,0,0,0,,,,0,0,0,0,0,0,0,,0,0,0,0,,0,0
00-0034769,D.Gates,DeMarquis Gates,LB,LB,"https://static.www.nfl.com/image/private/f_auto,q_auto/league/rqbvlbk8qjblhtdl8a6p",2023,REG,CHI,3,0,0,0,0,0,0,0,0,0,0,0,0,,,0,,0,0,0,0,0,0,,0,0,0,0,0,0,0,0,0,0,,0,,0,0,0,0,1,0,0,0,0,0,0,0,0,0,0,0,0,0,0,0,0,0,1,1,0,2,16,0,0,0,0,0,0,0,0,,,0,0,0,0,0,0,0,0,0,0,0,0,,,,0,0,0,0,0,0,0,,0,0,0,0,,0,0
00-0034771,M.Rudolph,Mason Rudolph,QB,QB,"https://static.www.nfl.com/image/upload/f_auto,q_auto/league/vaeklpqoesk72mlloora",2023,REG,PIT,4,55,74,719,3,0,6,-43,2,1,518,426,26,14.3252752921225,12.4109094557555,0,1.38803088803089,10,8,0,1,0,5,-3.38008750192239,0,0,0,0,0,0,0,0,0,0,,0,,0,0,0,0,0,0,0,0,0,0,0,0,0,0,0,0,0,0,0,0,1,2,0,0,0,0,0,0,0,0,0,0,0,0,0,,,0,0,0,0,0,0,0,0,0,0,0,0,,,,0,0,0,0,0,0,0,,0,0,0,0,,39.56,39.56
00-0034773,V.Vea,Vita Vea,DT,DL,"https://static.www.nfl.com/image/upload/f_auto,q_auto/league/enh7ieutevvqmvrn13ob",2023,REG,TB,14,0,0,0,0,0,0,0,0,0,0,0,0,,,0,,0,0,0,0,0,0,,0,0,0,0,0,0,0,0,0,0,,0,,0,0,0,0,27,1,15,8,35,2,5.5,31.5,9,0,0,0,0,0,0,0,0,0,0,0,0,1,0,0,0,0,0,0,0,0,0,,,0,0,0,0,0,0,0,0,0,0,0,0,,,,0,0,0,0,0,0,0,,0,0,0,0,,0,0
00-0034775,C.Kirk,Christian Kirk,WR,WR,"https://static.www.nfl.com/image/upload/f_auto,q_auto/league/bugikrmfz5k4jvyaogza",2023,REG,JAX,12,1,2,-1,0,0,0,0,0,0,25,0,0,-1.75659716618247,-11.9180589914322,0,-0.04,1,6,0,0,0,1,-0.595339220715687,0,57,85,787,3,2,2,842,247,34,23.3924450492163,0,0.934679334916865,0.14003294892916,0.169042360971692,0.328379076073924,0,1,0,0,0,0,0,0,0,0,0,0,0,0,0,0,0,0,0,0,0,0,0,0,2,27,0,0,0,0,0,0,,,0,0,0,0,0,0,0,0,0,0,0,0,,,,0,0,0,0,0,0,0,,0,0,0,0,,93.26,150.26
00-0034777,D.Chark,DJ Chark,WR,WR,"https://static.www.nfl.com/image/upload/f_auto,q_auto/league/skuieceh50r31ulwpo5s",2023,REG,CAR,14,0,0,0,0,0,0,0,0,0,0,0,0,,,0,,0,0,0,0,0,0,,0,35,66,525,5,2,1,1016,84,22,15.3337787782895,0,0.516732283464567,0.123595505617978,0.226684515841142,0.344072419515766,0,0,0,1,0,0,0,0,0,0,0,0,0,0,0,0,0,1,1,0,0,0,0,0,0,0,0,0,0,0,0,0,,,0,0,0,0,0,0,0,0,0,0,0,0,,,,0,0,0,0,0,0,0,,0,0,0,0,,80.5,115.5
00-0034778,C.Davis,Carlton Davis III,CB,DB,"https://static.www.nfl.com/image/upload/f_auto,q_auto/league/pzbrbbwgymysharir2ms",2023,REG,TB,12,0,0,0,0,0,0,0,0,0,0,0,0,,,0,,0,0,0,0,0,0,,0,0,0,0,0,0,0,0,0,0,,0,,0,0,0,0,37,3,12,0,0,0,0,0,0,2,3,9,0,0,0,0,0,0,0,0,0,3,20,0,0,0,0,0,0,0,0,,,0,0,0,0,0,0,0,0,0,0,0,0,,,,0,0,0,0,0,0,0,,0,0,0,0,,0,0
00-0034779,R.Harrison,Ronnie Harrison,LB,LB,"https://static.www.nfl.com/image/upload/f_auto,q_auto/league/mdkbai0lmyu6pbe13ovb",2023,REG,IND,6,0,0,0,0,0,0,0,0,0,0,0,0,,,0,,0,0,0,0,0,0,,0,0,0,0,0,0,0,0,0,0,,0,,0,0,0,0,10,1,9,1,10,0,1,10,1,2,45,2,1,0,0,0,0,0,0,0,0,1,4,0,0,0,0,0,0,0,0,,,0,0,0,0,0,0,0,0,0,0,0,0,,,,0,0,0,0,0,0,0,,0,0,0,0,,0,0
00-0034780,I.Yiadom,Isaac Yiadom,CB,DB,"https://static.www.nfl.com/image/upload/f_auto,q_auto/league/yshnc3lfpcams5ropegx",2023,REG,NO,14,0,0,0,0,0,0,0,0,0,0,0,0,,,0,,0,0,0,0,0,0,,0,0,0,0,0,0,0,0,0,0,,0,,0,0,0,0,20,5,12,0,0,0,0,0,0,1,0,14,0,0,0,0,0,0,1,1,0,2,32,0,0,0,0,0,0,0,0,,,0,0,0,0,0,0,0,0,0,0,0,0,,,,0,0,0,0,0,0,0,,0,0,0,0,,0,0
00-0034782,H.Phillips,Harrison Phillips,DT,DL,"https://static.www.nfl.com/image/upload/f_auto,q_auto/league/znophhdzukalwuwsx6vx",2023,REG,MIN,17,0,0,0,0,0,0,0,0,0,0,0,0,,,0,,0,0,0,0,0,0,,0,0,0,0,0,0,0,0,0,0,,0,,0,0,0,0,34,10,48,2,4,0,3,7,6,0,0,2,0,0,0,0,0,0,0,0,0,2,10,0,0,0,0,0,0,0,0,,,0,0,0,0,0,0,0,0,0,0,0,0,,,,0,0,0,0,0,0,0,,0,0,0,0,,0,0
00-0034785,M.Cole,Mason Cole,C,OL,"https://static.www.nfl.com/image/private/f_auto,q_auto/league/nbcg9m3g5du2i1opgget",2023,REG,PIT,5,0,0,0,0,0,0,0,0,0,0,0,0,,,0,,0,0,0,0,0,0,,0,0,0,0,0,0,0,0,0,0,,0,,0,0,0,0,1,0,0,0,0,0,0,0,0,0,0,0,0,0,0,0,0,0,0,0,0,3,25,0,0,0,0,0,0,0,0,,,0,0,0,0,0,0,0,0,0,0,0,0,,,,0,0,0,0,0,0,0,,0,0,0,0,,0,0
00-0034787,C.Board,Chris Board,LB,LB,"https://static.www.nfl.com/image/upload/f_auto,q_auto/league/xrhz4xljlfr6cpmfbgjw",2023,REG,NE,9,0,0,0,0,0,0,0,0,0,0,0,0,,,0,,0,0,0,0,0,0,,0,0,0,0,0,0,0,0,0,0,,0,,0,0,0,0,7,0,3,0,0,0,0,0,0,0,0,0,0,0,0,0,0,0,0,0,0,2,10,0,0,0,0,0,0,0,0,,,0,0,0,0,0,0,0,0,0,0,0,0,,,,0,0,0,0,0,0,0,,0,0,0,0,,0,0
00-0034789,M.Fitzpatrick,Minkah Fitzpatrick,FS,DB,"https://static.www.nfl.com/image/upload/f_auto,q_auto/league/umy9w1ayh5lnhjc10mmq",2023,REG,PIT,10,0,0,0,0,0,0,0,0,0,0,0,0,,,0,,0,0,0,0,0,0,,0,0,0,0,0,0,0,0,0,0,,0,,0,0,0,0,35,8,21,1,1,0,0,0,0,0,0,3,0,0,0,0,0,0,0,0,0,3,22,0,0,0,0,0,0,0,0,,,0,0,0,0,0,0,0,0,0,0,0,0,,,,0,0,0,0,0,0,0,,0,0,0,0,,0,0
00-0034790,D.James,Derwin James,FS,DB,"https://static.www.nfl.com/image/upload/f_auto,q_auto/league/z9au0ajgcwoeozfdu0ec",2023,REG,LAC,16,0,0,0,0,0,0,0,0,0,0,0,0,,,0,,0,0,0,0,0,0,,0,0,0,0,0,0,0,0,0,0,,0,,0,0,0,0,76,10,39,5,19,0,2,11,4,1,6,7,0,0,0,0,0,0,2,2,0,7,82,0,0,0,0,0,0,0,0,,,0,0,0,0,0,0,0,0,0,0,0,0,,,,0,0,0,0,0,0,0,,0,0,0,0,,0,0
00-0034791,N.Chubb,Nick Chubb,RB,RB,"https://static.www.nfl.com/image/upload/f_auto,q_auto/league/h5y74trx6l8ivpkbmrkt",2023,REG,CLE,2,0,0,0,0,0,0,0,0,0,0,0,0,,,0,,28,170,0,0,0,8,4.1136986236088,0,4,4,21,0,0,0,1,20,1,0.750113637768664,0,21,0.00670016750418761,0.000188714851858841,0.0101823516525826,0,0,0,0,0,0,0,0,0,0,0,0,0,0,0,0,0,0,0,0,0,0,0,0,0,0,0,0,0,0,0,0,,,0,0,0,0,0,0,0,0,0,0,0,0,,,,0,0,0,0,0,0,0,,0,0,0,0,,19.1,23.1
00-0034794,J.Sanders,Jason Sanders,K,SPEC,"https://static.www.nfl.com/image/upload/f_auto,q_auto/league/hfv2b1mdvbbmyjwgcnt9",2023,REG,MIA,17,0,0,0,0,0,0,0,0,0,0,0,0,,,0,,0,0,0,0,0,0,,0,0,0,0,0,0,0,0,0,0,,0,,0,0,0,0,1,0,0,0,0,0,0,0,0,0,0,0,0,0,0,0,0,0,0,0,0,0,0,0,0,0,0,24,28,2,2,57,0.857142857142857,0,6,7,6,5,0,0,0,0,0,2,0,23;41;45;23;40;40;30;41;51;38;54;49;20;31;37;27;35;57;52;54;35;29;27;38,55;50,49;44,917,105,93,58,59,1,0,0.983050847457627,1,1,0,0,29,0,0
00-0034796,L.Jackson,Lamar Jackson,QB,QB,"https://static.www.nfl.com/image/upload/f_auto,q_auto/league/cruqs6qpbykh7a2whd7p",2023,REG,BAL,16,307,457,3678,24,7,37,-218,6,4,3840,1749,167,59.0715883500063,3.47518277884611,1,0.9578125,148,821,5,4,2,54,10.1596883615493,0,0,0,0,0,0,0,0,0,0,,0,,0,0,0,0,0,0,1,0,0,0,0,0,0,0,0,0,0,0,0,0,4,6,0,0,0,4,58,0,0,0,0,0,0,0,0,,,0,0,0,0,0,0,0,0,0,0,0,0,,,,0,0,0,0,0,0,0,,0,0,0,0,,331.22,331.22
00-0034797,J.Baker,Jerome Baker,OLB,LB,"https://static.www.nfl.com/image/upload/f_auto,q_auto/league/wdo4k5bdufnhhu8izyj4",2023,REG,MIA,13,0,0,0,0,0,0,0,0,0,0,0,0,,,0,,0,0,0,0,0,0,,0,0,0,0,0,0,0,0,0,0,,0,,0,0,0,0,38,13,27,2,4,0,1.5,0,4,2,23,3,1,0,0,0,0,0,0,0,0,0,0,0,0,0,0,0,0,0,0,,,0,0,0,0,0,0,0,0,0,0,0,0,,,,0,0,0,0,0,0,0,,0,0,0,0,,0,0
00-0034798,D.Smythe,Durham Smythe,TE,TE,"https://static.www.nfl.com/image/upload/f_auto,q_auto/league/qmpveaqrfntryixpjqq2",2023,REG,MIA,13,0,0,0,0,0,0,0,0,0,0,0,0,,,0,,0,0,0,0,0,0,,0,35,43,366,0,0,0,284,139,22,21.9872291893602,0,1.2887323943662,0.0783242258652095,0.0659544821179749,0.163654476280397,0,2,0,0,0,0,0,0,0,0,0,0,0,0,0,0,0,0,0,0,0,0,1,10,0,0,0,0,0,0,0,0,,,0,0,0,0,0,0,0,0,0,0,0,0,,,,0,0,0,0,0,0,0,,0,0,0,0,,36.6,71.6
00-0034800,B.Hill,B.J. Hill,DE,DL,"https://static.www.nfl.com/image/upload/f_auto,q_auto/league/t5d3t2wt1goqgv5njdqa",2023,REG,CIN,17,0,0,0,0,0,0,0,0,0,0,0,0,,,0,,0,0,0,0,0,0,,0,0,0,0,0,0,0,0,0,0,,0,,0,0,0,0,20,6,25,2,17,0,4.5,27,21,2,0,5,0,0,0,0,0,0,1,1,0,1,15,0,0,0,0,0,0,0,0,,,0,0,0,0,0,0,0,0,0,0,0,0,,,,0,0,0,0,0,0,0,,0,0,0,0,,0,0
00-0034801,J.Woods,Josh Woods,LB,LB,"https://static.www.nfl.com/image/upload/f_auto,q_auto/league/p6wltly2bismav4hvfvb",2023,REG,ARI,11,0,0,0,0,0,0,0,0,0,0,0,0,,,0,,0,0,0,0,0,0,,0,0,0,0,0,0,0,0,0,0,,0,,0,0,0,0,26,7,28,2,5,1,0.5,3,1,0,0,1,0,0,0,0,0,0,0,0,0,0,0,0,0,0,0,0,0,0,0,,,0,0,0,0,0,0,0,0,0,0,0,0,,,,0,0,0,0,0,0,0,,0,0,0,0,,0,0
00-0034803,J.Noteboom,Joe Noteboom,OT,OL,"https://static.www.nfl.com/image/upload/f_auto,q_auto/league/dn3tttcun4lwo7dbwsbq",2023,REG,LA,1,0,0,0,0,0,0,0,0,0,0,0,0,,,0,,0,0,0,0,0,0,,0,0,0,0,0,0,0,0,0,0,,0,,0,0,0,0,0,0,0,0,0,0,0,0,0,0,0,0,0,0,0,0,0,0,0,0,0,1,10,0,0,0,0,0,0,0,0,,,0,0,0,0,0,0,0,0,0,0,0,0,,,,0,0,0,0,0,0,0,,0,0,0,0,,0,0
00-0034805,J.Franklin-Myers,John Franklin-Myers,DE,DL,"https://static.www.nfl.com/image/upload/f_auto,q_auto/league/uddpcfoopacmfjcovnvi",2023,REG,NYJ,14,0,0,0,0,0,0,0,0,0,0,0,0,,,0,,0,0,0,0,0,0,,0,0,0,0,0,0,0,0,0,0,,0,,0,0,0,0,11,4,18,4,32,0,3.5,37.5,14,0,0,3,0,0,0,0,0,0,0,0,0,2,11,0,0,0,0,0,0,0,0,,,0,0,0,0,0,0,0,0,0,0,0,0,,,,0,0,0,0,0,0,0,,0,0,0,0,,0,0
00-0034807,O.Okoronkwo,Ogbo Okoronkwo,DE,DL,"https://static.www.nfl.com/image/upload/f_auto,q_auto/league/qbhwpvb59fmyguz8ttg0",2023,REG,CLE,12,0,0,0,0,0,0,0,0,0,0,0,0,,,0,,0,0,0,0,0,0,,0,0,0,0,0,0,0,0,0,0,,0,,0,0,0,0,16,6,9,7,32,0,4.5,24,8,0,0,1,0,0,0,0,0,0,1,1,0,1,5,0,0,0,0,0,0,0,0,,,0,0,0,0,0,0,0,0,0,0,0,0,,,,0,0,0,0,0,0,0,,0,0,0,0,,0,0
00-0034810,S.Joseph,Sebastian Joseph-Day,DE,DL,"https://static.www.nfl.com/image/upload/f_auto,q_auto/league/clutt16odnru2dvidv9w",2023,REG,SF,15,0,0,0,0,0,0,0,0,0,0,0,0,,,0,,0,0,0,0,0,0,,0,0,0,0,0,0,0,0,0,0,,0,,0,0,0,0,16,3,18,3,11,0,3,10,11,0,0,0,0,0,0,0,0,0,0,0,0,1,12,0,0,0,0,0,0,0,0,,,0,0,0,0,0,0,0,0,0,0,0,0,,,,0,0,0,0,0,0,0,,0,0,0,0,,0,0
00-0034815,F.Warner,Fred Warner,MLB,LB,"https://static.www.nfl.com/image/upload/f_auto,q_auto/league/u3en19iyyfc64d3vprh6",2023,REG,SF,16,0,0,0,0,0,0,0,0,0,0,0,0,,,0,,0,0,0,0,0,0,,0,0,0,0,0,0,0,0,0,0,,0,,0,0,0,0,70,12,50,5,22,4,2.5,16.5,5,4,63,11,0,0,0,0,0,0,0,0,0,2,27,0,0,0,0,0,0,0,0,,,0,0,0,0,0,0,0,0,0,0,0,0,,,,0,0,0,0,0,0,0,,0,0,0,0,,0,0
00-0034817,G.Christian,Geron Christian,OT,OL,"https://static.www.nfl.com/image/upload/f_auto,q_auto/league/op7pv7rqvcvolr41t285",2023,REG,CLE,5,0,0,0,0,0,0,0,0,0,0,0,0,,,0,,0,0,0,0,0,0,,0,0,0,0,0,0,0,0,0,0,,0,,0,0,0,0,0,1,1,0,0,0,0,0,0,0,0,0,0,0,0,0,0,0,0,0,0,4,25,0,0,0,0,0,0,0,0,,,0,0,0,0,0,0,0,0,0,0,0,0,,,,0,0,0,0,0,0,0,,0,0,0,0,,0,0
00-0034818,D.Nnadi,Derrick Nnadi,NT,DL,"https://static.www.nfl.com/image/upload/f_auto,q_auto/league/dbzhxihrdflpqcgcn7z4",2023,REG,KC,14,0,0,0,0,0,0,0,0,0,0,0,0,,,0,,0,0,0,0,0,0,,0,0,0,0,0,0,0,0,0,0,,0,,0,0,0,0,12,4,13,1,2,0,1,2,1,0,0,1,0,0,0,0,0,0,0,0,0,2,20,0,0,0,0,0,0,0,0,,,0,0,0,0,0,0,0,0,0,0,0,0,,,,0,0,0,0,0,0,0,,0,0,0,0,,0,0
00-0034825,A.Key,Arden Key,LB,LB,"https://static.www.nfl.com/image/upload/f_auto,q_auto/league/wgnbernjlxpmk5rhgkhn",2023,REG,TEN,13,0,0,0,0,0,0,0,0,0,0,0,0,,,0,,0,0,0,0,0,0,,0,0,0,0,0,0,0,0,0,0,,0,,0,0,0,0,12,5,13,3,21,2,6,43,12,0,0,2,0,0,0,0,0,0,0,0,0,4,19,0,0,0,0,0,0,0,0,,,0,0,0,0,0,0,0,0,0,0,0,0,,,,0,0,0,0,0,0,0,,0,0,0,0,,0,0
00-0034827,D.Moore,DJ Moore,WR,WR,"https://static.www.nfl.com/image/upload/f_auto,q_auto/league/qphturmeiifnqrnf5pax",2023,REG,CHI,17,0,0,0,0,0,0,0,0,0,0,0,0,,,0,,4,21,1,0,0,1,-1.61224786337698,0,96,136,1364,8,1,1,1476,539,64,64.2882347027447,0,0.924119241192412,0.285115303983229,0.390993377483444,0.701368320213253,0,3,0,0,0,0,1,0,0,0,0,0,0,0,0,0,0,0,0,0,0,0,1,10,0,0,0,0,0,0,0,0,,,0,0,0,0,0,0,0,0,0,0,0,0,,,,0,0,0,0,0,0,0,,0,0,0,0,,190.5,286.5
00-0034828,H.Landry,Harold Landry III,LB,LB,"https://static.www.nfl.com/image/upload/f_auto,q_auto/league/u4vo0zlxvsph3annhc4f",2023,REG,TEN,16,0,0,0,0,0,0,0,0,0,0,0,0,,,0,,0,0,0,0,0,0,,0,0,0,0,0,0,0,0,0,0,,0,,0,0,0,0,36,9,25,13,77,0,10.5,72.5,21,0,0,0,0,0,0,0,0,0,0,0,0,2,14,0,0,0,0,0,0,0,0,,,0,0,0,0,0,0,0,0,0,0,0,0,,,,0,0,0,0,0,0,0,,0,0,0,0,,0,0
00-0034829,M.Gesicki,Mike Gesicki,TE,TE,"https://static.www.nfl.com/image/upload/f_auto,q_auto/league/mfswo0trev4oi2gnb41e",2023,REG,NE,15,0,0,0,0,0,0,0,0,0,0,0,0,,,0,,0,0,0,0,0,0,,0,29,45,244,2,0,0,383,88,11,-3.11053099000389,0,0.637075718015666,0.0831792975970425,0.093505859375,0.190223047958064,0,1,0,0,0,0,1,0,0,0,0,0,0,0,0,0,0,0,0,0,0,0,0,0,0,0,0,0,0,0,0,0,,,0,0,0,0,0,0,0,0,0,0,0,0,,,,0,0,0,0,0,0,0,,0,0,0,0,,36.4,65.4
00-0034830,H.Hurst,Hayden Hurst,TE,TE,"https://static.www.nfl.com/image/upload/f_auto,q_auto/league/qxvkvmi2fphxjqyb21nv",2023,REG,CAR,9,0,0,0,0,0,0,0,0,0,0,0,0,,,0,,0,0,0,0,0,0,,0,18,32,184,1,0,0,242,67,7,-3.78178151533939,0,0.760330578512397,0.0599250936329588,0.0539937527889335,0.127683267401692,0,1,0,0,0,0,0,0,0,0,0,0,0,0,0,0,0,0,0,0,0,0,2,15,0,0,0,0,0,0,0,0,,,0,0,0,0,0,0,0,0,0,0,0,0,,,,0,0,0,0,0,0,0,,0,0,0,0,,24.4,42.4
00-0034831,R.Green,Rasheem Green,DE,DL,"https://static.www.nfl.com/image/private/f_auto,q_auto/league/q5a4fmrm2xxioqe5ijpi",2023,REG,CHI,15,0,0,0,0,0,0,0,0,0,0,0,0,,,0,,0,0,0,0,0,0,,0,0,0,0,0,0,0,0,0,0,,0,,0,0,0,0,8,0,7,2,9,0,2,9,5,0,0,0,0,0,0,0,0,0,0,0,0,1,5,0,0,0,0,0,0,0,0,,,0,0,0,0,0,0,0,0,0,0,0,0,,,,0,0,0,0,0,0,0,,0,0,0,0,,0,0
00-0034832,B.Chubb,Bradley Chubb,OLB,LB,"https://static.www.nfl.com/image/upload/f_auto,q_auto/league/u0hpsvirbf0ksqqrr4of",2023,REG,MIA,16,0,0,0,0,0,0,0,0,0,0,0,0,,,0,,0,0,0,0,0,0,,0,0,0,0,0,0,0,0,0,0,,0,,0,0,0,0,38,7,28,9,40,6,11,84,22,0,0,2,0,0,0,0,0,0,2,2,0,3,23,0,0,0,0,0,0,0,0,,,0,0,0,0,0,0,0,0,0,0,0,0,,,,0,0,0,0,0,0,0,,0,0,0,0,,0,0
00-0034833,I.Wynn,Isaiah Wynn,G,OL,"https://static.www.nfl.com/image/upload/f_auto,q_auto/league/vtldccf1xfjt0cmblvxu",2023,REG,MIA,3,0,0,0,0,0,0,0,0,0,0,0,0,,,0,,0,0,0,0,0,0,,0,0,0,0,0,0,0,0,0,0,,0,,0,0,0,0,0,0,0,0,0,0,0,0,0,0,0,0,0,0,0,0,0,0,0,0,0,3,20,0,0,0,0,0,0,0,0,,,0,0,0,0,0,0,0,0,0,0,0,0,,,,0,0,0,0,0,0,0,,0,0,0,0,,0,0
00-0034834,S.Hubbard,Sam Hubbard,DE,DL,"https://static.www.nfl.com/image/upload/f_auto,q_auto/league/eoodwerhenaqvcaqm29t",2023,REG,CIN,15,0,0,0,0,0,0,0,0,0,0,0,0,,,0,,0,0,0,0,0,0,,0,0,0,0,0,0,0,0,0,0,,0,,0,0,0,0,34,4,20,7,39,0,6,38,17,0,0,0,0,0,0,0,0,0,2,2,0,3,24,0,0,0,0,0,0,0,0,,,0,0,0,0,0,0,0,0,0,0,0,0,,,,0,0,0,0,0,0,0,,0,0,0,0,,0,0
00-0034835,M.Jefferson,Malik Jefferson,LB,LB,"https://static.www.nfl.com/image/private/f_auto,q_auto/league/tgjhguwquxie6ngjjf0n",2023,REG,DAL,2,0,0,0,0,0,0,0,0,0,0,0,0,,,0,,0,0,0,0,0,0,,0,0,0,0,0,0,0,0,0,0,,0,,0,0,0,0,2,0,1,1,4,0,0,0,0,0,0,0,0,0,0,0,0,0,0,0,0,0,0,0,0,0,0,0,0,0,0,,,0,0,0,0,0,0,0,0,0,0,0,0,,,,0,0,0,0,0,0,0,,0,0,0,0,,0,0
00-0034836,B.Smith,Braden Smith,OT,OL,"https://static.www.nfl.com/image/upload/f_auto,q_auto/league/xajcpouicrecoyupypyw",2023,REG,IND,4,0,0,0,0,0,0,0,0,0,0,0,0,,,0,,0,0,0,0,0,0,,0,0,0,0,0,0,0,0,0,0,,0,,0,0,0,0,0,0,0,0,0,0,0,0,0,0,0,0,0,0,0,0,0,0,0,0,0,5,36,0,0,0,0,0,0,0,0,,,0,0,0,0,0,0,0,0,0,0,0,0,,,,0,0,0,0,0,0,0,,0,0,0,0,,0,0
00-0034837,C.Ridley,Calvin Ridley,WR,WR,"https://static.www.nfl.com/image/upload/f_auto,q_auto/league/l96rlegwqz7qfakbdtlp",2023,REG,JAX,17,0,0,0,0,0,0,0,0,0,0,0,0,,,0,,9,23,0,0,0,3,-2.94865373754874,0,76,136,1016,8,1,0,1771,194,49,32.3809442155444,1,0.573687182382835,0.224052718286656,0.3555510941578,0.584964843340443,0,1,0,0,0,0,0,0,0,0,0,0,0,0,0,0,0,0,0,0,0,0,3,20,0,0,0,0,0,0,0,0,,,0,0,0,0,0,0,0,0,0,0,0,0,,,,0,0,0,0,0,0,0,,0,0,0,0,,153.9,229.9
00-0034838,R.Freeman,Royce Freeman,RB,RB,"https://static.www.nfl.com/image/upload/f_auto,q_auto/league/qs4e1hiqj9xymlqk6yas",2023,REG,LA,11,0,0,0,0,0,0,0,0,0,0,0,0,,,0,,77,319,2,0,0,18,-6.53368074275849,0,1,2,13,0,0,0,0,14,1,-0.251066256081685,0,0,0.0036036036036036,0,0.00540540540540541,0,2,0,3,0,0,0,0,0,0,0,0,0,0,0,0,0,0,0,0,0,0,0,0,0,0,0,0,0,0,0,0,,,0,0,0,0,0,0,0,0,0,0,0,0,,,,0,0,0,0,0,0,0,,0,0,0,0,,45.2,46.2
00-0034842,T.Bryan,Taven Bryan,DT,DL,"https://static.www.nfl.com/image/upload/f_auto,q_auto/league/omwj6uyx0ermi51ptvh6",2023,REG,IND,15,0,0,0,0,0,0,0,0,0,0,0,0,,,0,,0,0,0,0,0,0,,0,0,0,0,0,0,0,0,0,0,,0,,0,0,0,0,9,3,10,2,6,1,2,9,1,0,0,0,0,0,0,0,0,0,0,0,0,3,18,0,0,0,0,0,0,0,0,,,0,0,0,0,0,0,0,0,0,0,0,0,,,,0,0,0,0,0,0,0,,0,0,0,0,,0,0
00-0034843,M.Hughes,Mike Hughes,CB,DB,"https://static.www.nfl.com/image/upload/f_auto,q_auto/league/fzxie6iznr3i8qc2pmnv",2023,REG,ATL,14,0,0,0,0,0,0,0,0,0,0,0,0,,,0,,0,0,0,0,0,0,,0,0,0,0,0,0,0,0,0,0,,0,,0,0,0,0,13,1,7,2,2,0,0,0,0,0,0,1,0,0,0,0,0,0,0,0,0,0,0,11,67,3,46,0,0,0,0,,,0,0,0,0,0,0,0,0,0,0,0,0,,,,0,0,0,0,0,0,0,,0,0,0,0,,0,0
00-0034844,S.Barkley,Saquon Barkley,RB,RB,"https://static.www.nfl.com/image/upload/f_auto,q_auto/league/ern1nbhivkmwkg82c7v1",2023,REG,NYG,14,0,0,0,0,0,0,0,0,0,0,0,0,,,0,,247,962,6,2,2,52,-49.3209621219692,1,41,60,280,4,0,0,134,226,16,-7.51839581460439,0,2.08955223880597,0.123711340206186,0.0353935552033809,0.210342498951645,0,0,0,0,0,0,0,0,0,0,0,0,0,0,0,0,0,1,1,0,0,0,1,5,0,0,0,0,0,0,0,0,,,0,0,0,0,0,0,0,0,0,0,0,0,,,,0,0,0,0,0,0,0,,0,0,0,0,,182.2,223.2
00-0034846,S.Leonard,Shaquille Leonard,OLB,LB,"https://static.www.nfl.com/image/private/f_auto,q_auto/league/wsciifrkszbcjmnzsliy",2023,REG,PHI,14,0,0,0,0,0,0,0,0,0,0,0,0,,,0,,0,0,0,0,0,0,,0,0,0,0,0,0,0,0,0,0,,0,,0,0,0,0,41,5,42,4,12,0,1,2,1,0,0,0,0,0,0,0,0,0,0,0,0,0,0,0,0,0,0,0,0,0,0,,,0,0,0,0,0,0,0,0,0,0,0,0,,,,0,0,0,0,0,0,0,,0,0,0,0,,0,0
00-0034847,M.McGlinchey,Mike McGlinchey,OT,OL,"https://static.www.nfl.com/image/upload/f_auto,q_auto/league/rlmc7tqeolzj5btkdicj",2023,REG,DEN,6,0,0,0,0,0,0,0,0,0,0,0,0,,,0,,0,0,0,0,0,0,,0,0,0,0,0,0,0,0,0,0,,0,,0,0,0,0,0,0,1,0,0,0,0,0,0,0,0,0,0,0,0,0,0,0,0,0,0,7,35,0,0,0,0,0,0,0,0,,,0,0,0,0,0,0,0,0,0,0,0,0,,,,0,0,0,0,0,0,0,,0,0,0,0,,0,0
00-0034854,K.Hodge,KhaDarel Hodge,WR,WR,"https://static.www.nfl.com/image/upload/f_auto,q_auto/league/r6vyxamrbb62lcccap2r",2023,REG,ATL,14,0,0,0,0,0,0,0,0,0,0,0,0,,,0,,1,0,0,1,0,1,-0.652548361162189,0,14,23,232,0,0,0,330,83,13,5.24310080026697,0,0.703030303030303,0.0452755905511811,0.0759493670886076,0.121077942788797,0,4,0,1,0,0,0,0,0,0,0,0,0,0,0,0,0,2,3,0,0,0,0,0,0,0,0,0,0,0,0,0,,,0,0,0,0,0,0,0,0,0,0,0,0,,,,0,0,0,0,0,0,0,,0,0,0,0,,23.2,37.2
00-0034855,B.Mayfield,Baker Mayfield,QB,QB,"https://static.www.nfl.com/image/upload/f_auto,q_auto/league/i2uufyghiphx4oihgucm",2023,REG,TB,17,364,566,4044,28,10,40,-232,5,3,4844,1927,188,49.8251785009099,0.239822741625083,2,0.834847233691164,62,163,1,2,0,19,-14.4836471974798,0,0,0,0,0,0,0,0,0,0,,0,,0,0,0,0,0,0,0,0,0,0,0,0,0,0,0,0,0,0,0,0,3,4,0,0,0,2,16,0,0,0,0,0,0,0,0,,,0,0,0,0,0,0,0,0,0,0,0,0,,,,0,0,0,0,0,0,0,,0,0,0,0,,274.06,274.06
00-0034856,D.Ward,Denzel Ward,CB,DB,"https://static.www.nfl.com/image/upload/f_auto,q_auto/league/mmp5gacrbeeolrsgg5wm",2023,REG,CLE,12,0,0,0,0,0,0,0,0,0,0,0,0,,,0,,0,0,0,0,0,0,,0,0,0,0,0,0,0,0,0,0,,0,,0,0,0,0,26,4,4,1,2,1,0,0,0,2,20,11,0,0,0,19,0,0,0,0,0,3,30,0,0,0,0,0,0,0,0,,,0,0,0,0,0,0,0,0,0,0,0,0,,,,0,0,0,0,0,0,0,,0,0,0,0,,0,0
00-0034857,J.Allen,Josh Allen,QB,QB,"https://static.www.nfl.com/image/upload/f_auto,q_auto/league/servs1fpsynfxep4rz2z",2023,REG,BUF,17,385,579,4306,29,18,24,-152,2,1,5022,1973,200,91.6927982197074,5.02360811474126,3,0.857427319792911,111,524,15,4,3,59,54.3819283790093,0,0,0,0,0,0,0,0,0,0,,0,,0,0,0,0,0,0,0,0,0,0,0,0,0,0,0,0,0,0,0,0,1,2,0,0,0,3,37,0,0,0,0,0,0,0,0,,,0,0,0,0,0,0,0,0,0,0,0,0,,,,0,0,0,0,0,0,0,,0,0,0,0,,392.64,392.64
00-0034858,T.Edmunds,Terrell Edmunds,S,DB,"https://static.www.nfl.com/image/upload/f_auto,q_auto/league/fk1i6e8ursk3awmpts1j",2023,REG,TEN,13,0,0,0,0,0,0,0,0,0,0,0,0,,,0,,0,0,0,0,0,0,,0,0,0,0,0,0,0,0,0,0,,0,,0,0,0,0,32,2,14,2,11,1,2.5,11,2,1,2,2,0,0,0,0,0,0,0,0,0,2,17,0,0,0,0,0,0,0,0,,,0,0,0,0,0,0,0,0,0,0,0,0,,,,0,0,0,0,0,0,0,,0,0,0,0,,0,0
00-0034869,S.Darnold,Sam Darnold,QB,QB,"https://static.www.nfl.com/image/upload/f_auto,q_auto/league/s5t8m6bhedjwwtfw3ild",2023,REG,SF,10,28,46,297,2,1,6,-40,2,1,371,155,15,-0.262156721463623,-1.43486369739879,0,0.800539083557952,21,15,1,1,0,4,-8.30728375105537,0,0,0,0,0,0,0,0,0,0,,0,,0,0,0,0,0,0,0,0,0,0,0,0,0,0,0,0,0,0,0,0,2,3,0,0,0,0,0,0,0,0,0,0,0,0,0,,,0,0,0,0,0,0,0,0,0,0,0,0,,,,0,0,0,0,0,0,0,,0,0,0,0,,23.38,23.38
00-0034874,R.Smith,Roquan Smith,ILB,LB,"https://static.www.nfl.com/image/upload/f_auto,q_auto/league/ru4idxsvmhlpiwx6za9a",2023,REG,BAL,16,0,0,0,0,0,0,0,0,0,0,0,0,,,0,,0,0,0,0,0,0,,0,0,0,0,0,0,0,0,0,0,,0,,0,0,0,0,74,10,74,4,19,1,1.5,12,5,1,30,8,0,0,0,0,0,0,0,0,0,2,23,0,0,0,0,0,0,0,0,,,0,0,0,0,0,0,0,0,0,0,0,0,,,,0,0,0,0,0,0,0,,0,0,0,0,,0,0
00-0034902,S.Eguavoen,Sam Eguavoen,LB,LB,"https://static.www.nfl.com/image/upload/f_auto,q_auto/league/qvwzilzdorawnld7aous",2023,REG,NYJ,5,0,0,0,0,0,0,0,0,0,0,0,0,,,0,,0,0,0,0,0,0,,0,0,0,0,0,0,0,0,0,0,,0,,0,0,0,0,3,0,1,0,0,0,0,0,0,0,0,0,0,0,0,0,0,0,1,1,0,1,5,0,0,0,0,0,0,0,0,,,0,0,0,0,0,0,0,0,0,0,0,0,,,,0,0,0,0,0,0,0,,0,0,0,0,,0,0
00-0034903,T.Campbell,Tevaughn Campbell,DB,DB,"https://static.www.nfl.com/image/upload/f_auto,q_auto/league/gt6omgjvqjkohkngei3o",2023,REG,JAX,1,0,0,0,0,0,0,0,0,0,0,0,0,,,0,,0,0,0,0,0,0,,0,0,0,0,0,0,0,0,0,0,,0,,0,0,0,0,0,0,0,0,0,0,0,0,0,0,0,0,0,1,0,0,0,0,0,0,0,0,0,1,0,0,0,0,0,0,0,,,0,0,0,0,0,0,0,0,0,0,0,0,,,,0,0,0,0,0,0,0,,0,0,0,0,,0,0
00-0034928,S.Sims,Steven Sims,WR,WR,"https://static.www.nfl.com/image/upload/f_auto,q_auto/league/j4wvyoqtwt34h8qamgun",2023,REG,HOU,3,0,0,0,0,0,0,0,0,0,0,0,0,,,0,,1,1,0,0,0,0,-1.5655690995045,0,3,3,25,0,0,0,-2,27,1,1.03657799004577,0,0,0.00530035335689046,-0.000386324125941665,0.00768010314717652,0,0,0,0,0,0,0,0,0,0,0,0,0,0,0,0,0,1,1,0,0,0,0,0,4,49,3,71,0,0,0,0,,,0,0,0,0,0,0,0,0,0,0,0,0,,,,0,0,0,0,0,0,0,,0,0,0,0,,2.6,5.6
00-0034929,Q.Bailey,Quinn Bailey,OT,OL,"https://static.www.nfl.com/image/upload/f_auto,q_auto/league/cjkc3gfhrz7shpncinla",2023,REG,DEN,1,0,0,0,0,0,0,0,0,0,0,0,0,,,0,,0,0,0,0,0,0,,0,0,0,0,0,0,0,0,0,0,,0,,0,0,0,0,0,0,0,0,0,0,0,0,0,0,0,0,0,0,0,0,0,0,0,0,0,1,10,0,0,0,0,0,0,0,0,,,0,0,0,0,0,0,0,0,0,0,0,0,,,,0,0,0,0,0,0,0,,0,0,0,0,,0,0
00-0034941,M.Wishnowsky,Mitch Wishnowsky,P,SPEC,"https://static.www.nfl.com/image/upload/f_auto,q_auto/league/kjifuyh2rm6dygczcv4f",2023,REG,SF,17,0,0,0,0,0,0,0,0,0,0,0,0,,,0,,0,0,0,0,0,0,,0,0,0,0,0,0,0,0,0,0,,0,,0,0,0,0,0,0,0,0,0,0,0,0,0,0,0,0,0,0,0,0,0,0,0,0,0,1,15,0,0,0,0,0,0,0,0,,,0,0,0,0,0,0,0,0,0,0,0,0,,,,0,0,0,0,0,0,0,,0,0,0,0,,0,0
00-0034954,M.Reed,Malik Reed,LB,LB,"https://static.www.nfl.com/image/private/f_auto,q_auto/league/c3efy9qazz8gzi8b3qvb",2023,REG,LV,3,0,0,0,0,0,0,0,0,0,0,0,0,,,0,,0,0,0,0,0,0,,0,0,0,0,0,0,0,0,0,0,,0,,0,0,0,0,1,0,2,0,0,0,0,0,0,0,0,0,0,0,0,0,0,0,0,0,0,0,0,0,0,0,0,0,0,0,0,,,0,0,0,0,0,0,0,0,0,0,0,0,,,,0,0,0,0,0,0,0,,0,0,0,0,,0,0
00-0034955,B.Rypien,Brett Rypien,QB,QB,"https://static.www.nfl.com/image/upload/f_auto,q_auto/league/aagqym9xmd5rligbbacq",2023,REG,LA,2,18,38,172,0,1,2,-18,1,1,315,84,8,-19.7252915074134,-18.9585048604656,0,0.546031746031746,3,19,0,0,0,1,1.33610643743305,0,0,0,0,0,0,0,0,0,0,,0,,0,0,0,0,0,0,0,0,0,0,0,0,0,0,0,0,0,0,0,0,1,1,0,0,0,0,0,0,0,0,0,0,0,0,0,,,0,0,0,0,0,0,0,0,0,0,0,0,,,,0,0,0,0,0,0,0,,0,0,0,0,,4.78,4.78
00-0034957,C.Anderson,Calvin Anderson,OT,OL,"https://static.www.nfl.com/image/upload/f_auto,q_auto/league/qwkllqaajfg6itgkjvkk",2023,REG,NE,1,0,0,0,0,0,0,0,0,0,0,0,0,,,0,,0,0,0,0,0,0,,0,0,0,0,0,0,0,0,0,0,,0,,0,0,0,0,0,0,0,0,0,0,0,0,0,0,0,0,0,0,0,0,0,0,0,0,0,1,10,0,0,0,0,0,0,0,0,,,0,0,0,0,0,0,0,0,0,0,0,0,,,,0,0,0,0,0,0,0,,0,0,0,0,,0,0
00-0034959,A.Beck,Andrew Beck,RB,RB,"https://static.www.nfl.com/image/upload/f_auto,q_auto/league/cgfleml3vlakevf285n3",2023,REG,HOU,12,0,0,0,0,0,0,0,0,0,0,0,0,,,0,,5,3,1,0,0,2,-1.4628208396025,0,11,13,55,2,1,1,22,37,4,-9.97065962843089,0,2.5,0.0229681978798587,0.00424956538535832,0.0374269925895388,1,1,0,0,0,0,0,0,0,0,0,0,0,0,0,0,0,0,0,0,0,0,4,50,0,0,2,94,0,0,0,0,,,0,0,0,0,0,0,0,0,0,0,0,0,,,,0,0,0,0,0,0,0,,0,0,0,0,,27.8,38.8
00-0034960,J.Meyers,Jakobi Meyers,WR,WR,"https://static.www.nfl.com/image/upload/f_auto,q_auto/league/qui5ajbevlk7pfjpcufz",2023,REG,LV,16,2,3,12,1,0,0,0,0,0,12,0,1,0.867831839015707,38.7338101863861,0,1,4,24,2,0,0,3,2.83430481684627,0,71,106,807,8,0,0,1028,242,46,18.4612716459213,0,0.785019455252918,0.199623352165725,0.240130810558281,0.467526595639384,0,1,0,0,0,0,0,0,0,0,0,0,0,0,0,0,0,1,1,0,0,0,6,65,0,0,0,0,0,0,0,0,,,0,0,0,0,0,0,0,0,0,0,0,0,,,,0,0,0,0,0,0,0,,0,0,0,0,,147.58,218.58
00-0034966,D.Ross,D'Angelo Ross,CB,DB,"https://static.www.nfl.com/image/upload/f_auto,q_auto/league/knsvo3gypaqfo3vtnt1o",2023,REG,HOU,4,0,0,0,0,0,0,0,0,0,0,0,0,,,0,,0,0,0,0,0,0,,0,0,0,0,0,0,0,0,0,0,,0,,0,0,0,0,4,1,3,0,0,0,0,0,0,0,0,0,0,0,0,0,0,0,0,0,0,1,15,0,0,0,0,0,0,0,0,,,0,0,0,0,0,0,0,0,0,0,0,0,,,,0,0,0,0,0,0,0,,0,0,0,0,,0,0
00-0034967,R.Gary,Rashan Gary,DE,DL,"https://static.www.nfl.com/image/private/f_auto,q_auto/league/t4clz4xe8sfxszmvohfo",2023,REG,GB,17,0,0,0,0,0,0,0,0,0,0,0,0,,,0,,0,0,0,0,0,0,,0,0,0,0,0,0,0,0,0,0,,0,,0,0,0,0,21,2,21,7,46,2,9,47.5,22,0,0,2,0,0,0,0,0,0,2,2,0,5,45,0,0,0,0,0,0,0,0,,,0,0,0,0,0,0,0,0,0,0,0,0,,,,0,0,0,0,0,0,0,,0,0,0,0,,0,0
00-0034968,D.Savage,Darnell Savage,SAF,DB,"https://static.www.nfl.com/image/upload/f_auto,q_auto/league/oahujzgwcvkeyc9qpqrb",2023,REG,GB,10,0,0,0,0,0,0,0,0,0,0,0,0,,,0,,0,0,0,0,0,0,,0,0,0,0,0,0,0,0,0,0,,0,,0,0,0,0,34,2,15,1,7,0,0,0,0,0,0,1,0,0,0,0,0,0,0,0,0,0,0,0,0,0,0,0,0,0,0,,,0,0,0,0,0,0,0,0,0,0,0,0,,,,0,0,0,0,0,0,0,,0,0,0,0,,0,0
00-0034970,I.Smith,Irv Smith,TE,TE,"https://static.www.nfl.com/image/private/f_auto,q_auto/league/gvnnqr5kj0rtte3iw9mp",2023,REG,CIN,10,0,0,0,0,0,0,0,0,0,0,0,0,,,0,,0,0,0,0,0,0,,0,18,26,115,1,1,1,105,66,5,-15.5212642500237,0,1.0952380952381,0.0439189189189189,0.0270758122743682,0.0848314469704362,0,2,0,0,0,0,0,0,0,0,0,0,0,0,0,0,0,0,0,0,0,0,1,10,0,0,0,0,0,0,0,0,,,0,0,0,0,0,0,0,0,0,0,0,0,,,,0,0,0,0,0,0,0,,0,0,0,0,,15.5,33.5
00-0034972,A.Mattison,Alexander Mattison,RB,RB,"https://static.www.nfl.com/image/upload/f_auto,q_auto/league/mbcaep8diu9yuo3qrtiz",2023,REG,MIN,16,0,0,0,0,0,0,0,0,0,0,0,0,,,0,,180,700,0,2,2,30,-31.7409543032685,0,30,44,192,3,0,0,24,181,5,-5.05417830269332,0,8,0.0726072607260726,0.00486815415821501,0.112318598999859,0,1,0,0,0,0,0,0,0,0,0,0,0,0,0,0,0,1,1,0,0,0,0,0,0,0,0,0,0,0,0,0,,,0,0,0,0,0,0,0,0,0,0,0,0,,,,0,0,0,0,0,0,0,,0,0,0,0,,103.2,133.2
00-0034973,M.Crosby,Maxx Crosby,DE,DL,"https://static.www.nfl.com/image/upload/f_auto,q_auto/league/eradjc0noknlab2smu1e",2023,REG,LV,17,0,0,0,0,0,0,0,0,0,0,0,0,,,0,,0,0,0,0,0,0,,0,0,0,0,0,0,0,0,0,0,,0,,0,0,0,0,48,7,35,22,120,2,14.5,100,31,0,0,2,0,0,0,0,0,0,1,1,0,5,43,0,0,0,0,0,0,0,0,,,0,0,0,0,0,0,0,0,0,0,0,0,,,,0,0,0,0,0,0,0,,0,0,0,0,,0,0
00-0034974,J.Love,Julian Love,SAF,DB,"https://static.www.nfl.com/image/upload/f_auto,q_auto/league/s3fvfslhz6hpmf6fzv2u",2023,REG,SEA,17,0,0,0,0,0,0,0,0,0,0,0,0,,,0,,0,0,0,0,0,0,,0,0,0,0,0,0,0,0,0,0,,0,,0,0,0,0,73,12,38,1,1,2,0,0,0,4,7,10,0,0,0,0,0,0,1,1,0,2,60,0,0,0,0,0,0,0,0,,,0,0,0,0,0,0,0,0,0,0,0,0,,,,0,0,0,0,0,0,0,,0,0,0,0,,0,0
00-0034975,J.Hill,Justice Hill,RB,RB,"https://static.www.nfl.com/image/upload/f_auto,q_auto/league/h6p9crhra8ehxju3ubza",2023,REG,BAL,16,0,0,0,0,0,0,0,0,0,0,0,0,,,0,,84,387,3,0,0,20,0.810390190069056,0,28,39,206,1,1,1,23,237,8,-4.72581757383887,0,8.95652173913044,0.0819327731092437,0.00562484715089264,0.12683655266949,0,0,0,0,0,0,0,0,0,0,0,0,0,0,0,0,0,0,0,0,0,0,1,15,0,0,3,119,0,0,0,0,,,0,0,0,0,0,0,0,0,0,0,0,0,,,,0,0,0,0,0,0,0,,0,0,0,0,,81.3,109.3
00-0034978,B.Powers,Ben Powers,G,OL,"https://static.www.nfl.com/image/upload/f_auto,q_auto/league/fajb5zieqq91lh0ymlws",2023,REG,DEN,3,0,0,0,0,0,0,0,0,0,0,0,0,,,0,,0,0,0,0,0,0,,0,0,0,0,0,0,0,0,0,0,,0,,0,0,0,0,1,0,0,0,0,0,0,0,0,0,0,0,0,0,0,0,0,0,0,0,0,3,25,0,0,0,0,0,0,0,0,,,0,0,0,0,0,0,0,0,0,0,0,0,,,,0,0,0,0,0,0,0,,0,0,0,0,,0,0
00-0034981,F.Moreau,Foster Moreau,TE,TE,"https://static.www.nfl.com/image/upload/f_auto,q_auto/league/esc21tsccagvyy1ctaoc",2023,REG,NO,13,0,0,0,0,0,0,0,0,0,0,0,0,,,0,,0,0,0,0,0,0,,0,21,25,193,1,0,0,122,96,9,8.40541519060863,0,1.58196721311475,0.0431778929188256,0.0243221690590112,0.0817923577195462,0,0,0,0,0,0,0,0,0,0,0,0,0,0,0,0,0,0,0,0,0,0,4,30,0,0,0,0,0,0,0,0,,,0,0,0,0,0,0,0,0,0,0,0,0,,,,0,0,0,0,0,0,0,,0,0,0,0,,25.3,46.3
00-0034982,D.Greenlaw,Dre Greenlaw,LB,LB,"https://static.www.nfl.com/image/upload/f_auto,q_auto/league/twmm0to7fptnq71n75iz",2023,REG,SF,15,0,0,0,0,0,0,0,0,0,0,0,0,,,0,,0,0,0,0,0,0,,0,0,0,0,0,0,0,0,0,0,,0,,0,0,0,0,60,15,45,5,9,0,1.5,4.5,4,0,16,4,0,0,0,0,0,0,0,0,0,3,34,0,0,0,0,0,0,0,0,,,0,0,0,0,0,0,0,0,0,0,0,0,,,,0,0,0,0,0,0,0,,0,0,0,0,,0,0
00-0034983,H.Renfrow,Hunter Renfrow,WR,WR,"https://static.www.nfl.com/image/upload/f_auto,q_auto/league/sgrqk1a6fm34swazm2bx",2023,REG,LV,14,0,0,0,0,0,0,0,0,0,0,0,0,,,0,,0,0,0,0,0,0,,0,25,37,255,0,1,1,207,152,11,-0.269476781494955,0,1.23188405797101,0.0696798493408663,0.0483531885073581,0.13836700596645,0,1,0,0,0,0,0,0,0,0,0,0,0,0,0,0,0,0,0,0,0,0,0,0,0,0,0,0,0,0,0,0,,,0,0,0,0,0,0,0,0,0,0,0,0,,,,0,0,0,0,0,0,0,,0,0,0,0,,23.5,48.5
00-0034987,E.Speed,E.J. Speed,LB,LB,"https://static.www.nfl.com/image/upload/f_auto,q_auto/league/lpqe7elzi8tbt8rjzozd",2023,REG,IND,16,0,0,0,0,0,0,0,0,0,0,0,0,,,0,,0,0,0,0,0,0,,0,0,0,0,0,0,0,0,0,0,,0,,0,0,0,0,64,14,24,9,32,3,1,9,2,0,0,4,0,0,0,0,0,0,0,0,0,6,60,0,0,0,0,0,0,0,0,,,0,0,0,0,0,0,0,0,0,0,0,0,,,,0,0,0,0,0,0,0,,0,0,0,0,,0,0
00-0034990,K.Hollman,Ka'dar Hollman,CB,DB,"https://static.www.nfl.com/image/upload/f_auto,q_auto/league/x8htlyswkirpsssjovsn",2023,REG,HOU,8,0,0,0,0,0,0,0,0,0,0,0,0,,,0,,0,0,0,0,0,0,,0,0,0,0,0,0,0,0,0,0,,0,,0,0,0,0,6,0,4,0,0,0,0,0,0,0,0,0,0,0,0,0,0,0,1,1,0,2,20,0,0,0,0,0,0,0,0,,,0,0,0,0,0,0,0,0,0,0,0,0,,,,0,0,0,0,0,0,0,,0,0,0,0,,0,0
00-0034992,A.Watts,Armon Watts,DT,DL,"https://static.www.nfl.com/image/upload/f_auto,q_auto/league/m3aiaywwfngkhwcqtcdm",2023,REG,PIT,9,0,0,0,0,0,0,0,0,0,0,0,0,,,0,,0,0,0,0,0,0,,0,0,0,0,0,0,0,0,0,0,,0,,0,0,0,0,4,2,9,0,0,0,0.5,4,3,0,0,0,0,0,0,0,0,0,0,0,0,0,0,0,0,0,0,0,0,0,0,,,0,0,0,0,0,0,0,0,0,0,0,0,,,,0,0,0,0,0,0,0,,0,0,0,0,,0,0
00-0034993,M.Epps,Marcus Epps,SAF,DB,"https://static.www.nfl.com/image/upload/f_auto,q_auto/league/buqwodgcsy5ndrrxtpga",2023,REG,LV,17,0,0,0,0,0,0,0,0,0,0,0,0,,,0,,0,0,0,0,0,0,,0,0,0,0,0,0,0,0,0,0,,0,,0,0,0,0,34,7,25,3,8,1,0,0,0,0,0,3,0,0,0,0,0,0,1,1,0,0,0,0,0,0,0,0,0,0,0,,,0,0,0,0,0,0,0,0,0,0,0,0,,,,0,0,0,0,0,0,0,,0,0,0,0,,0,0
00-0034999,T.Summers,Ty Summers,LB,LB,"https://static.www.nfl.com/image/upload/f_auto,q_auto/league/gx55memu9ifriore7bzy",2023,REG,NO,2,0,0,0,0,0,0,0,0,0,0,0,0,,,0,,0,0,0,0,0,0,,0,0,0,0,0,0,0,0,0,0,,0,,0,0,0,0,0,1,1,0,0,0,0,0,0,0,0,0,0,0,0,0,0,0,0,0,0,0,0,0,0,0,0,0,0,0,0,,,0,0,0,0,0,0,0,0,0,0,0,0,,,,0,0,0,0,0,0,0,,0,0,0,0,,0,0
00-0035020,D.Flannigan-Fowles,Demetrius Flannigan-Fowles,LB,LB,"https://static.www.nfl.com/image/upload/f_auto,q_auto/league/elhj5qgby9zxlasenqjb",2023,REG,SF,6,0,0,0,0,0,0,0,0,0,0,0,0,,,0,,0,0,0,0,0,0,,0,0,0,0,0,0,0,0,0,0,,0,,0,0,0,0,10,2,7,3,11,0,0,0,0,0,0,1,0,0,0,0,0,0,0,0,0,1,15,0,0,0,0,0,0,0,0,,,0,0,0,0,0,0,0,0,0,0,0,0,,,,0,0,0,0,0,0,0,,0,0,0,0,,0,0
00-0035026,K.Givens,Kevin Givens,DT,DL,"https://static.www.nfl.com/image/upload/f_auto,q_auto/league/dpbmpsyvi88lpb4xebly",2023,REG,SF,13,0,0,0,0,0,0,0,0,0,0,0,0,,,0,,0,0,0,0,0,0,,0,0,0,0,0,0,0,0,0,0,,0,,0,0,0,0,11,2,10,3,16,0,1.5,12,4,0,0,1,0,0,0,0,0,0,1,1,0,1,5,0,0,0,0,0,0,0,0,,,0,0,0,0,0,0,0,0,0,0,0,0,,,,0,0,0,0,0,0,0,,0,0,0,0,,0,0
00-0035042,J.Gillan,Jamie Gillan,P,SPEC,"https://static.www.nfl.com/image/upload/f_auto,q_auto/league/kxwddoiqqghc1kxaajco",2023,REG,NYG,17,0,0,0,0,0,0,0,0,0,0,0,0,,,0,,0,0,0,0,0,0,,0,0,0,0,0,0,0,0,0,0,,0,,0,0,0,0,0,0,0,0,0,0,0,0,0,0,0,0,0,0,0,0,0,0,0,0,0,0,0,0,0,0,0,1,1,0,0,40,1,0,0,0,1,0,0,0,0,0,0,0,0,40,,,40,0,0,0,0,0,0,,0,0,0,0,,0,0
00-0035045,D.Montgomery,D.J. Montgomery,WR,WR,"https://static.www.nfl.com/image/upload/f_auto,q_auto/league/tpo0g9pqvia4lh2noq33",2023,REG,IND,2,0,0,0,0,0,0,0,0,0,0,0,0,,,0,,0,0,0,0,0,0,,0,3,8,56,1,0,0,97,28,3,-6.7873042471474,0,0.577319587628866,0.0146520146520147,0.0227967097532315,0.037935718805284,0,0,0,0,0,0,0,0,0,0,0,0,0,0,0,0,0,0,0,0,0,0,0,0,0,0,0,0,0,0,0,0,,,0,0,0,0,0,0,0,0,0,0,0,0,,,,0,0,0,0,0,0,0,,0,0,0,0,,11.6,14.6
00-0035062,S.Mustipher,Sam Mustipher,C,OL,"https://static.www.nfl.com/image/upload/f_auto,q_auto/league/qk1zzlke1gkuerfe8kc4",2023,REG,BAL,2,0,0,0,0,0,0,0,0,0,0,0,0,,,0,,0,0,0,0,0,0,,0,0,0,0,0,0,0,0,0,0,,0,,0,0,0,0,0,0,0,0,0,0,0,0,0,0,0,0,0,0,0,0,0,1,0,0,0,1,10,0,0,0,0,0,0,0,0,,,0,0,0,0,0,0,0,0,0,0,0,0,,,,0,0,0,0,0,0,0,,0,0,0,0,,0,0
00-0035073,J.Harris,Jonathan Harris,DT,DL,"https://static.www.nfl.com/image/upload/f_auto,q_auto/league/cp345mijudr0kvwiesbu",2023,REG,DEN,13,0,0,0,0,0,0,0,0,0,0,0,0,,,0,,0,0,0,0,0,0,,0,0,0,0,0,0,0,0,0,0,,0,,0,0,0,0,17,9,17,3,6,0,1,1,4,0,0,0,0,0,0,0,0,0,0,0,0,0,0,0,0,0,0,0,0,0,0,,,0,0,0,0,0,0,0,0,0,0,0,0,,,,0,0,0,0,0,0,0,,0,0,0,0,,0,0
00-0035076,C.Bolton,Curtis Bolton,LB,LB,"https://static.www.nfl.com/image/upload/f_auto,q_auto/league/agspoindqgum5jrugxgo",2023,REG,LV,9,0,0,0,0,0,0,0,0,0,0,0,0,,,0,,0,0,0,0,0,0,,0,0,0,0,0,0,0,0,0,0,,0,,0,0,0,0,7,0,1,0,0,0,0,0,0,0,0,0,0,0,0,0,0,0,0,0,0,2,10,1,17,0,0,0,0,0,0,,,0,0,0,0,0,0,0,0,0,0,0,0,,,,0,0,0,0,0,0,0,,0,0,0,0,,0,0
00-0035084,Y.Nijman,Yosh Nijman,OT,OL,"https://static.www.nfl.com/image/upload/f_auto,q_auto/league/zkc4avbq8cmmqo9flz4z",2023,REG,GB,2,0,0,0,0,0,0,0,0,0,0,0,0,,,0,,0,0,0,0,0,0,,0,0,0,0,0,0,0,0,0,0,,0,,0,0,0,0,0,0,0,0,0,0,0,0,0,0,0,0,0,0,0,0,0,0,0,0,0,1,5,0,0,0,0,0,0,0,0,,,0,0,0,0,0,0,0,0,0,0,0,0,,,,0,0,0,0,0,0,0,,0,0,0,0,,0,0
00-0035098,M.Abernathy,Micah Abernathy,DB,DB,"https://static.www.nfl.com/image/upload/f_auto,q_auto/league/vp6ezokvuuzydfr3v8ae",2023,REG,ATL,7,0,0,0,0,0,0,0,0,0,0,0,0,,,0,,0,0,0,0,0,0,,0,0,0,0,0,0,0,0,0,0,,0,,0,0,0,0,3,2,2,0,0,0,0,0,0,0,0,0,0,0,0,0,0,0,0,0,0,3,15,0,0,0,0,0,0,0,0,,,0,0,0,0,0,0,0,0,0,0,0,0,,,,0,0,0,0,0,0,0,,0,0,0,0,,0,0
00-0035099,K.Blasingame,Khari Blasingame,FB,RB,"https://static.www.nfl.com/image/upload/f_auto,q_auto/league/beioi5h4lq0obt8yx35v",2023,REG,CHI,8,0,0,0,0,0,0,0,0,0,0,0,0,,,0,,8,26,0,0,0,0,-1.6575772715917,0,3,6,2,0,0,0,11,5,0,-4.4206220719642,0,0.181818181818182,0.0125786163522013,0.00291390728476821,0.0209076596276396,0,1,0,0,0,0,0,0,0,0,0,0,0,0,0,0,0,0,0,0,0,0,0,0,0,0,0,0,0,0,0,0,,,0,0,0,0,0,0,0,0,0,0,0,0,,,,0,0,0,0,0,0,0,,0,0,0,0,,2.8,5.8
00-0035100,J.Browning,Jake Browning,QB,QB,"https://static.www.nfl.com/image/upload/f_auto,q_auto/league/kzyh6yum2w3c6xrkndla",2023,REG,CIN,9,171,243,1936,12,7,24,-169,3,0,1554,1109,93,23.352077136491,3.86625628313448,1,1.24581724581725,27,127,3,0,0,12,9.53552088774343,0,1,1,-7,0,0,0,-7,0,0,-2.10285701858811,0,0,0.00168918918918919,-0.00180505415162455,0.0012702458776466,0,0,0,0,0,0,0,0,0,0,0,0,0,0,0,0,0,1,1,0,0,0,4,31,0,0,0,0,0,0,0,0,,,0,0,0,0,0,0,0,0,0,0,0,0,,,,0,0,0,0,0,0,0,,0,0,0,0,,143.44,144.44
00-0035112,P.Mekari,Patrick Mekari,OT,OL,"https://static.www.nfl.com/image/upload/f_auto,q_auto/league/vvvuokcp8hwm8i9j9ctb",2023,REG,BAL,2,0,0,0,0,0,0,0,0,0,0,0,0,,,0,,0,0,0,0,0,0,,0,0,0,0,0,0,0,0,0,0,,0,,0,0,0,0,0,0,0,0,0,0,0,0,0,0,0,0,0,0,0,0,0,0,0,0,0,2,15,0,0,0,0,0,0,0,0,,,0,0,0,0,0,0,0,0,0,0,0,0,,,,0,0,0,0,0,0,0,,0,0,0,0,,0,0
00-0035117,L.Cotton,Lester Cotton,G,OL,"https://static.www.nfl.com/image/upload/f_auto,q_auto/league/jxp1alnahzsludk3rygo",2023,REG,MIA,4,0,0,0,0,0,0,0,0,0,0,0,0,,,0,,0,0,0,0,0,0,,0,0,0,0,0,0,0,0,0,0,,0,,0,0,0,0,1,0,0,0,0,0,0,0,0,0,0,0,0,0,0,0,0,0,0,0,0,4,30,0,0,0,0,0,0,0,0,,,0,0,0,0,0,0,0,0,0,0,0,0,,,,0,0,0,0,0,0,0,,0,0,0,0,,0,0
00-0035120,K.Doss,Keelan Doss,WR,WR,"https://static.www.nfl.com/image/private/f_auto,q_auto/league/w1y0ujmc2ycaxfpysv0u",2023,REG,LAC,2,0,0,0,0,0,0,0,0,0,0,0,0,,,0,,0,0,0,0,0,0,,0,6,13,33,0,0,0,97,14,1,-3.02277128267108,0,0.34020618556701,0.0211726384364821,0.0204944010141559,0.0461050383646323,0,0,0,0,0,0,0,0,0,0,0,0,0,0,0,0,0,0,0,0,0,0,0,0,0,0,0,0,0,0,0,0,,,0,0,0,0,0,0,0,0,0,0,0,0,,,,0,0,0,0,0,0,0,,0,0,0,0,,3.3,9.3
00-0035125,A.Ingold,Alec Ingold,FB,RB,"https://static.www.nfl.com/image/upload/f_auto,q_auto/league/comhknenryrjabyifcqe",2023,REG,MIA,11,0,0,0,0,0,0,0,0,0,0,0,0,,,0,,2,0,0,0,0,0,-4.76509969338076,0,13,16,119,0,0,0,30,91,5,1.77198608036517,0,3.96666666666667,0.029143897996357,0.00696702275894101,0.0485927629257942,0,1,0,0,0,0,0,0,0,0,0,0,0,0,0,0,0,0,0,0,0,0,1,15,0,0,0,0,0,0,0,0,,,0,0,0,0,0,0,0,0,0,0,0,0,,,,0,0,0,0,0,0,0,,0,0,0,0,,11.9,24.9
00-0035127,A.James,Andre James,C,OL,"https://static.www.nfl.com/image/upload/f_auto,q_auto/league/cliagitqwyz5snrphj2c",2023,REG,LV,3,0,0,0,0,0,0,0,0,0,0,0,0,,,0,,0,0,0,0,0,0,,0,0,0,0,0,0,0,0,0,0,,0,,0,0,0,0,1,0,0,0,0,0,0,0,0,0,0,0,0,0,0,0,0,0,0,0,0,2,14,0,0,0,0,0,0,0,0,,,0,0,0,0,0,0,0,0,0,0,0,0,,,,0,0,0,0,0,0,0,,0,0,0,0,,0,0
00-0035133,K.Nixon,Keisean Nixon,CB,DB,"https://static.www.nfl.com/image/upload/f_auto,q_auto/league/vl34o93l5u7ins8ioebi",2023,REG,GB,17,0,0,0,0,0,0,0,0,0,0,0,0,,,0,,1,11,0,0,0,1,0.545994854997844,0,0,0,0,0,0,0,0,0,0,,0,,0,0,0,0,52,7,21,3,8,0,0.5,4,1,1,2,6,0,3,0,0,2,2,0,0,0,4,45,14,95,30,782,0,0,0,0,,,0,0,0,0,0,0,0,0,0,0,0,0,,,,0,0,0,0,0,0,0,,0,0,0,0,,1.1,1.1
00-0035140,M.Hardman,Mecole Hardman,WR,WR,"https://static.www.nfl.com/image/upload/f_auto,q_auto/league/mswmia17pkencx01nswj",2023,REG,KC,7,0,0,0,0,0,0,0,0,0,0,0,0,,,0,,1,3,0,0,0,0,-0.356101776938885,0,15,24,124,0,0,0,137,108,8,0.728680467759828,0,0.905109489051095,0.0426287744227353,0.03425,0.087918161634103,0,1,0,0,0,0,0,0,0,0,0,0,0,0,1,0,0,0,0,0,0,0,0,0,7,61,1,14,0,0,0,0,,,0,0,0,0,0,0,0,0,0,0,0,0,,,,0,0,0,0,0,0,0,,0,0,0,0,,12.7,27.7
00-0035141,P.Haynes,Phil Haynes,G,OL,"https://static.www.nfl.com/image/private/f_auto,q_auto/league/ra9hk9hoi0fmgjeckynl",2023,REG,SEA,3,0,0,0,0,0,0,0,0,0,0,0,0,,,0,,0,0,0,0,0,0,,0,0,0,0,0,0,0,0,0,0,,0,,0,0,0,0,0,0,0,0,0,0,0,0,0,0,0,0,0,0,0,0,0,0,0,0,0,4,24,0,0,0,0,0,0,0,0,,,0,0,0,0,0,0,0,0,0,0,0,0,,,,0,0,0,0,0,0,0,,0,0,0,0,,0,0
00-0035142,U.Amadi,Ugo Amadi,CB,DB,"https://static.www.nfl.com/image/upload/f_auto,q_auto/league/xo6ierx4ousz4wxuye0z",2023,REG,NO,5,0,0,0,0,0,0,0,0,0,0,0,0,,,0,,0,0,0,0,0,0,,0,0,0,0,0,0,0,0,0,0,,0,,0,0,0,0,5,1,6,0,0,0,0,0,0,0,0,2,0,0,0,0,0,0,0,0,0,0,0,0,0,0,0,0,0,0,0,,,0,0,0,0,0,0,0,0,0,0,0,0,,,,0,0,0,0,0,0,0,,0,0,0,0,,0,0
00-0035144,M.Wilson,Mack Wilson,LB,LB,"https://static.www.nfl.com/image/upload/f_auto,q_auto/league/zjazfilpr7k2agiwqpxn",2023,REG,NE,15,0,0,0,0,0,0,0,0,0,0,0,0,,,0,,0,0,0,0,0,0,,0,0,0,0,0,0,0,0,0,0,,0,,0,0,0,0,19,5,13,3,11,2,3.5,20.5,4,0,0,3,0,0,0,0,0,0,0,0,0,1,5,0,0,0,0,0,0,0,0,,,0,0,0,0,0,0,0,0,0,0,0,0,,,,0,0,0,0,0,0,0,,0,0,0,0,,0,0
00-0035145,A.Seibert,Austin Seibert,K,SPEC,"https://static.www.nfl.com/image/upload/f_auto,q_auto/league/ubdrkk43d3tlggqeq0en",2023,REG,NYJ,1,0,0,0,0,0,0,0,0,0,0,0,0,,,0,,0,0,0,0,0,0,,0,0,0,0,0,0,0,0,0,0,,0,,0,0,0,0,0,0,0,0,0,0,0,0,0,0,0,0,0,0,0,0,0,0,0,0,0,0,0,0,0,0,0,1,1,0,0,34,1,0,0,1,0,0,0,0,0,0,0,0,0,34,,,34,0,0,1,1,0,0,1,0,0,0,0,,0,0
00-0035150,K.Boyd,Kris Boyd,CB,DB,"https://static.www.nfl.com/image/upload/f_auto,q_auto/league/m4mypipricmwh7lfemgo",2023,REG,ARI,3,0,0,0,0,0,0,0,0,0,0,0,0,,,0,,0,0,0,0,0,0,,0,0,0,0,0,0,0,0,0,0,,0,,0,0,0,0,1,0,1,0,0,0,0,0,0,0,0,0,0,0,0,0,0,0,0,0,0,2,22,0,0,0,0,0,0,0,0,,,0,0,0,0,0,0,0,0,0,0,0,0,,,,0,0,0,0,0,0,0,,0,0,0,0,,0,0
00-0035156,J.Fox,Jack Fox,P,SPEC,"https://static.www.nfl.com/image/upload/f_auto,q_auto/league/oxbywegffnm7lrwl2map",2023,REG,DET,17,0,0,0,0,0,0,0,0,0,0,0,0,,,0,,0,0,0,0,0,0,,0,0,0,0,0,0,0,0,0,0,,0,,0,0,0,0,1,0,0,0,0,0,0,0,0,0,0,0,0,0,0,0,0,0,0,0,0,0,0,0,0,0,0,0,0,0,0,,,0,0,0,0,0,0,0,0,0,0,0,0,,,,0,0,0,0,0,0,0,,0,0,0,0,,0,0
00-0035164,C.Thompson,Cody Thompson,WR,WR,"https://static.www.nfl.com/image/upload/f_auto,q_auto/league/dghmeq55sg0rb1ppakkr",2023,REG,SEA,2,0,0,0,0,0,0,0,0,0,0,0,0,,,0,,0,0,0,0,0,0,,0,1,1,10,0,0,0,6,4,0,0.412861474789679,0,1.66666666666667,0.00182815356489945,0.00145595729191944,0.00376140045169278,0,2,0,0,0,0,0,0,0,0,0,0,0,0,0,0,0,0,0,0,0,0,0,0,0,0,0,0,0,0,0,0,,,0,0,0,0,0,0,0,0,0,0,0,0,,,,0,0,0,0,0,0,0,,0,0,0,0,,1,2
00-0035166,A.Al-Shaair,Azeez Al-Shaair,LB,LB,"https://static.www.nfl.com/image/upload/f_auto,q_auto/league/gtnnl92squxvzhhydeq8",2023,REG,TEN,17,0,0,0,0,0,0,0,0,0,0,0,0,,,0,,0,0,0,0,0,0,,0,0,0,0,0,0,0,0,0,0,,0,,0,0,0,0,62,22,79,7,16,0,2,2,6,0,0,4,0,0,0,0,0,0,1,1,0,4,49,0,0,0,0,0,0,0,0,,,0,0,0,0,0,0,0,0,0,0,0,0,,,,0,0,0,0,0,0,0,,0,0,0,0,,0,0
00-0035184,D.Ozigbo,Devine Ozigbo,RB,RB,"https://static.www.nfl.com/image/private/f_auto,q_auto/league/teht8fiw2mu5g8xmdoqm",2023,REG,DET,1,0,0,0,0,0,0,0,0,0,0,0,0,,,0,,3,5,0,0,0,1,-1.60837490076665,0,1,1,8,0,0,0,3,5,0,0.556485361885279,0,2.66666666666667,0.00174216027874564,0.000734214390602056,0.00312719049153991,0,0,0,0,0,0,0,0,0,0,0,0,0,0,0,0,0,0,0,0,0,0,0,0,0,0,0,0,0,0,0,0,,,0,0,0,0,0,0,0,0,0,0,0,0,,,,0,0,0,0,0,0,0,,0,0,0,0,,1.3,2.3
00-0035189,M.Wright,Matthew Wright,K,SPEC,"https://static.www.nfl.com/image/upload/f_auto,q_auto/league/htrs1hrrfok88fllrtex",2023,REG,CAR,1,0,0,0,0,0,0,0,0,0,0,0,0,,,0,,0,0,0,0,0,0,,0,0,0,0,0,0,0,0,0,0,,0,,0,0,0,0,0,0,0,0,0,0,0,0,0,0,0,0,0,0,0,0,0,0,0,0,0,0,0,0,0,0,0,0,1,1,0,,0,0,0,0,0,0,0,0,0,0,0,1,0,,52,,0,52,0,0,0,0,0,,0,0,0,0,,0,0
00-0035190,A.Cole,AJ Cole,P,SPEC,"https://static.www.nfl.com/image/upload/f_auto,q_auto/league/t6ah2u0wptbb8n22tehr",2023,REG,LV,17,0,0,0,0,0,0,0,0,0,0,0,0,,,0,,0,0,0,0,0,0,-0.947,0,0,0,0,0,0,0,0,0,0,,0,,0,0,0,0,0,0,0,0,0,0,0,0,0,0,0,0,0,0,0,0,0,0,0,0,0,0,0,0,0,0,0,0,0,0,0,,,0,0,0,0,0,0,0,0,0,0,0,0,,,,0,0,0,0,0,0,0,,0,0,0,0,,0,0
00-0035192,J.Slye,Joey Slye,K,SPEC,"https://static.www.nfl.com/image/upload/f_auto,q_auto/league/xokfs27mtqrbb0y47ahn",2023,REG,WAS,17,0,0,0,0,0,0,0,0,0,0,0,0,,,0,,0,0,0,0,0,0,,0,0,0,0,0,0,0,0,0,0,,0,,0,0,0,0,1,0,0,0,0,0,0,0,0,0,0,0,0,0,0,0,0,0,0,0,0,0,0,0,0,0,0,19,24,4,1,61,0.791666666666667,0,2,7,7,2,1,0,0,0,2,2,0,30;33;44;49;51;27;51;32;37;61;37;30;49;47;23;42;43;47;36,49;59;46;53,27,769,207,27,32,35,2,1,0.914285714285714,0,0,0,0,,0,0
00-0035202,D.Phillips,Del'Shawn Phillips,LB,LB,"https://static.www.nfl.com/image/upload/f_auto,q_auto/league/plnsixu8jpozw1grxuvc",2023,REG,BAL,7,0,0,0,0,0,0,0,0,0,0,0,0,,,0,,0,0,0,0,0,0,,0,0,0,0,0,0,0,0,0,0,,0,,0,0,0,0,9,2,13,1,4,1,0,0,0,0,0,0,0,0,0,0,0,0,1,1,0,0,0,0,0,0,0,0,0,0,0,,,0,0,0,0,0,0,0,0,0,0,0,0,,,,0,0,0,0,0,0,0,,0,0,0,0,,0,0
00-0035208,O.Zaccheaus,Olamide Zaccheaus,WR,WR,"https://static.www.nfl.com/image/upload/f_auto,q_auto/league/ucpai2odeunecbe6o1dj",2023,REG,PHI,11,0,0,0,0,0,0,0,0,0,0,0,0,,,0,,0,0,0,0,0,0,,0,10,20,164,2,0,0,207,52,7,11.0922713035252,0,0.792270531400966,0.0380952380952381,0.0427332782824112,0.087056151940545,0,1,0,0,0,0,0,0,0,0,0,0,0,0,0,0,0,0,0,0,0,0,0,0,0,0,1,7,0,0,0,0,,,0,0,0,0,0,0,0,0,0,0,0,0,,,,0,0,0,0,0,0,0,,0,0,0,0,,28.4,38.4
00-0035215,D.Harty,Deonte Harty,WR,WR,"https://static.www.nfl.com/image/upload/f_auto,q_auto/league/fh7rbtvohdkaacqaxqke",2023,REG,BUF,16,0,0,0,0,0,0,0,0,0,0,0,0,,,0,,4,0,0,0,0,0,-2.52056689443998,0,15,21,150,1,0,0,227,79,9,6.18557996389233,0,0.66079295154185,0.0385321100917431,0.0452011150935882,0.0894389457031264,1,1,0,0,0,0,0,0,0,0,0,0,0,0,3,0,0,0,0,0,0,0,0,0,26,323,1,7,0,0,0,0,,,0,0,0,0,0,0,0,0,0,0,0,0,,,,0,0,0,0,0,0,0,,0,0,0,0,,27,42
00-0035216,D.Johnson,Diontae Johnson,WR,WR,"https://static.www.nfl.com/image/upload/f_auto,q_auto/league/rjtil6ilydmwoy0btlt7",2023,REG,PIT,13,0,0,0,0,0,0,0,0,0,0,0,0,,,0,,0,0,0,0,0,0,,0,51,87,717,5,1,0,1106,261,37,25.9781533297791,0,0.648282097649186,0.179752066115703,0.29220607661823,0.474172352806315,0,1,0,0,0,0,0,0,0,0,0,0,0,0,0,0,0,0,0,0,0,0,3,20,0,0,0,0,0,0,0,0,,,0,0,0,0,0,0,0,0,0,0,0,0,,,,0,0,0,0,0,0,0,,0,0,0,0,,101.7,152.7
00-0035219,I.Buggs,Isaiah Buggs,DT,DL,"https://static.www.nfl.com/image/private/f_auto,q_auto/league/fpx9zf3ok9xhrergynxi",2023,REG,DET,7,0,0,0,0,0,0,0,0,0,0,0,0,,,0,,0,0,0,0,0,0,,0,0,0,0,0,0,0,0,0,0,,0,,0,0,0,0,3,4,5,1,6,0,1,6,1,0,0,1,0,0,0,0,0,0,1,1,0,0,0,0,0,0,0,0,0,0,0,,,0,0,0,0,0,0,0,0,0,0,0,0,,,,0,0,0,0,0,0,0,,0,0,0,0,,0,0
00-0035227,P.Locke,P.J. Locke,SAF,DB,"https://static.www.nfl.com/image/upload/f_auto,q_auto/league/ojoaoxeadc6x0iekj3my",2023,REG,DEN,10,0,0,0,0,0,0,0,0,0,0,0,0,,,0,,0,0,0,0,0,0,,0,0,0,0,0,0,0,0,0,0,,0,,0,0,0,0,32,1,20,2,13,2,3,34,3,1,14,5,0,0,0,0,0,0,0,0,0,2,11,0,0,0,0,0,0,0,0,,,0,0,0,0,0,0,0,0,0,0,0,0,,,,0,0,0,0,0,0,0,,0,0,0,0,,0,0
00-0035228,K.Murray,Kyler Murray,QB,QB,"https://static.www.nfl.com/image/upload/f_auto,q_auto/league/flezsremqighwuiyu77f",2023,REG,ARI,8,176,268,1799,10,5,18,-119,2,0,1935,977,89,-16.6664690754762,-2.2770895928372,1,0.929715762273902,44,244,3,5,0,17,6.73788434791838,0,0,0,0,0,0,0,0,0,0,,0,,0,0,0,0,1,0,0,0,0,0,0,0,0,0,0,0,0,0,0,0,1,3,0,0,0,1,5,0,0,0,0,0,0,0,0,,,0,0,0,0,0,0,0,0,0,0,0,0,,,,0,0,0,0,0,0,0,,0,0,0,0,,146.36,146.36
00-0035229,T.Hockenson,T.J. Hockenson,TE,TE,"https://static.www.nfl.com/image/upload/f_auto,q_auto/league/rs8o65x0u0n9xzde0fd6",2023,REG,MIN,15,0,0,0,0,0,0,0,0,0,0,0,0,,,0,,0,0,0,0,0,0,,0,95,127,960,5,1,1,976,336,48,31.8228879730231,0,0.983606557377049,0.20957095709571,0.197971602434077,0.452936557347418,0,1,0,0,0,0,0,0,0,0,0,0,0,0,0,0,0,0,0,0,0,0,3,20,0,0,0,0,0,0,0,0,,,0,0,0,0,0,0,0,0,0,0,0,0,,,,0,0,0,0,0,0,0,,0,0,0,0,,124,219
00-0035230,E.Oliver,Ed Oliver,DT,DL,"https://static.www.nfl.com/image/upload/f_auto,q_auto/league/wqmheiax6xnk7pvcdzav",2023,REG,BUF,16,0,0,0,0,0,0,0,0,0,0,0,0,,,0,,0,0,0,0,0,0,,0,0,0,0,0,0,0,0,0,0,,0,,0,0,0,0,25,9,17,10,58,0,9.5,64,16,1,0,3,0,0,0,0,0,0,0,0,0,5,32,0,0,0,0,0,0,0,0,,,0,0,0,0,0,0,0,0,0,0,0,0,,,,0,0,0,0,0,0,0,,0,0,0,0,,0,0
00-0035231,C.Wilkins,Christian Wilkins,DT,DL,"https://static.www.nfl.com/image/upload/f_auto,q_auto/league/ogy5fqw1xsut7lcxffyw",2023,REG,MIA,17,0,0,0,0,0,0,0,0,0,0,0,0,,,0,,0,0,0,0,0,0,,0,0,0,0,0,0,0,0,0,0,,0,,0,0,0,0,29,9,27,8,59,1,9,71,23,0,0,2,0,0,0,0,0,0,2,2,0,6,50,0,0,0,0,0,0,0,0,,,0,0,0,0,0,0,0,0,0,0,0,0,,,,0,0,0,0,0,0,0,,0,0,0,0,,0,0
00-0035233,A.Dillard,Andre Dillard,OT,OL,"https://static.www.nfl.com/image/upload/f_auto,q_auto/league/zjva2yhlkarduzaqqrxm",2023,REG,TEN,4,0,0,0,0,0,0,0,0,0,0,0,0,,,0,,0,0,0,0,0,0,,0,0,0,0,0,0,0,0,0,0,,0,,0,0,0,0,0,0,0,0,0,0,0,0,0,0,0,0,0,0,0,0,0,0,0,0,0,4,25,0,0,0,0,0,0,0,0,,,0,0,0,0,0,0,0,0,0,0,0,0,,,,0,0,0,0,0,0,0,,0,0,0,0,,0,0
00-0035234,T.Howard,Tytus Howard,OT,OL,"https://static.www.nfl.com/image/upload/f_auto,q_auto/league/dsxhasekno62of0prulo",2023,REG,HOU,1,0,0,0,0,0,0,0,0,0,0,0,0,,,0,,0,0,0,0,0,0,,0,0,0,0,0,0,0,0,0,0,,0,,0,0,0,0,0,0,0,0,0,0,0,0,0,0,0,0,0,0,0,0,0,0,1,1,0,0,0,0,0,0,0,0,0,0,0,,,0,0,0,0,0,0,0,0,0,0,0,0,,,,0,0,0,0,0,0,0,,0,0,0,0,,0,0
00-0035235,K.McGary,Kaleb McGary,OT,OL,"https://static.www.nfl.com/image/upload/f_auto,q_auto/league/qomzib0zc5muqcj4yeuh",2023,REG,ATL,3,0,0,0,0,0,0,0,0,0,0,0,0,,,0,,0,0,0,0,0,0,,0,0,0,0,0,0,0,0,0,0,,0,,0,0,0,0,1,0,0,0,0,0,0,0,0,0,0,0,0,0,0,0,0,0,0,0,0,2,20,0,0,0,0,0,0,0,0,,,0,0,0,0,0,0,0,0,0,0,0,0,,,,0,0,0,0,0,0,0,,0,0,0,0,,0,0
00-0035236,B.Murphy,Byron Murphy,CB,DB,"https://static.www.nfl.com/image/upload/f_auto,q_auto/league/secfzfwznyhcgiow4rvq",2023,REG,MIN,14,0,0,0,0,0,0,0,0,0,0,0,0,,,0,,0,0,0,0,0,0,,0,0,0,0,0,0,0,0,0,0,,0,,0,0,0,0,42,1,14,4,10,1,0,0,0,3,59,13,0,1,0,0,1,1,0,0,0,2,8,0,0,0,0,0,0,0,0,,,0,0,0,0,0,0,0,0,0,0,0,0,,,,0,0,0,0,0,0,0,,0,0,0,0,,0,0
00-0035237,J.Taylor,Jawaan Taylor,OT,OL,"https://static.www.nfl.com/image/upload/f_auto,q_auto/league/honwntzfepzenss8uqhw",2023,REG,KC,10,0,0,0,0,0,0,0,0,0,0,0,0,,,0,,0,0,0,0,0,0,,0,0,0,0,0,0,0,0,0,0,,0,,0,0,0,0,0,0,0,0,0,0,0,0,0,0,0,0,0,0,0,0,0,0,0,0,0,17,115,0,0,0,0,0,0,0,0,,,0,0,0,0,0,0,0,0,0,0,0,0,,,,0,0,0,0,0,0,0,,0,0,0,0,,0,0
00-0035239,S.Murphy-Bunting,Sean Murphy-Bunting,CB,DB,"https://static.www.nfl.com/image/upload/f_auto,q_auto/league/ddyearvwzjb4jmunqlei",2023,REG,TEN,14,0,0,0,0,0,0,0,0,0,0,0,0,,,0,,0,0,0,0,0,0,,0,0,0,0,0,0,0,0,0,0,,0,,0,0,0,0,38,4,15,3,10,2,0,0,0,2,12,8,0,0,0,0,0,0,1,1,0,10,77,0,0,0,0,0,0,0,0,,,0,0,0,0,0,0,0,0,0,0,0,0,,,,0,0,0,0,0,0,0,,0,0,0,0,,0,0
00-0035240,Ja.Tavai,Jahlani Tavai,LB,LB,"https://static.www.nfl.com/image/upload/f_auto,q_auto/league/srlewkb9utcfby1x0bhh",2023,REG,NE,17,0,0,0,0,0,0,0,0,0,0,0,0,,,0,,0,0,0,0,0,0,,0,0,0,0,0,0,0,0,0,0,,0,,0,0,0,0,44,21,45,4,16,2,1,9,4,2,2,5,0,2,0,0,0,0,0,0,0,2,30,0,0,0,0,0,0,0,0,,,0,0,0,0,0,0,0,0,0,0,0,0,,,,0,0,0,0,0,0,0,,0,0,0,0,,0,0
00-0035241,J.Williams,Joejuan Williams,CB,DB,"https://static.www.nfl.com/image/private/f_auto,q_auto/league/xvd6nmxdr9hf0ohkyxhn",2023,REG,MIN,4,0,0,0,0,0,0,0,0,0,0,0,0,,,0,,0,0,0,0,0,0,,0,0,0,0,0,0,0,0,0,0,,0,,0,0,0,0,1,0,1,0,0,0,0,0,0,0,0,2,0,0,0,0,0,0,0,0,0,2,27,0,0,0,0,0,0,0,0,,,0,0,0,0,0,0,0,0,0,0,0,0,,,,0,0,0,0,0,0,0,,0,0,0,0,,0,0
00-0035242,E.McCoy,Erik McCoy,C,OL,"https://static.www.nfl.com/image/upload/f_auto,q_auto/league/w5kp02xeo5pg9shcddoz",2023,REG,NO,5,0,0,0,0,0,0,0,0,0,0,0,0,,,0,,0,0,0,0,0,0,,0,0,0,0,0,0,0,0,0,0,,0,,0,0,0,0,1,0,0,0,0,0,0,0,0,0,0,0,0,0,0,0,0,0,0,0,0,5,29,0,0,0,0,0,0,0,0,,,0,0,0,0,0,0,0,0,0,0,0,0,,,,0,0,0,0,0,0,0,,0,0,0,0,,0,0
00-0035243,M.Sanders,Miles Sanders,RB,RB,"https://static.www.nfl.com/image/upload/f_auto,q_auto/league/niyjjkzmxjmesftgjs8y",2023,REG,CAR,16,0,0,0,0,0,0,0,0,0,0,0,0,,,0,,129,432,1,2,2,24,-30.5452764339861,0,27,41,154,0,0,0,23,158,8,-9.62243970283503,0,6.69565217391304,0.0767790262172285,0.00513163766175814,0.118760685689073,0,0,0,0,0,0,0,0,0,0,0,0,0,0,0,0,0,1,1,0,0,0,0,0,0,0,0,0,0,0,0,0,,,0,0,0,0,0,0,0,0,0,0,0,0,,,,0,0,0,0,0,0,0,,0,0,0,0,,60.6,87.6
00-0035244,L.Johnson,Lonnie Johnson,SAF,DB,"https://static.www.nfl.com/image/upload/f_auto,q_auto/league/a25iox2kpt2faeivak0g",2023,REG,NO,10,0,0,0,0,0,0,0,0,0,0,0,0,,,0,,0,0,0,0,0,0,,0,0,0,0,0,0,0,0,0,0,,0,,0,0,0,0,6,2,1,0,0,0,0,0,0,1,0,2,0,0,0,0,0,0,1,1,0,2,20,0,0,0,0,0,0,0,0,,,0,0,0,0,0,0,0,0,0,0,0,0,,,,0,0,0,0,0,0,0,,0,0,0,0,,0,0
00-0035248,Z.Allen,Zach Allen,DE,DL,"https://static.www.nfl.com/image/upload/f_auto,q_auto/league/alnctfzlh2giup65i5zt",2023,REG,DEN,17,0,0,0,0,0,0,0,0,0,0,0,0,,,0,,0,0,0,0,0,0,,0,0,0,0,0,0,0,0,0,0,,0,,0,0,0,0,23,4,33,6,30,1,5,44.5,24,0,0,1,0,0,0,0,0,0,0,0,0,1,5,0,0,0,0,0,0,0,0,,,0,0,0,0,0,0,0,0,0,0,0,0,,,,0,0,0,0,0,0,0,,0,0,0,0,,0,0
00-0035249,J.Oliver,Josh Oliver,TE,TE,"https://static.www.nfl.com/image/upload/f_auto,q_auto/league/pfvhbfguzu6wv9ikluop",2023,REG,MIN,13,0,0,0,0,0,0,0,0,0,0,0,0,,,0,,0,0,0,0,0,0,,0,22,28,213,2,1,1,72,162,12,4.2262307392084,0,2.95833333333333,0.0462046204620462,0.014604462474645,0.0795300544253208,0,1,0,0,0,0,0,0,0,0,0,0,0,0,0,0,0,0,0,0,0,0,4,40,0,0,0,0,0,0,0,0,,,0,0,0,0,0,0,0,0,0,0,0,0,,,,0,0,0,0,0,0,0,,0,0,0,0,,31.3,53.3
00-0035250,D.Singletary,Devin Singletary,RB,RB,"https://static.www.nfl.com/image/upload/f_auto,q_auto/league/wqw8ee4nsxsisqb3bagw",2023,REG,HOU,17,1,1,6,1,0,0,0,0,0,6,0,1,1.84229658805998,69.2370086908341,0,1,216,898,4,1,0,43,-16.579682316013,0,30,38,193,0,0,0,5,223,7,-5.25356204787205,0,38.6,0.0671378091872792,0.000965810314854163,0.101382781001317,0,1,0,1,0,0,0,0,0,0,0,0,0,0,0,0,0,1,1,0,0,0,0,0,0,0,4,90,0,0,0,0,,,0,0,0,0,0,0,0,0,0,0,0,0,,,,0,0,0,0,0,0,0,,0,0,0,0,,137.34,167.34
00-0035253,C.Gardner-Johnson,C.J. Gardner-Johnson,SAF,DB,"https://static.www.nfl.com/image/upload/f_auto,q_auto/league/lgbewdwm0p4wnwfbcock",2023,REG,DET,3,0,0,0,0,0,0,0,0,0,0,0,0,,,0,,0,0,0,0,0,0,,0,0,0,0,0,0,0,0,0,0,,0,,0,0,0,0,15,1,1,0,0,0,0,0,0,1,0,3,0,0,0,0,0,0,0,0,0,1,5,0,0,0,0,0,0,0,0,,,0,0,0,0,0,0,0,0,0,0,0,0,,,,0,0,0,0,0,0,0,,0,0,0,0,,0,0
00-0035254,A.Nelson,Anthony Nelson,LB,LB,"https://static.www.nfl.com/image/upload/f_auto,q_auto/league/p7ot8uy26tblyhgpwcdv",2023,REG,TB,13,0,0,0,0,0,0,0,0,0,0,0,0,,,0,,0,0,0,0,0,0,,0,0,0,0,0,0,0,0,0,0,,0,,0,0,0,0,17,4,19,5,20,0,3,18,6,0,0,1,0,0,0,0,0,0,0,0,0,1,14,0,0,0,0,0,0,0,0,,,0,0,0,0,0,0,0,0,0,0,0,0,,,,0,0,0,0,0,0,0,,0,0,0,0,,0,0
00-0035255,K.Sheffield,Kendall Sheffield,DB,DB,"https://static.www.nfl.com/image/upload/f_auto,q_auto/league/ukj6kbovqjqrinpgeysa",2023,REG,SF,2,0,0,0,0,0,0,0,0,0,0,0,0,,,0,,0,0,0,0,0,0,,0,0,0,0,0,0,0,0,0,0,,0,,0,0,0,0,3,1,0,1,4,0,0,0,0,0,0,0,0,0,0,0,0,0,0,0,0,0,0,0,0,0,0,0,0,0,0,,,0,0,0,0,0,0,0,0,0,0,0,0,,,,0,0,0,0,0,0,0,,0,0,0,0,,0,0
00-0035258,H.Froholdt,Hjalte Froholdt,C,OL,"https://static.www.nfl.com/image/upload/f_auto,q_auto/league/w29pfmjsyr2ylmbvedol",2023,REG,ARI,8,0,0,0,0,0,0,0,0,0,0,0,0,,,0,,0,0,0,0,0,0,,0,0,0,0,0,0,0,0,0,0,,0,,0,0,0,0,0,0,0,0,0,0,0,0,0,0,0,0,0,0,0,0,1,2,0,0,0,8,55,0,0,0,0,0,0,0,0,,,0,0,0,0,0,0,0,0,0,0,0,0,,,,0,0,0,0,0,0,0,,0,0,0,0,,0,0
00-0035259,T.Wesco,Trevon Wesco,TE,TE,"https://static.www.nfl.com/image/private/f_auto,q_auto/league/ptq3iidy6uyg3f31gjl5",2023,REG,TEN,6,0,0,0,0,0,0,0,0,0,0,0,0,,,0,,0,0,0,0,0,0,,0,1,3,21,0,0,0,13,12,1,0.160237943520769,0,1.61538461538462,0.00627615062761506,0.00284526154519589,0.0114059090230597,0,0,0,0,0,0,0,0,0,0,0,0,0,0,0,0,0,0,0,0,0,0,4,25,0,0,0,0,0,0,0,0,,,0,0,0,0,0,0,0,0,0,0,0,0,,,,0,0,0,0,0,0,0,,0,0,0,0,,2.1,3.1
00-0035261,T.Pollard,Tony Pollard,RB,RB,"https://static.www.nfl.com/image/upload/f_auto,q_auto/league/dvpdczetkdhrqpm8izmd",2023,REG,DAL,17,0,0,0,0,0,0,0,0,0,0,0,0,,,0,,252,1005,6,1,1,60,-16.8081711650824,1,55,67,311,0,2,0,27,321,12,-4.40546184104287,0,11.5185185185185,0.110743801652893,0.00563204005006258,0.170058130514383,0,0,0,0,0,0,0,0,0,0,0,0,0,0,0,0,0,0,0,0,0,0,0,0,0,0,0,0,0,0,0,0,,,0,0,0,0,0,0,0,0,0,0,0,0,,,,0,0,0,0,0,0,0,,0,0,0,0,,167.6,222.6
00-0035262,D.Tranquill,Drue Tranquill,LB,LB,"https://static.www.nfl.com/image/upload/f_auto,q_auto/league/azjrwh0rdddskgckydsq",2023,REG,KC,15,0,0,0,0,0,0,0,0,0,0,0,0,,,0,,0,0,0,0,0,0,,0,0,0,0,0,0,0,0,0,0,,0,,0,0,0,0,50,4,25,6,28,2,4.5,19,7,0,0,1,0,0,0,0,0,0,0,0,0,0,0,0,0,0,0,0,0,0,0,,,0,0,0,0,0,0,0,0,0,0,0,0,,,,0,0,0,0,0,0,0,,0,0,0,0,,0,0
00-0035264,J.Stidham,Jarrett Stidham,QB,QB,"https://static.www.nfl.com/image/upload/f_auto,q_auto/league/hlq7q7zkusdhmudwbodl",2023,REG,DEN,2,40,66,496,2,1,7,-46,0,0,565,334,19,5.05342119600567,-3.7116197568755,0,0.87787610619469,9,8,0,1,0,2,-5.14247380942106,0,0,0,0,0,0,0,0,0,0,,0,,0,0,0,0,0,0,0,0,0,0,0,0,0,0,0,0,0,0,0,0,1,2,0,0,0,0,0,0,0,0,0,0,0,0,0,,,0,0,0,0,0,0,0,0,0,0,0,0,,,,0,0,0,0,0,0,0,,0,0,0,0,,26.64,26.64
00-0035265,J.Cominsky,John Cominsky,DE,DL,"https://static.www.nfl.com/image/upload/f_auto,q_auto/league/zmuz0sxgahnwann1ztyg",2023,REG,DET,15,0,0,0,0,0,0,0,0,0,0,0,0,,,0,,0,0,0,0,0,0,,0,0,0,0,0,0,0,0,0,0,,0,,0,0,0,0,12,2,22,2,16,0,2,16,8,0,0,1,0,0,0,0,0,0,0,0,0,0,0,0,0,0,0,0,0,0,0,,,0,0,0,0,0,0,0,0,0,0,0,0,,,,0,0,0,0,0,0,0,,0,0,0,0,,0,0
00-0035269,M.Gay,Matt Gay,K,SPEC,"https://static.www.nfl.com/image/upload/f_auto,q_auto/league/qeca8ofwxhytcioy29wc",2023,REG,IND,17,0,0,0,0,0,0,0,0,0,0,0,0,,,0,,0,0,0,0,0,0,,0,0,0,0,0,0,0,0,0,0,,0,,0,0,0,0,1,0,0,0,0,0,0,0,0,0,0,0,0,0,0,0,0,0,0,0,0,0,0,0,0,0,0,33,41,7,1,57,0.804878048780488,0,9,9,7,8,0,0,0,1,2,4,0,42;31;54;53;53;53;43;35;28;28;56;27;20;42;26;57;51;46;36;23;46;23;28;29;31;42;33;38;33;45;38;52;35,47;57;58;38;56;43;57,60,1277,356,60,35,36,1,0,0.972222222222222,1,1,0,0,53,0,0
00-0035272,A.Van Ginkel,Andrew Van Ginkel,OLB,LB,"https://static.www.nfl.com/image/upload/f_auto,q_auto/league/vbpdlib647tcpzz59wyt",2023,REG,MIA,17,0,0,0,0,0,0,0,0,0,0,0,0,,,0,,0,0,0,0,0,0,,0,0,0,0,0,0,0,0,0,0,,0,,0,0,0,0,31,11,27,8,39,0,6,37.5,19,1,33,8,1,0,0,0,0,0,1,1,0,1,10,0,0,0,0,0,0,0,0,,,0,0,0,0,0,0,0,0,0,0,0,0,,,,0,0,0,0,0,0,0,,0,0,0,0,,0,0
00-0035276,B.Cashman,Blake Cashman,LB,LB,"https://static.www.nfl.com/image/upload/f_auto,q_auto/league/mvui8tjkoewkupyncbok",2023,REG,HOU,13,0,0,0,0,0,0,0,0,0,0,0,0,,,0,,0,0,0,0,0,0,,0,0,0,0,0,0,0,0,0,0,,0,,0,0,0,0,40,16,50,5,24,0,2,16,5,1,0,5,0,0,0,0,0,0,1,1,0,0,0,0,0,0,0,0,0,0,0,,,0,0,0,0,0,0,0,0,0,0,0,0,,,,0,0,0,0,0,0,0,,0,0,0,0,,0,0
00-0035277,M.Jackson,Mike Jackson,CB,DB,"https://static.www.nfl.com/image/upload/f_auto,q_auto/league/cqvxm9n1ncjq7hd2dtqb",2023,REG,SEA,11,0,0,0,0,0,0,0,0,0,0,0,0,,,0,,0,0,0,0,0,0,,0,0,0,0,0,0,0,0,0,0,,0,,0,0,0,0,22,6,6,1,3,0,0,0,0,0,0,5,0,0,0,10,0,0,0,0,0,0,0,0,0,0,0,0,0,0,0,,,0,0,0,0,0,0,0,0,0,0,0,0,,,,0,0,0,0,0,0,0,,0,0,0,0,,0,0
00-0035279,C.Omenihu,Charles Omenihu,DE,DL,"https://static.www.nfl.com/image/upload/f_auto,q_auto/league/eqdzy6rghyb0sywwbd8i",2023,REG,KC,11,0,0,0,0,0,0,0,0,0,0,0,0,,,0,,0,0,0,0,0,0,,0,0,0,0,0,0,0,0,0,0,,0,,0,0,0,0,16,2,10,5,34,2,7,49,11,0,0,2,0,0,0,0,0,0,0,0,0,1,5,0,0,0,0,0,0,0,0,,,0,0,0,0,0,0,0,0,0,0,0,0,,,,0,0,0,0,0,0,0,,0,0,0,0,,0,0
00-0035280,J.Bailey,Jake Bailey,P,SPEC,"https://static.www.nfl.com/image/upload/f_auto,q_auto/league/xgqo8pwrwqtmfhoaproq",2023,REG,MIA,17,0,0,0,0,0,0,0,0,0,0,0,0,,,0,,0,0,0,0,0,0,,0,0,0,0,0,0,0,0,0,0,,0,,0,0,0,0,0,0,0,0,0,0,0,0,0,0,0,0,0,0,0,0,0,0,0,0,0,0,0,0,0,0,0,0,0,0,0,,,0,0,0,0,0,0,0,0,0,0,0,0,,,,0,0,0,0,0,0,0,,0,0,0,0,,0,0
00-0035282,E.Stick,Easton Stick,QB,QB,"https://static.www.nfl.com/image/upload/f_auto,q_auto/league/xnf9udjxld0xenf4zagy",2023,REG,LAC,5,111,174,1129,3,1,14,-122,5,4,1204,581,53,-34.0119861157923,-4.8076927221033,0,0.937707641196013,27,144,1,0,0,11,8.03756701856037,0,0,0,0,0,0,0,0,0,0,,0,,0,0,0,0,0,0,0,0,0,0,0,0,0,0,0,0,0,0,0,0,0,0,0,0,0,0,0,0,0,0,0,0,0,0,0,,,0,0,0,0,0,0,0,0,0,0,0,0,,,,0,0,0,0,0,0,0,,0,0,0,0,,67.56,67.56
00-0035286,C.Holcomb,Cole Holcomb,LB,LB,"https://static.www.nfl.com/image/upload/f_auto,q_auto/league/hhhvsv4sv9zreuedr7lj",2023,REG,PIT,8,0,0,0,0,0,0,0,0,0,0,0,0,,,0,,0,0,0,0,0,0,,0,0,0,0,0,0,0,0,0,0,,0,,0,0,0,0,24,7,23,2,3,2,0,0,2,0,0,2,0,0,0,0,0,0,1,1,0,1,5,0,0,0,0,0,0,0,0,,,0,0,0,0,0,0,0,0,0,0,0,0,,,,0,0,0,0,0,0,0,,0,0,0,0,,0,0
00-0035289,G.Minshew,Gardner Minshew,QB,QB,"https://static.www.nfl.com/image/upload/f_auto,q_auto/league/lggwtoj1m0jxxiawtzpw",2023,REG,IND,16,305,490,3305,15,9,34,-187,6,5,3579,1566,147,-6.59270655365336,-3.27656504928425,2,0.923442302319084,34,100,3,0,0,7,-2.77566413755994,0,0,0,0,0,0,0,0,0,0,,0,,0,0,0,0,0,0,0,0,0,0,0,0,0,0,0,0,0,0,0,0,2,2,0,0,0,0,0,0,0,0,0,0,0,0,0,,,0,0,0,0,0,0,0,0,0,0,0,0,,,,0,0,0,0,0,0,0,,0,0,0,0,,196.2,196.2
00-0035291,T.Williams,Trayveon Williams,RB,RB,"https://static.www.nfl.com/image/upload/f_auto,q_auto/league/zwei0idpruplnhlmpfkr",2023,REG,CIN,16,0,0,0,0,0,0,0,0,0,0,0,0,,,0,,15,69,0,0,0,2,-2.09436621592613,0,7,9,10,0,0,0,-28,35,0,-7.62727605822747,0,-0.357142857142857,0.0152027027027027,-0.0072202166064982,0.0177499024295053,0,2,1,0,0,0,0,0,0,0,0,0,0,0,0,0,0,0,0,0,0,0,0,0,0,0,12,290,0,0,0,0,,,0,0,0,0,0,0,0,0,0,0,0,0,,,,0,0,0,0,0,0,0,,0,0,0,0,,7.9,14.9
00-0035292,D.Long,David Long Jr.,ILB,LB,"https://static.www.nfl.com/image/upload/f_auto,q_auto/league/h6g8cn2jt1rvuvkyvmkp",2023,REG,MIA,17,0,0,0,0,0,0,0,0,0,0,0,0,,,0,,0,0,0,0,0,0,,0,0,0,0,0,0,0,0,0,0,,0,,0,0,0,0,48,16,49,7,20,1,1,9,6,0,0,1,0,0,0,0,0,0,0,0,0,1,5,0,0,0,0,0,0,0,0,,,0,0,0,0,0,0,0,0,0,0,0,0,,,,0,0,0,0,0,0,0,,0,0,0,0,,0,0
00-0035298,S.Miller,Scott Miller,WR,WR,"https://static.www.nfl.com/image/upload/f_auto,q_auto/league/mlx2xhjvzt6pqwgoloqa",2023,REG,ATL,11,0,0,0,0,0,0,0,0,0,0,0,0,,,0,,0,0,0,0,0,0,,0,11,16,161,2,0,0,195,80,6,8.59296069160337,0,0.825641025641026,0.031496062992126,0.0448791714614499,0.0786595145112039,0,1,0,1,0,0,0,0,0,0,0,0,0,0,0,0,0,0,0,0,0,0,0,0,1,4,1,14,0,0,0,0,,,0,0,0,0,0,0,0,0,0,0,0,0,,,,0,0,0,0,0,0,0,,0,0,0,0,,28.1,39.1
00-0035301,D.Wilson,Donovan Wilson,SAF,DB,"https://static.www.nfl.com/image/upload/f_auto,q_auto/league/fl10d0bhrvfrqkjamcgp",2023,REG,DAL,15,0,0,0,0,0,0,0,0,0,0,0,0,,,0,,0,0,0,0,0,0,,0,0,0,0,0,0,0,0,0,0,,0,,0,0,0,0,45,10,33,2,9,1,0,0,1,2,0,3,0,0,0,0,0,0,2,2,0,4,38,0,0,0,0,0,0,0,0,,,0,0,0,0,0,0,0,0,0,0,0,0,,,,0,0,0,0,0,0,0,,0,0,0,0,,0,0
00-0035316,K.Elliss,Kaden Elliss,LB,LB,"https://static.www.nfl.com/image/upload/f_auto,q_auto/league/b7jmlakbznkeusvsztgo",2023,REG,ATL,17,0,0,0,0,0,0,0,0,0,0,0,0,,,0,,0,0,0,0,0,0,,0,0,0,0,0,0,0,0,0,0,,0,,0,0,0,0,67,15,40,6,39,0,4,36,6,0,0,3,0,0,0,0,0,0,0,0,0,2,20,0,0,0,0,0,0,0,0,,,0,0,0,0,0,0,0,0,0,0,0,0,,,,0,0,0,0,0,0,0,,0,0,0,0,,0,0
00-0035328,M.Nelson,Matt Nelson,OT,OL,"https://static.www.nfl.com/image/upload/f_auto,q_auto/league/akzyyzceelnt2nkblgb2",2023,REG,DET,1,0,0,0,0,0,0,0,0,0,0,0,0,,,0,,0,0,0,0,0,0,,0,0,0,0,0,0,0,0,0,0,,0,,0,0,0,0,0,0,0,0,0,0,0,0,0,0,0,0,0,0,0,0,0,0,0,0,0,1,15,0,0,0,0,0,0,0,0,,,0,0,0,0,0,0,0,0,0,0,0,0,,,,0,0,0,0,0,0,0,,0,0,0,0,,0,0
00-0035329,D.Parham,Donald Parham,TE,TE,"https://static.www.nfl.com/image/upload/f_auto,q_auto/league/v4ryz7edi35hnbogbqjt",2023,REG,LAC,14,0,0,0,0,0,0,0,0,0,0,0,0,,,0,,0,0,0,0,0,0,,0,27,41,285,4,0,0,306,126,22,18.289647645852,0,0.931372549019608,0.0667752442996743,0.0646524403126981,0.1454195746684,0,1,0,0,0,0,0,0,0,0,0,0,0,0,0,0,0,0,0,0,0,0,2,10,0,0,0,0,0,0,0,0,,,0,0,0,0,0,0,0,0,0,0,0,0,,,,0,0,0,0,0,0,0,,0,0,0,0,,52.5,79.5
00-0035330,A.Pittman,Anthony Pittman,LB,LB,"https://static.www.nfl.com/image/upload/f_auto,q_auto/league/eitmt82nhdoeyeemklmi",2023,REG,DET,3,0,0,0,0,0,0,0,0,0,0,0,0,,,0,,0,0,0,0,0,0,,0,0,0,0,0,0,0,0,0,0,,0,,0,0,0,0,1,1,2,0,0,0,0,0,0,0,0,0,0,0,0,0,0,0,0,0,0,1,10,0,0,0,0,0,0,0,0,,,0,0,0,0,0,0,0,0,0,0,0,0,,,,0,0,0,0,0,0,0,,0,0,0,0,,0,0
00-0035334,K.Strong,Kevin Strong,DT,DL,"https://static.www.nfl.com/image/private/f_auto,q_auto/league/ayepxrrynzz6cnxf5xco",2023,REG,ARI,14,0,0,0,0,0,0,0,0,0,0,0,0,,,0,,0,0,0,0,0,0,,0,0,0,0,0,0,0,0,0,0,,0,,0,0,0,0,18,7,21,3,23,0,2.5,25,3,0,0,1,0,0,0,0,0,0,1,1,0,1,6,0,0,0,0,0,0,0,0,,,0,0,0,0,0,0,0,0,0,0,0,0,,,,0,0,0,0,0,0,0,,0,0,0,0,,0,0
00-0035341,T.Irwin,Trenton Irwin,WR,WR,"https://static.www.nfl.com/image/upload/f_auto,q_auto/league/xqipuwaysjsl9xhtqblt",2023,REG,CIN,12,0,0,0,0,0,0,0,0,0,0,0,0,,,0,,0,0,0,0,0,0,,0,25,32,316,1,1,0,337,110,16,19.3666523989078,0,0.937685459940653,0.0540540540540541,0.0869004641567818,0.141911405990828,0,2,0,0,0,0,0,0,0,0,0,0,0,0,1,0,0,0,0,0,0,0,0,0,10,98,1,8,0,0,0,0,,,0,0,0,0,0,0,0,0,0,0,0,0,,,,0,0,0,0,0,0,0,,0,0,0,0,,37.6,62.6
00-0035343,J.Ledbetter,Jonathan Ledbetter,DE,DL,"https://static.www.nfl.com/image/private/f_auto,q_auto/league/vipmbrcixn2huexfkobd",2023,REG,ARI,12,0,0,0,0,0,0,0,0,0,0,0,0,,,0,,0,0,0,0,0,0,,0,0,0,0,0,0,0,0,0,0,,0,,0,0,0,0,17,4,25,0,0,0,1.5,3,4,0,0,0,0,0,0,0,0,0,0,0,0,2,20,0,0,0,0,0,0,0,0,,,0,0,0,0,0,0,0,0,0,0,0,0,,,,0,0,0,0,0,0,0,,0,0,0,0,,0,0
00-0035346,N.Needham,Nik Needham,DB,DB,"https://static.www.nfl.com/image/upload/f_auto,q_auto/league/ighdnxkcrnsue00m74ay",2023,REG,MIA,5,0,0,0,0,0,0,0,0,0,0,0,0,,,0,,0,0,0,0,0,0,,0,0,0,0,0,0,0,0,0,0,,0,,0,0,0,0,4,0,3,0,0,0,0,0,0,0,0,0,0,0,0,0,0,0,0,0,0,1,5,0,0,0,0,0,0,0,0,,,0,0,0,0,0,0,0,0,0,0,0,0,,,,0,0,0,0,0,0,0,,0,0,0,0,,0,0
00-0035352,T.Dodson,Tyrel Dodson,LB,LB,"https://static.www.nfl.com/image/upload/f_auto,q_auto/league/ssfyc6yarlegh112xeoa",2023,REG,BUF,14,0,0,0,0,0,0,0,0,0,0,0,0,,,0,,0,0,0,0,0,0,,0,0,0,0,0,0,0,0,0,0,,0,,0,0,0,0,44,13,17,8,22,1,2.5,11,6,0,0,2,0,0,0,0,0,0,1,1,0,1,15,0,0,0,0,0,0,0,0,,,0,0,0,0,0,0,0,0,0,0,0,0,,,,0,0,0,0,0,0,0,,0,0,0,0,,0,0
00-0035355,B.Hance,Blake Hance,OL,OL,"https://static.www.nfl.com/image/upload/f_auto,q_auto/league/hdxdmuvnrlz3tykblysu",2023,REG,JAX,1,0,0,0,0,0,0,0,0,0,0,0,0,,,0,,0,0,0,0,0,0,,0,0,0,0,0,0,0,0,0,0,,0,,0,0,0,0,0,0,0,0,0,0,0,0,0,0,0,0,0,0,0,0,0,0,0,0,0,1,5,0,0,0,0,0,0,0,0,,,0,0,0,0,0,0,0,0,0,0,0,0,,,,0,0,0,0,0,0,0,,0,0,0,0,,0,0
00-0035357,C.Lewis,Cam Lewis,CB,DB,"https://static.www.nfl.com/image/upload/f_auto,q_auto/league/zjktx8s1xlcacohcfimq",2023,REG,BUF,12,0,0,0,0,0,0,0,0,0,0,0,0,,,0,,0,0,0,0,0,0,,0,0,0,0,0,0,0,0,0,0,,0,,0,0,0,0,15,2,4,1,4,0,0,0,0,0,0,2,0,0,0,0,0,0,0,0,0,1,10,0,0,0,0,0,0,0,0,,,0,0,0,0,0,0,0,0,0,0,0,0,,,,0,0,0,0,0,0,0,,0,0,0,0,,0,0
00-0035358,C.McLaughlin,Chase McLaughlin,K,SPEC,"https://static.www.nfl.com/image/upload/f_auto,q_auto/league/vwefhtevyn2qxauchan5",2023,REG,TB,17,0,0,0,0,0,0,0,0,0,0,0,0,,,0,,0,0,0,0,0,0,,0,0,0,0,0,0,0,0,0,0,,0,,0,0,0,0,0,0,0,0,0,0,0,0,0,0,0,0,0,0,0,0,0,0,0,0,0,0,0,0,0,0,0,29,31,0,2,57,0.935483870967742,0,8,12,2,7,0,0,0,0,0,0,0,36;57;26;25;33;51;28;33;36;24;36;57;35;49;55;25;35;21;24;55;38;39;46;24;31;51;36;57;39,,40;50,1102,0,90,33,33,0,0,1,0,0,0,0,,0,0
00-0035365,T.Hayes,Tae Hayes,DB,DB,"https://static.www.nfl.com/image/private/f_auto,q_auto/league/wldap37zq6plbefmntdn",2023,REG,NYJ,1,0,0,0,0,0,0,0,0,0,0,0,0,,,0,,0,0,0,0,0,0,,0,0,0,0,0,0,0,0,0,0,,0,,0,0,0,0,2,0,0,0,0,0,0,0,0,0,0,0,0,0,0,0,0,0,0,0,0,0,0,0,0,0,0,0,0,0,0,,,0,0,0,0,0,0,0,0,0,0,0,0,,,,0,0,0,0,0,0,0,,0,0,0,0,,0,0
00-0035378,A.Wingard,Andrew Wingard,SAF,DB,"https://static.www.nfl.com/image/upload/f_auto,q_auto/league/vumoaka528nab6au7caj",2023,REG,JAX,13,0,0,0,0,0,0,0,0,0,0,0,0,,,0,,0,0,0,0,0,0,,0,0,0,0,0,0,0,0,0,0,,0,,0,0,0,0,29,6,10,1,3,1,0,0,1,1,0,2,0,0,0,0,0,0,0,0,0,0,0,0,0,0,0,0,0,0,0,,,0,0,0,0,0,0,0,0,0,0,0,0,,,,0,0,0,0,0,0,0,,0,0,0,0,,0,0
00-0035384,I.Opeta,Sua Opeta,G,OL,"https://static.www.nfl.com/image/upload/f_auto,q_auto/league/wcymlec6ziqsdudjza8k",2023,REG,PHI,1,0,0,0,0,0,0,0,0,0,0,0,0,,,0,,0,0,0,0,0,0,,0,0,0,0,0,0,0,0,0,0,,0,,0,0,0,0,0,0,0,0,0,0,0,0,0,0,0,0,0,0,0,0,0,0,0,0,0,1,5,0,0,0,0,0,0,0,0,,,0,0,0,0,0,0,0,0,0,0,0,0,,,,0,0,0,0,0,0,0,,0,0,0,0,,0,0
00-0035386,T.Edwards,T.J. Edwards,LB,LB,"https://static.www.nfl.com/image/upload/f_auto,q_auto/league/tqu3uz4nzkcq4crcepj3",2023,REG,CHI,17,0,0,0,0,0,0,0,0,0,0,0,0,,,0,,0,0,0,0,0,0,,0,0,0,0,0,0,0,0,0,0,,0,,0,0,0,0,74,17,64,6,7,1,2.5,4,8,3,4,7,0,0,0,0,0,0,2,2,0,0,0,0,0,0,0,0,0,0,0,,,0,0,0,0,0,0,0,0,0,0,0,0,,,,0,0,0,0,0,0,0,,0,0,0,0,,0,0
00-0035399,S.Morgan,Stanley Morgan,WR,WR,"https://static.www.nfl.com/image/upload/f_auto,q_auto/league/wxgibmduh5kodwlvbgct",2023,REG,CIN,1,0,0,0,0,0,0,0,0,0,0,0,0,,,0,,0,0,0,0,0,0,,0,0,0,0,0,0,0,0,0,0,,0,,0,0,0,0,0,0,0,0,0,0,0,0,0,0,0,0,0,0,0,0,0,0,0,0,0,1,8,0,0,0,0,0,0,0,0,,,0,0,0,0,0,0,0,0,0,0,0,0,,,,0,0,0,0,0,0,0,,0,0,0,0,,0,0
00-0035402,C.Granderson,Carl Granderson,DE,DL,"https://static.www.nfl.com/image/upload/f_auto,q_auto/league/qubwfcjeareypbdlvwnb",2023,REG,NO,17,0,0,0,0,0,0,0,0,0,0,0,0,,,0,,0,0,0,0,0,0,,0,0,0,0,0,0,0,0,0,0,,0,,0,0,0,0,37,7,34,14,75,1,8.5,55,20,0,0,1,0,0,0,0,0,0,1,1,0,4,41,0,0,0,0,0,0,0,0,,,0,0,0,0,0,0,0,0,0,0,0,0,,,,0,0,0,0,0,0,0,,0,0,0,0,,0,0
00-0035406,L.Humphrey,Lil'Jordan Humphrey,WR,WR,"https://static.www.nfl.com/image/upload/f_auto,q_auto/league/otxrvkflhixz9akhmfqq",2023,REG,DEN,11,0,0,0,0,0,0,0,0,0,0,0,0,,,0,,0,0,0,0,0,0,,0,13,19,162,3,0,0,186,99,9,14.2007896178984,0,0.870967741935484,0.039832285115304,0.0495471497069792,0.0944314324678414,0,0,0,0,0,0,0,0,0,0,0,0,0,0,0,0,0,0,0,0,0,0,1,10,0,0,0,0,0,0,0,0,,,0,0,0,0,0,0,0,0,0,0,0,0,,,,0,0,0,0,0,0,0,,0,0,0,0,,34.2,47.2
00-0035409,S.Tuttle,Shy Tuttle,DT,DL,"https://static.www.nfl.com/image/upload/f_auto,q_auto/league/dbtt4xlpqoytpgiswgal",2023,REG,CAR,14,0,0,0,0,0,0,0,0,0,0,0,0,,,0,,0,0,0,0,0,0,,0,0,0,0,0,0,0,0,0,0,,0,,0,0,0,0,15,4,24,0,0,0,0.5,0,1,0,0,5,0,0,0,0,0,0,0,0,0,1,5,0,0,0,0,0,0,0,0,,,0,0,0,0,0,0,0,0,0,0,0,0,,,,0,0,0,0,0,0,0,,0,0,0,0,,0,0
00-0035413,L.Gifford,Luke Gifford,LB,LB,"https://static.www.nfl.com/image/upload/f_auto,q_auto/league/zuskjpnniq2xwnao6tuk",2023,REG,TEN,5,0,0,0,0,0,0,0,0,0,0,0,0,,,0,,0,0,0,0,0,0,,0,0,0,0,0,0,0,0,0,0,,0,,0,0,0,0,3,0,3,0,0,0,0,0,0,0,0,0,0,0,0,0,0,0,0,0,0,0,0,0,0,0,0,0,0,0,0,,,0,0,0,0,0,0,0,0,0,0,0,0,,,,0,0,0,0,0,0,0,,0,0,0,0,,0,0
00-0035414,J.Guyton,Jalen Guyton,WR,WR,"https://static.www.nfl.com/image/upload/f_auto,q_auto/league/a6j9njysh2lwdjblxvxw",2023,REG,LAC,7,0,0,0,0,0,0,0,0,0,0,0,0,,,0,,0,0,0,0,0,0,,0,10,21,89,1,0,0,218,32,6,-2.3658055786218,0,0.408256880733945,0.0342019543973941,0.0460595816606803,0.0835446387585674,0,0,0,0,0,0,0,0,0,0,0,0,0,0,0,0,0,1,1,0,0,0,0,0,0,0,0,0,0,0,0,0,,,0,0,0,0,0,0,0,0,0,0,0,0,,,,0,0,0,0,0,0,0,,0,0,0,0,,14.9,24.9
00-0035437,R.Teamer,Roderic Teamer,DB,DB,"https://static.www.nfl.com/image/private/f_auto,q_auto/league/sma7cwull7agg0gjk7dh",2023,REG,LV,3,0,0,0,0,0,0,0,0,0,0,0,0,,,0,,0,0,0,0,0,0,,0,0,0,0,0,0,0,0,0,0,,0,,0,0,0,0,4,0,1,0,0,0,0,0,0,0,0,0,0,0,0,0,0,0,0,0,0,0,0,0,0,0,0,0,0,0,0,,,0,0,0,0,0,0,0,0,0,0,0,0,,,,0,0,0,0,0,0,0,,0,0,0,0,,0,0
00-0035444,J.Kunaszyk,Jordan Kunaszyk,ILB,LB,"https://static.www.nfl.com/image/upload/f_auto,q_auto/league/czsdahph9mq2irzdrrpl",2023,REG,CLE,2,0,0,0,0,0,0,0,0,0,0,0,0,,,0,,0,0,0,0,0,0,,0,0,0,0,0,0,0,0,0,0,,0,,0,0,0,0,5,2,2,0,0,0,0,0,0,0,0,0,0,0,0,0,0,0,0,0,0,0,0,0,0,0,0,0,0,0,0,,,0,0,0,0,0,0,0,0,0,0,0,0,,,,0,0,0,0,0,0,0,,0,0,0,0,,0,0
00-0035455,A.Huggins,Albert Huggins,DT,DL,"https://static.www.nfl.com/image/private/f_auto,q_auto/league/hbbanpqrzp03f4dagsxq",2023,REG,ATL,11,0,0,0,0,0,0,0,0,0,0,0,0,,,0,,0,0,0,0,0,0,,0,0,0,0,0,0,0,0,0,0,,0,,0,0,0,0,6,1,15,0,0,0,0,0,2,0,0,0,0,0,0,0,0,0,1,1,0,0,0,0,0,0,0,0,0,0,0,,,0,0,0,0,0,0,0,0,0,0,0,0,,,,0,0,0,0,0,0,0,,0,0,0,0,,0,0
00-0035480,M.Taylor,Malik Taylor,WR,WR,"https://static.www.nfl.com/image/private/f_auto,q_auto/league/aupsoxtxtpv4fmgs4ttp",2023,REG,NYJ,2,0,0,0,0,0,0,0,0,0,0,0,0,,,0,,0,0,0,0,0,0,,0,2,4,13,0,0,0,89,7,0,-2.06693132489454,0,0.146067415730337,0.00710479573712256,0.02225,0.0262321936056838,0,0,0,0,0,0,0,0,0,0,0,0,0,0,0,0,0,0,0,0,0,0,0,0,0,0,0,0,0,0,0,0,,,0,0,0,0,0,0,0,0,0,0,0,0,,,,0,0,0,0,0,0,0,,0,0,0,0,,1.3,3.3
00-0035500,G.Dortch,Greg Dortch,WR,WR,"https://static.www.nfl.com/image/upload/f_auto,q_auto/league/jt4lbkjxkkrw3f644sft",2023,REG,ARI,16,0,0,0,0,0,0,0,0,0,0,0,0,,,0,,1,5,0,0,0,0,-0.0831637269584462,0,24,41,280,2,0,0,383,152,14,4.75531841433258,0,0.731070496083551,0.0759259259259259,0.0914954610606785,0.177935711631364,0,1,0,1,0,0,0,0,0,0,0,0,0,0,0,0,0,1,1,0,0,0,1,5,29,275,17,360,0,0,0,0,,,0,0,0,0,0,0,0,0,0,0,0,0,,,,0,0,0,0,0,0,0,,0,0,0,0,,40.5,64.5
00-0035507,K.Phillips,Kyle Phillips,DE,DL,"https://static.www.nfl.com/image/upload/f_auto,q_auto/league/hnwwpniwsysazqufuzmd",2023,REG,NO,3,0,0,0,0,0,0,0,0,0,0,0,0,,,0,,0,0,0,0,0,0,,0,0,0,0,0,0,0,0,0,0,,0,,0,0,0,0,1,0,2,0,0,0,0,0,0,0,0,0,0,0,0,0,0,0,0,0,0,0,0,0,0,0,0,0,0,0,0,,,0,0,0,0,0,0,0,0,0,0,0,0,,,,0,0,0,0,0,0,0,,0,0,0,0,,0,0
00-0035525,D.Bush,Devin Bush,LB,LB,"https://static.www.nfl.com/image/upload/f_auto,q_auto/league/pgpf5oeyel2jgsz2luaq",2023,REG,SEA,8,0,0,0,0,0,0,0,0,0,0,0,0,,,0,,0,0,0,0,0,0,,0,0,0,0,0,0,0,0,0,0,,0,,0,0,0,0,14,4,19,2,3,0,0,0,0,0,0,0,0,0,0,0,0,0,0,0,0,0,0,0,0,0,0,0,0,0,0,,,0,0,0,0,0,0,0,0,0,0,0,0,,,,0,0,0,0,0,0,0,,0,0,0,0,,0,0
00-0035526,E.Jenkins,Elgton Jenkins,C,OL,"https://static.www.nfl.com/image/upload/f_auto,q_auto/league/wrahpqtdvxipwmrepiyl",2023,REG,GB,4,0,0,0,0,0,0,0,0,0,0,0,0,,,0,,0,0,0,0,0,0,,0,0,0,0,0,0,0,0,0,0,,0,,0,0,0,0,1,0,0,0,0,0,0,0,0,0,0,0,0,0,0,0,1,1,0,0,0,3,25,0,0,0,0,0,0,0,0,,,0,0,0,0,0,0,0,0,0,0,0,0,,,,0,0,0,0,0,0,0,,0,0,0,0,,0,0
00-0035527,A.Isabella,Andy Isabella,WR,WR,"https://static.www.nfl.com/image/upload/f_auto,q_auto/league/qpqphhsofn96dvojfsx1",2023,REG,BUF,1,0,0,0,0,0,0,0,0,0,0,0,0,,,0,,0,0,0,0,0,0,,0,0,0,0,0,0,0,0,0,0,,0,,0,0,0,0,0,0,0,0,0,0,0,0,0,0,0,0,0,0,0,0,0,0,0,0,0,0,0,0,0,1,25,0,0,0,0,,,0,0,0,0,0,0,0,0,0,0,0,0,,,,0,0,0,0,0,0,0,,0,0,0,0,,0,0
00-0035531,A.Bryant,Austin Bryant,DE,DL,"https://static.www.nfl.com/image/upload/f_auto,q_auto/league/ag25mjupbuj0nfidcdsd",2023,REG,SF,1,0,0,0,0,0,0,0,0,0,0,0,0,,,0,,0,0,0,0,0,0,,0,0,0,0,0,0,0,0,0,0,,0,,0,0,0,0,0,0,1,0,0,0,0,0,0,0,0,0,0,0,0,0,0,0,0,0,0,0,0,0,0,0,0,0,0,0,0,,,0,0,0,0,0,0,0,0,0,0,0,0,,,,0,0,0,0,0,0,0,,0,0,0,0,,0,0
00-0035535,D.Slayton,Darius Slayton,WR,WR,"https://static.www.nfl.com/image/upload/f_auto,q_auto/league/fyjkvaekv40jn72d0b3q",2023,REG,NYG,17,0,0,0,0,0,0,0,0,0,0,0,0,,,0,,0,0,0,0,0,0,,0,50,79,770,4,0,0,967,298,29,29.1937589205565,0,0.796277145811789,0.162886597938144,0.255414685684099,0.423120176886086,0,1,0,0,0,0,0,0,0,0,0,0,0,0,0,0,0,0,0,0,0,0,0,0,0,0,0,0,0,0,0,0,,,0,0,0,0,0,0,0,0,0,0,0,0,,,,0,0,0,0,0,0,0,,0,0,0,0,,101,151
00-0035537,T.Johnson,Ty Johnson,RB,RB,"https://static.www.nfl.com/image/upload/f_auto,q_auto/league/hmnzcfm56ojey6myomjg",2023,REG,BUF,9,0,0,0,0,0,0,0,0,0,0,0,0,,,0,,30,132,0,1,0,8,-0.741038017207757,0,7,7,62,1,0,0,2,60,2,1.2649246439687,0,31,0.0128440366972477,0.000398247710075667,0.0195448284429245,0,1,0,1,0,0,0,0,0,0,0,0,0,0,0,0,0,1,1,0,0,0,0,0,0,0,8,161,0,0,0,0,,,0,0,0,0,0,0,0,0,0,0,0,0,,,,0,0,0,0,0,0,0,,0,0,0,0,,25.4,32.4
00-0035541,M.Dogbe,Michael Dogbe,DE,DL,"https://static.www.nfl.com/image/private/f_auto,q_auto/league/cu9kvxqla8gawt9y7ox1",2023,REG,HOU,1,0,0,0,0,0,0,0,0,0,0,0,0,,,0,,0,0,0,0,0,0,,0,0,0,0,0,0,0,0,0,0,,0,,0,0,0,0,0,0,1,0,0,0,0,0,0,0,0,0,0,0,0,0,0,0,0,0,0,0,0,0,0,0,0,0,0,0,0,,,0,0,0,0,0,0,0,0,0,0,0,0,,,,0,0,0,0,0,0,0,,0,0,0,0,,0,0
00-0035562,J.Horsted,Jesper Horsted,TE,TE,"https://static.www.nfl.com/image/private/f_auto,q_auto/league/mqbodeysdvvvuhkctewa",2023,REG,LV,5,0,0,0,0,0,0,0,0,0,0,0,0,,,0,,0,0,0,0,0,0,,0,1,1,4,0,0,0,2,2,0,-0.210121021780651,0,2,0.00188323917137476,0.000467180565288484,0.00315188515276409,0,1,0,3,0,0,0,0,0,0,0,0,0,0,0,0,0,0,0,0,0,0,0,0,0,0,0,0,0,0,0,0,,,0,0,0,0,0,0,0,0,0,0,0,0,,,,0,0,0,0,0,0,0,,0,0,0,0,,0.4,1.4
00-0035567,C.Reynolds,Craig Reynolds,RB,RB,"https://static.www.nfl.com/image/upload/f_auto,q_auto/league/f5zuttg3hinfqgronrsg",2023,REG,DET,12,0,0,0,0,0,0,0,0,0,0,0,0,,,0,,41,179,1,1,1,11,-4.47968625745853,0,5,5,47,0,0,0,-12,59,2,2.83654575329274,0,-3.91666666666667,0.00871080139372822,-0.00293685756240822,0.0110104017969066,0,2,0,2,0,0,0,0,0,0,0,0,0,0,0,0,0,0,0,0,0,0,0,0,0,0,5,133,0,0,0,0,,,0,0,0,0,0,0,0,0,0,0,0,0,,,,0,0,0,0,0,0,0,,0,0,0,0,,26.6,31.6
00-0035572,P.Hesse,Parker Hesse,TE,TE,"https://static.www.nfl.com/image/upload/f_auto,q_auto/league/roaaw3cph7q6cxdco70k",2023,REG,ATL,1,0,0,0,0,0,0,0,0,0,0,0,0,,,0,,0,0,0,0,0,0,,0,0,0,0,0,0,0,0,0,0,,0,,0,0,0,0,1,0,0,0,0,0,0,0,0,0,0,0,0,0,0,0,0,0,0,0,0,0,0,0,0,0,0,0,0,0,0,,,0,0,0,0,0,0,0,0,0,0,0,0,,,,0,0,0,0,0,0,0,,0,0,0,0,,0,0
00-0035588,G.Bradbury,Garrett Bradbury,C,OL,"https://static.www.nfl.com/image/upload/f_auto,q_auto/league/ww9iafyxzq6olacamaow",2023,REG,MIN,3,0,0,0,0,0,0,0,0,0,0,0,0,,,0,,0,0,0,0,0,0,,0,0,0,0,0,0,0,0,0,0,,0,,0,0,0,0,0,0,0,0,0,0,0,0,0,0,0,0,0,0,0,0,1,1,0,0,0,3,19,0,0,0,0,0,0,0,0,,,0,0,0,0,0,0,0,0,0,0,0,0,,,,0,0,0,0,0,0,0,,0,0,0,0,,0,0
00-0035591,J.Hollins,Justin Hollins,LB,LB,"https://static.www.nfl.com/image/upload/f_auto,q_auto/league/qu6phgfph0roj69tgp5o",2023,REG,LAC,9,0,0,0,0,0,0,0,0,0,0,0,0,,,0,,0,0,0,0,0,0,,0,0,0,0,0,0,0,0,0,0,,0,,0,0,0,0,8,3,6,1,4,0,1,4,1,0,0,0,0,0,0,0,0,0,0,0,0,1,15,0,0,0,0,0,0,0,0,,,0,0,0,0,0,0,0,0,0,0,0,0,,,,0,0,0,0,0,0,0,,0,0,0,0,,0,0
00-0035593,J.Winfree,Juwann Winfree,WR,WR,"https://static.www.nfl.com/image/upload/f_auto,q_auto/league/pawxwuphiobdd7voouwl",2023,REG,IND,1,0,0,0,0,0,0,0,0,0,0,0,0,,,0,,0,0,0,0,0,0,,0,0,1,0,0,0,0,26,0,0,-1.09631859883666,0,0,0.00183150183150183,0.00611045828437133,0.00702457354631268,0,0,0,0,0,0,0,0,0,0,0,0,0,0,0,0,0,0,0,0,0,0,0,0,0,0,0,0,0,0,0,0,,,0,0,0,0,0,0,0,0,0,0,0,0,,,,0,0,0,0,0,0,0,,0,0,0,0,,0,0
00-0035594,T.Homer,Travis Homer,RB,RB,"https://static.www.nfl.com/image/upload/f_auto,q_auto/league/dyyclvfaagspov2ydf3i",2023,REG,CHI,7,0,0,0,0,0,0,0,0,0,0,0,0,,,0,,0,0,0,0,0,0,,0,0,1,0,0,0,0,-5,0,0,-1.05513803250528,0,0,0.00209643605870021,-0.00132450331125828,0.00221750177016952,0,5,0,2,0,0,0,0,0,0,0,0,0,0,0,0,0,0,0,0,0,0,1,15,0,0,0,0,0,0,0,0,,,0,0,0,0,0,0,0,0,0,0,0,0,,,,0,0,0,0,0,0,0,,0,0,0,0,,0,0
00-0035607,M.Copeland,Marquise Copeland,DT,DL,"https://static.www.nfl.com/image/private/f_auto,q_auto/league/ldtwwdjwltsbch8evaqy",2023,REG,LA,1,0,0,0,0,0,0,0,0,0,0,0,0,,,0,,0,0,0,0,0,0,,0,0,0,0,0,0,0,0,0,0,,0,,0,0,0,0,1,0,0,0,0,0,0,0,0,0,0,0,0,0,0,0,0,0,0,0,0,0,0,0,0,0,0,0,0,0,0,,,0,0,0,0,0,0,0,0,0,0,0,0,,,,0,0,0,0,0,0,0,,0,0,0,0,,0,0
00-0035617,T.Reeder,Troy Reeder,LB,LB,"https://static.www.nfl.com/image/upload/f_auto,q_auto/league/laiuwnorvmneuwvav61k",2023,REG,LA,11,0,0,0,0,0,0,0,0,0,0,0,0,,,0,,0,0,0,0,0,0,,0,0,0,0,0,0,0,0,0,0,,0,,0,0,0,0,8,3,12,0,0,0,0,0,0,0,0,0,0,0,0,0,0,0,0,0,0,2,11,0,0,0,0,0,0,0,0,,,0,0,0,0,0,0,0,0,0,0,0,0,,,,0,0,0,0,0,0,0,,0,0,0,0,,0,0
00-0035625,J.Thornhill,Juan Thornhill,SAF,DB,"https://static.www.nfl.com/image/upload/f_auto,q_auto/league/os3bpcmalytfuwosxpzj",2023,REG,CLE,11,0,0,0,0,0,0,0,0,0,0,0,0,,,0,,0,0,0,0,0,0,,0,0,0,0,0,0,0,0,0,0,,0,,0,0,0,0,34,7,13,0,0,0,0,0,2,0,0,1,0,0,0,0,0,0,0,0,0,1,15,0,0,0,0,0,0,0,0,,,0,0,0,0,0,0,0,0,0,0,0,0,,,,0,0,0,0,0,0,0,,0,0,0,0,,0,0
00-0035628,D.Johnson,D'Ernest Johnson,RB,RB,"https://static.www.nfl.com/image/upload/f_auto,q_auto/league/gbe2eojaxid4n3pmo0rj",2023,REG,JAX,16,0,0,0,0,0,0,0,0,0,0,0,0,,,0,,41,108,0,0,0,6,-13.3053339688936,0,10,12,140,0,0,0,10,136,6,9.81472385426043,0,14,0.0197693574958814,0.00200762899016262,0.0310593765369359,0,0,0,0,0,0,0,0,0,0,0,0,0,0,0,0,0,1,1,0,0,0,0,0,0,0,7,126,0,0,0,0,,,0,0,0,0,0,0,0,0,0,0,0,0,,,,0,0,0,0,0,0,0,,0,0,0,0,,24.8,34.8
00-0035629,J.Williams,Jonah Williams,OT,OL,"https://static.www.nfl.com/image/upload/f_auto,q_auto/league/ton1hb2fidrdk6zv8erf",2023,REG,CIN,3,0,0,0,0,0,0,0,0,0,0,0,0,,,0,,0,0,0,0,0,0,,0,0,0,0,0,0,0,0,0,0,,0,,0,0,0,0,0,0,0,0,0,0,0,0,0,0,0,0,0,0,0,0,1,1,0,0,0,3,25,0,0,0,0,0,0,0,0,,,0,0,0,0,0,0,0,0,0,0,0,0,,,,0,0,0,0,0,0,0,,0,0,0,0,,0,0
00-0035630,C.Lindstrom,Chris Lindstrom,G,OL,"https://static.www.nfl.com/image/upload/f_auto,q_auto/league/siocu1rimlusd0x8ut1w",2023,REG,ATL,5,0,0,0,0,0,0,0,0,0,0,0,0,,,0,,0,0,0,0,0,0,,0,0,0,0,0,0,0,0,0,0,,0,,0,0,0,0,0,0,1,0,0,0,0,0,0,0,0,0,0,0,0,0,0,0,0,0,0,5,35,0,0,0,0,0,0,0,0,,,0,0,0,0,0,0,0,0,0,0,0,0,,,,0,0,0,0,0,0,0,,0,0,0,0,,0,0
00-0035631,D.Sample,Drew Sample,TE,TE,"https://static.www.nfl.com/image/upload/f_auto,q_auto/league/dvq8fanrbrpfgf2j3kpm",2023,REG,CIN,14,0,0,0,0,0,0,0,0,0,0,0,0,,,0,,0,0,0,0,0,0,,0,22,27,163,2,0,0,29,173,9,0.496050484361356,0,5.62068965517241,0.0456081081081081,0.0074780814853017,0.0736468192018734,0,0,0,1,0,0,0,0,0,0,0,0,0,0,0,0,0,0,0,0,0,0,0,0,0,0,0,0,0,0,0,0,,,0,0,0,0,0,0,0,0,0,0,0,0,,,,0,0,0,0,0,0,0,,0,0,0,0,,28.3,50.3
00-0035632,A.Hooker,Amani Hooker,SAF,DB,"https://static.www.nfl.com/image/upload/f_auto,q_auto/league/u9zrvmlfnvzmgttdcsn6",2023,REG,TEN,13,0,0,0,0,0,0,0,0,0,0,0,0,,,0,,1,2,0,0,0,1,2.15793319442309,0,0,0,0,0,0,0,0,0,0,,0,,0,0,0,0,65,4,16,3,6,1,0,0,0,1,10,7,0,0,0,11,0,0,1,1,0,0,0,0,0,0,0,0,0,0,0,,,0,0,0,0,0,0,0,0,0,0,0,0,,,,0,0,0,0,0,0,0,,0,0,0,0,,0.2,0.2
00-0035633,C.Ballentine,Corey Ballentine,DB,DB,"https://static.www.nfl.com/image/upload/f_auto,q_auto/league/p1pbz0j3iviqhqtltudy",2023,REG,GB,12,0,0,0,0,0,0,0,0,0,0,0,0,,,0,,0,0,0,0,0,0,,0,0,0,0,0,0,0,0,0,0,,0,,0,0,0,0,25,3,15,0,0,0,0,0,0,1,0,7,0,0,0,0,0,0,0,0,0,3,33,0,0,0,0,0,0,0,0,,,0,0,0,0,0,0,0,0,0,0,0,0,,,,0,0,0,0,0,0,0,,0,0,0,0,,0,0
00-0035636,L.Collier,L.J. Collier,DE,DL,"https://static.www.nfl.com/image/private/f_auto,q_auto/league/i39nt3smr30rgznvlal3",2023,REG,ARI,1,0,0,0,0,0,0,0,0,0,0,0,0,,,0,,0,0,0,0,0,0,,0,0,0,0,0,0,0,0,0,0,,0,,0,0,0,0,2,0,0,0,0,0,0,0,0,0,0,0,0,0,0,0,0,0,0,0,0,0,0,0,0,0,0,0,0,0,0,,,0,0,0,0,0,0,0,0,0,0,0,0,,,,0,0,0,0,0,0,0,,0,0,0,0,,0,0
00-0035637,R.Ya-Sin,Rock Ya-Sin,CB,DB,"https://static.www.nfl.com/image/upload/f_auto,q_auto/league/ezahxzran7e2ohnmtndh",2023,REG,BAL,9,0,0,0,0,0,0,0,0,0,0,0,0,,,0,,0,0,0,0,0,0,,0,0,0,0,0,0,0,0,0,0,,0,,0,0,0,0,9,0,4,0,0,0,0,0,0,0,0,2,0,0,0,0,0,0,0,0,0,3,58,0,0,0,0,0,0,0,0,,,0,0,0,0,0,0,0,0,0,0,0,0,,,,0,0,0,0,0,0,0,,0,0,0,0,,0,0
00-0035639,P.Campbell,Parris Campbell,WR,WR,"https://static.www.nfl.com/image/upload/f_auto,q_auto/league/pmb3ypquiy5a2qzzmio4",2023,REG,NYG,10,0,0,0,0,0,1,-8,0,0,0,0,0,-1.52678748080507,,0,,0,0,0,0,0,0,,0,20,27,104,0,0,0,91,65,2,-22.2971706076967,0,1.14285714285714,0.0556701030927835,0.0240359218172213,0.10033029991123,0,0,0,0,0,0,0,0,0,0,0,0,0,0,0,0,0,1,1,0,0,0,1,5,0,0,8,191,0,0,0,0,,,0,0,0,0,0,0,0,0,0,0,0,0,,,,0,0,0,0,0,0,0,,0,0,0,0,,10.4,30.4
00-0035640,D.Metcalf,DK Metcalf,WR,WR,"https://static.www.nfl.com/image/upload/f_auto,q_auto/league/tknefloqsleltfmslj2y",2023,REG,SEA,16,0,0,0,0,0,0,0,0,0,0,0,0,,,0,,0,0,0,0,0,0,,0,66,119,1114,8,0,0,1529,367,52,42.6452170511991,0,0.728580771746239,0.217550274223035,0.371026449890803,0.586043926258114,0,2,0,0,0,0,0,0,0,0,0,0,0,0,0,0,0,0,0,0,0,0,5,65,0,0,0,0,0,0,0,0,,,0,0,0,0,0,0,0,0,0,0,0,0,,,,0,0,0,0,0,0,0,,0,0,0,0,,159.4,225.4
00-0035642,J.Allen,Josh Hines-Allen,DE,DL,"https://static.www.nfl.com/image/upload/f_auto,q_auto/league/frooc3vy4adlwpkdnyks",2023,REG,JAX,17,0,0,0,0,0,0,0,0,0,0,0,0,,,0,,0,0,0,0,0,0,,0,0,0,0,0,0,0,0,0,0,,0,,0,0,0,0,37,6,23,16,109,2,17.5,126.5,33,1,8,1,0,0,0,0,0,0,0,0,0,1,9,0,0,0,0,0,0,0,0,,,0,0,0,0,0,0,0,0,0,0,0,0,,,,0,0,0,0,0,0,0,,0,0,0,0,,0,0
00-0035643,J.Simmons,Jeffery Simmons,DT,DL,"https://static.www.nfl.com/image/upload/f_auto,q_auto/league/gi2z8wipg8w9vnxwbav0",2023,REG,TEN,12,0,0,0,0,0,0,0,0,0,0,0,0,,,0,,0,0,0,0,0,0,,0,1,1,2,1,0,0,2,0,1,1.15889371134108,0,1,0.00209205020920502,0.000437732545414752,0.00344448809559786,0,23,7,14,9,42,1,5.5,37,11,0,0,1,0,0,0,0,0,0,1,1,0,4,44,0,0,0,0,0,0,0,0,,,0,0,0,0,0,0,0,0,0,0,0,0,,,,0,0,0,0,0,0,0,,0,0,0,0,,6.2,7.2
00-0035644,N.Fant,Noah Fant,TE,TE,"https://static.www.nfl.com/image/upload/f_auto,q_auto/league/s4idwk38z6bin9lnnw9f",2023,REG,SEA,15,0,0,0,0,0,0,0,0,0,0,0,0,,,0,,0,0,0,0,0,0,,0,32,43,414,0,0,0,298,177,16,11.7244695714326,0,1.38926174496644,0.0786106032906764,0.0723125454986654,0.16853468678508,0,0,0,0,0,0,0,0,0,0,0,0,0,0,0,0,0,0,0,0,0,0,3,13,0,0,0,0,0,0,0,0,,,0,0,0,0,0,0,0,0,0,0,0,0,,,,0,0,0,0,0,0,0,,0,0,0,0,,41.4,73.4
00-0035645,G.Olszewski,Gunner Olszewski,WR,WR,"https://static.www.nfl.com/image/upload/f_auto,q_auto/league/q6fs5e2eotgeh47xeo74",2023,REG,NYG,12,0,0,0,0,0,0,0,0,0,0,0,0,,,0,,0,0,0,0,0,0,,0,1,1,0,0,1,1,-1,0,0,-6.18557261489332,0,0,0.00206611570247934,-0.000264200792602378,0.00291423299889734,1,1,0,0,0,0,0,0,0,0,0,0,0,0,4,0,0,1,1,0,0,0,0,0,24,281,2,24,0,0,0,0,,,0,0,0,0,0,0,0,0,0,0,0,0,,,,0,0,0,0,0,0,0,,0,0,0,0,,4,5
00-0035646,S.Takitaki,Sione Takitaki,LB,LB,"https://static.www.nfl.com/image/upload/f_auto,q_auto/league/mx5kjkwhlgzbuhagmsb7",2023,REG,CLE,14,0,0,0,0,0,0,0,0,0,0,0,0,,,0,,0,0,0,0,0,0,,0,0,0,0,0,0,0,0,0,0,,0,,0,0,0,0,37,8,21,3,17,0,2,11,3,1,0,3,0,0,0,0,0,0,0,0,0,0,0,0,0,0,0,0,0,0,0,,,0,0,0,0,0,0,0,0,0,0,0,0,,,,0,0,0,0,0,0,0,,0,0,0,0,,0,0
00-0035647,M.Sweat,Montez Sweat,DE,DL,"https://static.www.nfl.com/image/upload/f_auto,q_auto/league/lmaq9dyixaolzxleqb5e",2023,REG,CHI,17,0,0,0,0,0,0,0,0,0,0,0,0,,,0,,0,0,0,0,0,0,,0,0,0,0,0,0,0,0,0,0,,0,,0,0,0,0,32,6,19,11,50,3,12.5,78.5,25,0,0,4,0,0,0,0,0,0,0,0,0,1,1,0,0,0,0,0,0,0,0,,,0,0,0,0,0,0,0,0,0,0,0,0,,,,0,0,0,0,0,0,0,,0,0,0,0,,0,0
00-0035649,N.Davis,Nate Davis,G,OL,"https://static.www.nfl.com/image/upload/f_auto,q_auto/league/ofywu3qirqwt0zsf2hl1",2023,REG,CHI,1,0,0,0,0,0,0,0,0,0,0,0,0,,,0,,0,0,0,0,0,0,,0,0,0,0,0,0,0,0,0,0,,0,,0,0,0,0,0,0,0,0,0,0,0,0,0,0,0,0,0,0,0,0,0,0,0,0,0,1,5,0,0,0,0,0,0,0,0,,,0,0,0,0,0,0,0,0,0,0,0,0,,,,0,0,0,0,0,0,0,,0,0,0,0,,0,0
00-0035654,C.Winovich,Chase Winovich,DE,DL,"https://static.www.nfl.com/image/private/f_auto,q_auto/league/pbnpzaqm5bba9dfrtmis",2023,REG,MIA,1,0,0,0,0,0,0,0,0,0,0,0,0,,,0,,0,0,0,0,0,0,,0,0,0,0,0,0,0,0,0,0,,0,,0,0,0,0,1,0,1,0,0,0,0,0,0,0,0,0,0,0,0,0,0,0,0,0,0,0,0,0,0,0,0,0,0,0,0,,,0,0,0,0,0,0,0,0,0,0,0,0,,,,0,0,0,0,0,0,0,,0,0,0,0,,0,0
00-0035655,W.Harris,Will Harris,SAF,DB,"https://static.www.nfl.com/image/upload/f_auto,q_auto/league/u5dy7qow1rg8c8768koq",2023,REG,DET,7,0,0,0,0,0,0,0,0,0,0,0,0,,,0,,0,0,0,0,0,0,,0,0,0,0,0,0,0,0,0,0,,0,,0,0,0,0,10,2,6,1,1,0,0,0,1,1,0,2,0,0,0,0,0,0,1,1,0,4,30,0,0,0,0,0,0,0,0,,,0,0,0,0,0,0,0,0,0,0,0,0,,,,0,0,0,0,0,0,0,,0,0,0,0,,0,0
00-0035656,K.Saunders,Khalen Saunders,DT,DL,"https://static.www.nfl.com/image/upload/f_auto,q_auto/league/ory67tgth5h9zjiriihh",2023,REG,NO,16,0,0,0,0,0,0,0,0,0,0,0,0,,,0,,0,0,0,0,0,0,,0,0,0,0,0,0,0,0,0,0,,0,,0,0,0,0,19,5,33,1,1,0,0,0,2,0,0,1,0,0,0,0,0,0,0,0,0,0,0,0,0,0,0,0,0,0,0,,,0,0,0,0,0,0,0,0,0,0,0,0,,,,0,0,0,0,0,0,0,,0,0,0,0,,0,0
00-0035657,D.Harris,Damien Harris,RB,RB,"https://static.www.nfl.com/image/private/f_auto,q_auto/league/s0cagglk6qh9ciuddjmu",2023,REG,BUF,6,0,0,0,0,0,0,0,0,0,0,0,0,,,0,,23,94,1,0,0,9,2.17426049790811,0,2,2,16,0,0,0,0,16,0,0.534958284150554,0,0,0.0036697247706422,0,0.0055045871559633,0,0,0,0,0,0,0,0,0,0,0,0,0,0,0,0,0,0,0,0,0,0,0,0,0,0,1,41,0,0,0,0,,,0,0,0,0,0,0,0,0,0,0,0,0,,,,0,0,0,0,0,0,0,,0,0,0,0,,17,19
00-0035659,T.McLaurin,Terry McLaurin,WR,WR,"https://static.www.nfl.com/image/upload/f_auto,q_auto/league/wokz1etv1wj1vhbmvxgs",2023,REG,WAS,17,0,0,0,0,0,0,0,0,0,0,0,0,,,0,,0,0,0,0,0,0,,0,79,132,1002,4,0,0,1514,350,47,9.27223442338802,0,0.661822985468957,0.219633943427621,0.317600167820432,0.551771032615734,0,5,0,0,0,0,0,0,0,0,0,0,0,0,0,0,0,1,1,0,0,1,0,0,0,0,0,0,0,0,0,0,,,0,0,0,0,0,0,0,0,0,0,0,0,,,,0,0,0,0,0,0,0,,0,0,0,0,,124.2,203.2
00-0035662,M.Brown,Marquise Brown,WR,WR,"https://static.www.nfl.com/image/upload/f_auto,q_auto/league/ixuddegcphzmvjn4jq6r",2023,REG,ARI,13,0,0,0,0,0,0,0,0,0,0,0,0,,,0,,2,23,0,0,0,1,0.850742515875027,0,51,101,574,4,0,0,1186,164,32,-7.57534049494964,0,0.48397976391231,0.187037037037037,0.283325370281892,0.47888331475288,0,2,0,0,0,0,0,0,0,0,0,0,0,0,0,0,0,0,0,0,0,0,3,30,0,0,0,0,0,0,0,0,,,0,0,0,0,0,0,0,0,0,0,0,0,,,,0,0,0,0,0,0,0,,0,0,0,0,,83.7,134.7
00-0035663,T.Rapp,Taylor Rapp,SAF,DB,"https://static.www.nfl.com/image/upload/f_auto,q_auto/league/olasn9vezmd1uvomkpws",2023,REG,BUF,14,0,0,0,0,0,0,0,0,0,0,0,0,,,0,,0,0,0,0,0,0,,0,0,0,0,0,0,0,0,0,0,,0,,0,0,0,0,27,6,17,1,3,0,0.5,3,1,1,0,2,0,0,0,0,0,0,1,1,0,2,36,0,0,0,0,0,0,0,0,,,0,0,0,0,0,0,0,0,0,0,0,0,,,,0,0,0,0,0,0,0,,0,0,0,0,,0,0
00-0035664,D.Henderson,Darrell Henderson,RB,RB,"https://static.www.nfl.com/image/private/f_auto,q_auto/league/trvk8n0wjne7edxbajgw",2023,REG,LA,4,0,0,0,0,0,0,0,0,0,0,0,0,,,0,,46,112,2,0,0,5,-11.786323133565,0,10,14,103,0,0,0,-9,134,3,-0.922394146959106,0,-11.4444444444444,0.0252252252252252,-0.00199689372087863,0.0364400122332228,0,0,0,0,0,0,0,0,0,0,0,0,0,0,0,0,0,0,0,0,0,0,0,0,0,0,0,0,0,0,0,0,,,0,0,0,0,0,0,0,0,0,0,0,0,,,,0,0,0,0,0,0,0,,0,0,0,0,,33.5,43.5
00-0035665,D.Long,David Long,DB,DB,"https://static.www.nfl.com/image/upload/f_auto,q_auto/league/rwpmkpja2y5nhokh5utb",2023,REG,CAR,5,0,0,0,0,0,0,0,0,0,0,0,0,,,0,,0,0,0,0,0,0,,0,0,0,0,0,0,0,0,0,0,,0,,0,0,0,0,12,3,4,0,0,0,0,0,0,0,0,1,0,0,0,0,0,0,0,0,0,1,5,0,0,0,0,0,0,0,0,,,0,0,0,0,0,0,0,0,0,0,0,0,,,,0,0,0,0,0,0,0,,0,0,0,0,,0,0
00-0035667,G.Gaines,Greg Gaines,DT,DL,"https://static.www.nfl.com/image/upload/f_auto,q_auto/league/zo3aqstf8ng4tju17tid",2023,REG,TB,13,0,0,0,0,0,0,0,0,0,0,0,0,,,0,,0,0,0,0,0,0,,0,0,0,0,0,0,0,0,0,0,,0,,0,0,0,0,4,3,17,0,0,0,1,0,5,0,0,0,0,0,0,0,0,0,1,1,0,1,5,0,0,0,0,0,0,0,0,,,0,0,0,0,0,0,0,0,0,0,0,0,,,,0,0,0,0,0,0,0,,0,0,0,0,,0,0
00-0035668,D.Edwards,David Edwards,G,OL,"https://static.www.nfl.com/image/upload/f_auto,q_auto/league/bqypawezfqwbjzic4qty",2023,REG,BUF,1,0,0,0,0,0,0,0,0,0,0,0,0,,,0,,0,0,0,0,0,0,,0,0,0,0,0,0,0,0,0,0,,0,,0,0,0,0,0,0,0,0,0,0,0,0,0,0,0,0,0,0,0,0,0,0,0,0,0,1,5,0,0,0,0,0,0,0,0,,,0,0,0,0,0,0,0,0,0,0,0,0,,,,0,0,0,0,0,0,0,,0,0,0,0,,0,0
00-0035669,N.Scott,Nick Scott,SAF,DB,"https://static.www.nfl.com/image/upload/f_auto,q_auto/league/cjfueipnys7gl5bby6gc",2023,REG,CIN,14,0,0,0,0,0,0,0,0,0,0,0,0,,,0,,0,0,0,0,0,0,,0,0,0,0,0,0,0,0,0,0,,0,,0,0,0,0,25,10,22,0,0,0,0,0,1,0,0,0,0,0,0,0,0,0,1,1,0,1,2,0,0,0,0,0,0,0,0,,,0,0,0,0,0,0,0,0,0,0,0,0,,,,0,0,0,0,0,0,0,,0,0,0,0,,0,0
00-0035672,C.Barton,Cody Barton,LB,LB,"https://static.www.nfl.com/image/upload/f_auto,q_auto/league/wbbjzgrgoi4nbgyqmjcs",2023,REG,WAS,13,0,0,0,0,0,0,0,0,0,0,0,0,,,0,,0,0,0,0,0,0,,0,0,0,0,0,0,0,0,0,0,,0,,0,0,0,0,49,18,54,2,7,0,0,0,2,1,52,1,0,0,0,0,0,0,1,1,0,3,45,0,0,0,0,0,0,0,0,,,0,0,0,0,0,0,0,0,0,0,0,0,,,,0,0,0,0,0,0,0,,0,0,0,0,,0,0
00-0035674,J.Tillery,Jerry Tillery,DT,DL,"https://static.www.nfl.com/image/upload/f_auto,q_auto/league/hyof95ttrz9czoqaxac7",2023,REG,LV,15,0,0,0,0,0,0,0,0,0,0,0,0,,,0,,0,0,0,0,0,0,,0,0,0,0,0,0,0,0,0,0,,0,,0,0,0,0,9,2,20,2,11,0,2,11,6,0,0,0,0,0,0,0,0,0,1,1,0,2,20,0,0,0,0,0,0,0,0,,,0,0,0,0,0,0,0,0,0,0,0,0,,,,0,0,0,0,0,0,0,,0,0,0,0,,0,0
00-0035676,A.Brown,A.J. Brown,WR,WR,"https://static.www.nfl.com/image/private/f_auto,q_auto/league/a014sgzctarbvhwb35lw",2023,REG,PHI,17,0,0,0,0,0,0,0,0,0,0,0,0,,,0,,0,0,0,0,0,0,,0,106,158,1456,7,2,2,1853,473,70,65.8728374935166,0,0.785752833243389,0.300952380952381,0.382535094962841,0.71920313790256,0,1,0,0,0,0,0,0,0,0,0,0,0,0,0,0,0,0,0,0,0,0,2,25,0,0,0,0,0,0,0,0,,,0,0,0,0,0,0,0,0,0,0,0,0,,,,0,0,0,0,0,0,0,,0,0,0,0,,183.6,289.6
00-0035678,D.Jones,Dre'Mont Jones,DE,DL,"https://static.www.nfl.com/image/upload/f_auto,q_auto/league/tfkjcyycf2wcwb87ddjw",2023,REG,SEA,17,0,0,0,0,0,0,0,0,0,0,0,0,,,0,,0,0,0,0,0,0,,0,0,0,0,0,0,0,0,0,0,,0,,0,0,0,0,18,8,23,3,20,0,4.5,23,12,0,0,0,0,0,0,0,0,0,0,0,0,3,16,0,0,0,0,0,0,0,0,,,0,0,0,0,0,0,0,0,0,0,0,0,,,,0,0,0,0,0,0,0,,0,0,0,0,,0,0
00-0035679,C.McGovern,Connor McGovern,C,OL,"https://static.www.nfl.com/image/upload/f_auto,q_auto/league/ahtkw1j1fygkhnbzv5ax",2023,REG,BUF,5,0,0,0,0,0,0,0,0,0,0,0,0,,,0,,0,0,0,0,0,0,,0,0,0,0,0,0,0,0,0,0,,0,,0,0,0,0,2,0,0,0,0,0,0,0,0,0,0,0,0,0,0,0,1,1,0,0,0,3,25,0,0,0,0,0,0,0,0,,,0,0,0,0,0,0,0,0,0,0,0,0,,,,0,0,0,0,0,0,0,,0,0,0,0,,0,0
00-0035680,Qu.Williams,Quincy Williams,LB,LB,"https://static.www.nfl.com/image/upload/f_auto,q_auto/league/ukxxxlah4iappss0ro9e",2023,REG,NYJ,17,0,0,0,0,0,0,0,0,0,0,0,0,,,0,,0,0,0,0,0,0,,0,0,0,0,0,0,0,0,0,0,,0,,0,0,0,0,79,16,44,12,41,2,2,10,4,1,11,10,0,0,0,0,0,0,1,1,0,4,51,0,0,0,0,0,0,0,0,,,0,0,0,0,0,0,0,0,0,0,0,0,,,,0,0,0,0,0,0,0,,0,0,0,0,,0,0
00-0035681,M.Edwards,Mike Edwards,SAF,DB,"https://static.www.nfl.com/image/upload/f_auto,q_auto/league/bk3iu3ki1uhkalg3dt28",2023,REG,KC,17,0,0,0,0,0,0,0,0,0,0,0,0,,,0,,0,0,0,0,0,0,,0,0,0,0,0,0,0,0,0,0,,0,,0,0,0,0,29,3,19,1,10,0,1,10,1,1,16,5,0,0,0,0,0,0,2,2,1,1,11,0,0,0,0,0,0,0,0,,,0,0,0,0,0,0,0,0,0,0,0,0,,,,0,0,0,0,0,0,0,,0,0,0,0,,0,0
00-0035683,D.Lawrence,Dexter Lawrence,DT,DL,"https://static.www.nfl.com/image/upload/f_auto,q_auto/league/t204hku4pnzartvixi2m",2023,REG,NYG,16,0,0,0,0,0,0,0,0,0,0,0,0,,,0,,0,0,0,0,0,0,,0,0,0,0,0,0,0,0,0,0,,0,,0,0,0,0,27,5,21,6,47,0,4.5,36.5,21,0,0,2,0,0,0,0,0,0,0,0,0,0,0,0,0,0,0,0,0,0,0,,,0,0,0,0,0,0,0,0,0,0,0,0,,,,0,0,0,0,0,0,0,,0,0,0,0,,0,0
00-0035685,D.Montgomery,David Montgomery,RB,RB,"https://static.www.nfl.com/image/upload/f_auto,q_auto/league/xeb6fq4zimgkksq7uari",2023,REG,DET,14,0,0,0,0,0,0,0,0,0,0,0,0,,,0,,219,1015,13,2,1,60,10.2834007442979,1,16,24,117,0,0,0,-19,149,7,-8.17986384214601,0,-6.15789473684211,0.0418118466898955,-0.00465002447381302,0.0594627529031741,0,1,0,0,0,0,0,0,0,0,0,0,0,0,0,0,0,1,1,0,0,0,1,12,0,0,0,0,0,0,0,0,,,0,0,0,0,0,0,0,0,0,0,0,0,,,,0,0,0,0,0,0,0,,0,0,0,0,,191.2,207.2
00-0035686,M.Deiter,Michael Deiter,C,OL,"https://static.www.nfl.com/image/upload/f_auto,q_auto/league/rr4ex2fuppsjfwga6t4z",2023,REG,HOU,4,0,0,0,0,0,0,0,0,0,0,0,0,,,0,,0,0,0,0,0,0,,0,0,0,0,0,0,0,0,0,0,,0,,0,0,0,0,0,0,0,0,0,0,0,0,0,0,0,0,0,0,0,0,0,0,0,0,0,4,40,0,0,0,0,0,0,0,0,,,0,0,0,0,0,0,0,0,0,0,0,0,,,,0,0,0,0,0,0,0,,0,0,0,0,,0,0
00-0035687,B.Okereke,Bobby Okereke,ILB,LB,"https://static.www.nfl.com/image/upload/f_auto,q_auto/league/q5gc9nwmikqcyza7m3ku",2023,REG,NYG,17,0,0,0,0,0,0,0,0,0,0,0,0,,,0,,0,0,0,0,0,0,,0,0,0,0,0,0,0,0,0,0,,0,,0,0,0,0,84,8,57,8,26,4,2.5,23,6,2,62,10,0,0,0,0,0,0,0,0,0,6,49,0,0,0,0,0,0,0,0,,,0,0,0,0,0,0,0,0,0,0,0,0,,,,0,0,0,0,0,0,0,,0,0,0,0,,0,0
00-0035688,T.Pipkins,Trey Pipkins,OT,OL,"https://static.www.nfl.com/image/upload/f_auto,q_auto/league/nhze2mywnxrcmwyck0x4",2023,REG,LAC,6,0,0,0,0,0,0,0,0,0,0,0,0,,,0,,0,0,0,0,0,0,,0,0,0,0,0,0,0,0,0,0,1.053,1,,0,0,0,0,1,0,0,0,0,0,0,0,0,0,0,0,0,0,0,0,0,0,0,0,0,5,35,0,0,0,0,0,0,0,0,,,0,0,0,0,0,0,0,0,0,0,0,0,,,,0,0,0,0,0,0,0,,0,0,0,0,,2,2
00-0035689,D.Knox,Dawson Knox,TE,TE,"https://static.www.nfl.com/image/upload/f_auto,q_auto/league/mswln16dmfhi7m7pzh7q",2023,REG,BUF,10,0,0,0,0,0,0,0,0,0,0,0,0,,,0,,0,0,0,0,0,0,,0,22,36,186,2,0,0,253,96,13,-11.3349755674628,1,0.735177865612648,0.0660550458715596,0.0503783353245719,0.13434740353454,0,0,0,0,0,0,0,0,0,0,0,0,0,0,0,0,0,0,0,0,0,0,4,30,0,0,0,0,0,0,0,0,,,0,0,0,0,0,0,0,0,0,0,0,0,,,,0,0,0,0,0,0,0,,0,0,0,0,,32.6,54.6
00-0035692,C.Ferrell,Clelin Ferrell,DE,DL,"https://static.www.nfl.com/image/upload/f_auto,q_auto/league/rit24n5qbvlrxdv6w9fq",2023,REG,SF,15,0,0,0,0,0,0,0,0,0,0,0,0,,,0,,0,0,0,0,0,0,,0,0,0,0,0,0,0,0,0,0,,0,,0,0,0,0,13,2,13,5,18,1,3.5,12.5,13,0,0,1,0,0,0,0,0,0,1,1,0,0,0,0,0,0,0,0,0,0,0,,,0,0,0,0,0,0,0,0,0,0,0,0,,,,0,0,0,0,0,0,0,,0,0,0,0,,0,0
00-0035693,J.Abram,Johnathan Abram,DB,DB,"https://static.www.nfl.com/image/upload/f_auto,q_auto/league/d2zdaol75a3i4s2sdb4r",2023,REG,NO,7,0,0,0,0,0,0,0,0,0,0,0,0,,,0,,0,0,0,0,0,0,,0,0,0,0,0,0,0,0,0,0,,0,,0,0,0,0,14,0,12,1,1,1,0,0,0,1,0,1,0,0,0,0,0,0,0,0,0,0,0,0,0,0,0,0,0,0,0,,,0,0,0,0,0,0,0,0,0,0,0,0,,,,0,0,0,0,0,0,0,,0,0,0,0,,0,0
00-0035696,D.Shelley,Duke Shelley,CB,DB,"https://static.www.nfl.com/image/upload/f_auto,q_auto/league/jmidsg7krhjba8rbvoha",2023,REG,LA,6,0,0,0,0,0,0,0,0,0,0,0,0,,,0,,0,0,0,0,0,0,,0,0,0,0,0,0,0,0,0,0,,0,,0,0,0,0,6,1,1,0,0,0,0,0,0,0,0,2,0,0,0,0,0,0,1,1,0,2,25,0,0,0,0,0,0,0,0,,,0,0,0,0,0,0,0,0,0,0,0,0,,,,0,0,0,0,0,0,0,,0,0,0,0,,0,0
00-0035697,G.Pratt,Germaine Pratt,LB,LB,"https://static.www.nfl.com/image/upload/f_auto,q_auto/league/genaletbuldhonkf0zlc",2023,REG,CIN,17,0,0,0,0,0,0,0,0,0,0,0,0,,,0,,0,0,0,0,0,0,,0,0,0,0,0,0,0,0,0,0,,0,,0,0,0,0,49,14,55,4,13,2,2,11.5,3,2,9,3,0,0,0,0,0,0,0,0,0,1,5,0,0,0,0,0,0,0,0,,,0,0,0,0,0,0,0,0,0,0,0,0,,,,0,0,0,0,0,0,0,,0,0,0,0,,0,0
00-0035698,C.Edoga,Chuma Edoga,OT,OL,"https://static.www.nfl.com/image/upload/f_auto,q_auto/league/cjz3anx4ehf8eny1p11v",2023,REG,DAL,3,0,0,0,0,0,0,0,0,0,0,0,0,,,0,,0,0,0,0,0,0,,0,0,0,0,0,0,0,0,0,0,,0,,0,0,0,0,0,0,0,0,0,0,0,0,0,0,0,0,0,0,0,0,0,0,0,0,0,3,20,0,0,0,0,0,0,0,0,,,0,0,0,0,0,0,0,0,0,0,0,0,,,,0,0,0,0,0,0,0,,0,0,0,0,,0,0
00-0035699,J.Dean,Jamel Dean,CB,DB,"https://static.www.nfl.com/image/private/f_auto,q_auto/league/s0k1zs9nyl2cqsjwf5cs",2023,REG,TB,12,0,0,0,0,0,0,0,0,0,0,0,0,,,0,,0,0,0,0,0,0,,0,0,0,0,0,0,0,0,0,0,,0,,0,0,0,0,43,3,15,0,0,0,0,0,0,0,0,4,0,0,0,0,0,0,2,2,0,3,15,0,0,0,0,0,0,0,0,,,0,0,0,0,0,0,0,0,0,0,0,0,,,,0,0,0,0,0,0,0,,0,0,0,0,,0,0
00-0035700,J.Jacobs,Josh Jacobs,RB,RB,"https://static.www.nfl.com/image/upload/f_auto,q_auto/league/drtobqw2mk7yw3edjgwo",2023,REG,LV,13,0,0,0,0,0,1,-4,0,0,0,0,0,-1.07640659611207,,0,,233,805,6,2,1,35,-44.3192915947308,0,37,54,296,0,1,0,38,293,15,-0.396548579951697,0,7.78947368421053,0.101694915254237,0.0088764307404812,0.158755874399693,0,2,0,0,0,0,0,0,0,0,0,0,0,0,0,0,0,0,0,0,0,0,2,6,0,0,0,0,0,0,0,0,,,0,0,0,0,0,0,0,0,0,0,0,0,,,,0,0,0,0,0,0,0,,0,0,0,0,,144.1,181.1
00-0035702,D.Risner,Dalton Risner,G,OL,"https://static.www.nfl.com/image/upload/f_auto,q_auto/league/zjxm9sjrgpebfesh1b0h",2023,REG,MIN,4,0,0,0,0,0,0,0,0,0,0,0,0,,,0,,0,0,0,0,0,0,,0,0,0,0,0,0,0,0,0,0,,0,,0,0,0,0,2,0,0,0,0,0,0,0,0,0,0,0,0,0,0,0,0,0,0,0,0,2,14,0,0,0,0,0,0,0,0,,,0,0,0,0,0,0,0,0,0,0,0,0,,,,0,0,0,0,0,0,0,,0,0,0,0,,0,0
00-0035703,M.Boykin,Miles Boykin,WR,WR,"https://static.www.nfl.com/image/upload/f_auto,q_auto/league/v83sulqxwqmk6sp9qnqr",2023,REG,PIT,8,0,0,0,0,0,0,0,0,0,0,0,0,,,0,,0,0,0,0,0,0,,0,3,4,17,0,0,0,19,2,0,-1.67128052051691,0,0.894736842105263,0.00826446280991736,0.00501981505944518,0.0159105647564877,0,4,0,1,0,0,0,0,0,0,0,0,0,0,0,0,0,0,0,0,0,0,1,10,0,0,0,0,0,0,0,0,,,0,0,0,0,0,0,0,0,0,0,0,0,,,,0,0,0,0,0,0,0,,0,0,0,0,,1.7,4.7
00-0035704,D.Lock,Drew Lock,QB,QB,"https://static.www.nfl.com/image/upload/f_auto,q_auto/league/e0xz0hu8s0lpbwlr0bzj",2023,REG,SEA,4,48,76,543,3,3,6,-26,0,0,621,305,20,-1.60072279109785,-5.08283889293671,0,0.874396135265701,5,14,0,0,0,2,-0.21092454198515,0,0,0,0,0,0,0,0,0,0,,0,,0,0,0,0,0,0,0,0,0,0,0,0,0,0,0,0,0,0,0,0,0,0,0,0,0,2,14,0,0,0,0,0,0,0,0,,,0,0,0,0,0,0,0,0,0,0,0,0,,,,0,0,0,0,0,0,0,,0,0,0,0,,29.12,29.12
00-0035705,J.Thompson,Jalen Thompson,SAF,DB,"https://static.www.nfl.com/image/upload/f_auto,q_auto/league/gbb1sb2kkjlihuax2cud",2023,REG,ARI,15,0,0,0,0,0,0,0,0,0,0,0,0,,,0,,0,0,0,0,0,0,,0,0,0,0,0,0,0,0,0,0,,0,,0,0,0,0,52,7,19,5,15,1,1,9,3,4,49,9,0,0,0,0,0,0,0,0,0,3,40,0,0,0,0,0,0,0,0,,,0,0,0,0,0,0,0,0,0,0,0,0,,,,0,0,0,0,0,0,0,,0,0,0,0,,0,0
00-0035707,D.White,Devin White,LB,LB,"https://static.www.nfl.com/image/upload/f_auto,q_auto/league/oqv87a7jn67zgnlplnbp",2023,REG,TB,14,0,0,0,0,0,0,0,0,0,0,0,0,,,0,,0,0,0,0,0,0,,0,0,0,0,0,0,0,0,0,0,,0,,0,0,0,0,37,12,34,5,21,0,2.5,19,9,2,36,6,0,0,0,0,0,0,0,0,0,1,15,0,0,0,0,0,0,0,0,,,0,0,0,0,0,0,0,0,0,0,0,0,,,,0,0,0,0,0,0,0,,0,0,0,0,,0,0
00-0035708,O.Ximines,Oshane Ximines,LB,LB,"https://static.www.nfl.com/image/upload/f_auto,q_auto/league/lwucizbpvqrkpolyndj8",2023,REG,NYG,3,0,0,0,0,0,0,0,0,0,0,0,0,,,0,,0,0,0,0,0,0,,0,0,0,0,0,0,0,0,0,0,,0,,0,0,0,0,1,0,3,0,0,0,0,0,2,0,0,0,0,0,0,0,0,0,0,0,0,0,0,0,0,0,0,0,0,0,0,,,0,0,0,0,0,0,0,0,0,0,0,0,,,,0,0,0,0,0,0,0,,0,0,0,0,,0,0
00-0035710,D.Jones,Daniel Jones,QB,QB,"https://static.www.nfl.com/image/upload/f_auto,q_auto/league/nhuiypfjzpkisxllinyv",2023,REG,NYG,6,108,160,909,2,6,30,-167,3,1,1096,440,43,-61.402004205717,0.279664262837055,0,0.829379562043796,40,206,1,1,0,17,5.83452782023381,0,0,0,0,0,0,0,0,0,0,,0,,0,0,0,0,1,0,0,0,0,0,0,0,0,0,0,0,0,0,0,0,2,3,0,0,0,0,0,0,0,0,0,0,0,0,0,,,0,0,0,0,0,0,0,0,0,0,0,0,,,,0,0,0,0,0,0,0,,0,0,0,0,,56.96,56.96
00-0035713,B.Burns,Brian Burns,LB,LB,"https://static.www.nfl.com/image/upload/f_auto,q_auto/league/glmrmpqkmsc0jiyicmlg",2023,REG,CAR,16,0,0,0,0,0,0,0,0,0,0,0,0,,,0,,0,0,0,0,0,0,,0,0,0,0,0,0,0,0,0,0,,0,,0,0,0,0,25,7,18,13,74,1,8,56,18,0,0,2,0,0,0,0,0,0,1,1,0,4,50,0,0,0,0,0,0,0,0,,,0,0,0,0,0,0,0,0,0,0,0,0,,,,0,0,0,0,0,0,0,,0,0,0,0,,0,0
00-0035715,D.Gore,Derrick Gore,RB,RB,"https://static.www.nfl.com/image/private/f_auto,q_auto/league/wk7zy3ceecze3ly0mj7c",2023,REG,WAS,3,0,0,0,0,0,0,0,0,0,0,0,0,,,0,,3,26,0,0,0,1,-1.32363200120744,0,0,0,0,0,0,0,0,0,0,,0,,0,0,0,0,0,0,1,0,0,0,0,0,0,0,0,0,0,0,0,0,0,0,0,0,0,0,0,0,0,0,0,0,0,0,0,,,0,0,0,0,0,0,0,0,0,0,0,0,,,,0,0,0,0,0,0,0,,0,0,0,0,,2.6,2.6
00-0035717,N.Bosa,Nick Bosa,DE,DL,"https://static.www.nfl.com/image/upload/f_auto,q_auto/league/d41bo71xbojqb4picswi",2023,REG,SF,17,0,0,0,0,0,0,0,0,0,0,0,0,,,0,,0,0,0,0,0,0,,0,0,0,0,0,0,0,0,0,0,,0,,0,0,0,0,27,7,19,13,53,2,10.5,58.5,35,0,0,4,0,0,0,0,0,0,1,1,0,6,40,0,0,0,0,0,0,0,0,,,0,0,0,0,0,0,0,0,0,0,0,0,,,,0,0,0,0,0,0,0,,0,0,0,0,,0,0
00-0035718,Q.Williams,Quinnen Williams,DT,DL,"https://static.www.nfl.com/image/upload/f_auto,q_auto/league/iag4dppbwkghvogebnpc",2023,REG,NYJ,17,0,0,0,0,0,0,0,0,0,0,0,0,,,0,,0,0,0,0,0,0,,0,0,0,0,0,0,0,0,0,0,,0,,0,0,0,0,32,7,23,10,53,1,5.5,45,20,1,7,3,0,0,0,0,0,0,1,1,0,3,35,0,0,0,0,0,0,0,0,,,0,0,0,0,0,0,0,0,0,0,0,0,,,,0,0,0,0,0,0,0,,0,0,0,0,,0,0
00-0035719,D.Samuel,Deebo Samuel Sr.,WR,WR,"https://static.www.nfl.com/image/upload/f_auto,q_auto/league/ntgyhqg6hq7fanhhsqiw",2023,REG,SF,15,0,1,0,0,0,0,0,0,0,11,0,0,-0.443187787313946,,0,0,37,225,5,0,0,15,10.2943091771609,0,60,89,892,7,1,0,586,527,35,40.8879827787638,0,1.5221843003413,0.18895966029724,0.145843703334993,0.385530082780355,0,0,0,0,0,0,0,0,0,0,0,0,0,0,0,0,0,0,0,0,0,0,2,15,0,0,6,154,0,0,0,0,,,0,0,0,0,0,0,0,0,0,0,0,0,,,,0,0,0,0,0,0,0,,0,0,0,0,,183.7,243.7
00-0035726,Jak.Johnson,Jakob Johnson,RB,RB,"https://static.www.nfl.com/image/upload/f_auto,q_auto/league/awuzhbfuubbmxzxxdtsb",2023,REG,LV,8,0,0,0,0,0,0,0,0,0,0,0,0,,,0,,0,0,0,0,0,0,,0,1,2,12,0,0,0,6,10,0,1.03370134159923,0,2,0.00376647834274953,0.00140154169586545,0.00663079670123011,0,2,2,1,0,0,0,0,0,0,0,0,0,0,0,0,0,0,0,0,0,0,3,20,0,0,0,0,0,0,0,0,,,0,0,0,0,0,0,0,0,0,0,0,0,,,,0,0,0,0,0,0,0,,0,0,0,0,,1.2,2.2
00-0035743,B.Toth,Brett Toth,G,OL,"https://static.www.nfl.com/image/upload/f_auto,q_auto/league/zizzehbd7dm27rhfeu0d",2023,REG,CAR,1,0,0,0,0,0,0,0,0,0,0,0,0,,,0,,0,0,0,0,0,0,,0,0,0,0,0,0,0,0,0,0,,0,,0,0,0,0,0,0,0,0,0,0,0,0,0,0,0,0,0,0,0,0,0,0,0,0,0,1,10,0,0,0,0,0,0,0,0,,,0,0,0,0,0,0,0,0,0,0,0,0,,,,0,0,0,0,0,0,0,,0,0,0,0,,0,0
00-0035757,J.Bobenmoyer,Jacob Bobenmoyer,LS,SPEC,"https://static.www.nfl.com/image/upload/f_auto,q_auto/league/cjpwsinxkggwwfhaahga",2023,REG,LV,3,0,0,0,0,0,0,0,0,0,0,0,0,,,0,,0,0,0,0,0,0,,0,0,0,0,0,0,0,0,0,0,,0,,0,0,0,0,1,0,2,0,0,0,0,0,0,0,0,0,0,0,0,0,0,0,0,0,0,0,0,0,0,0,0,0,0,0,0,,,0,0,0,0,0,0,0,0,0,0,0,0,,,,0,0,0,0,0,0,0,,0,0,0,0,,0,0
00-0035763,M.Roach,Malcolm Roach,DT,DL,"https://static.www.nfl.com/image/upload/f_auto,q_auto/league/oxcd8veodm7hkiualglu",2023,REG,NO,11,0,0,0,0,0,0,0,0,0,0,0,0,,,0,,0,0,0,0,0,0,,0,0,0,0,0,0,0,0,0,0,,0,,0,0,0,0,10,3,25,3,6,0,0,0,1,0,0,3,0,0,0,0,0,0,0,0,0,0,0,0,0,0,0,0,0,0,0,,,0,0,0,0,0,0,0,0,0,0,0,0,,,,0,0,0,0,0,0,0,,0,0,0,0,,0,0
00-0035764,C.Throckmorton,Calvin Throckmorton,G,OL,"https://static.www.nfl.com/image/upload/f_auto,q_auto/league/pz1qhivdpvz1lwl5aziw",2023,REG,TEN,2,0,0,0,0,0,0,0,0,0,0,0,0,,,0,,0,0,0,0,0,0,,0,0,0,0,0,0,0,0,0,0,,0,,0,0,0,0,0,0,0,0,0,0,0,0,0,0,0,0,0,0,0,0,0,0,0,0,0,2,15,0,0,0,0,0,0,0,0,,,0,0,0,0,0,0,0,0,0,0,0,0,,,,0,0,0,0,0,0,0,,0,0,0,0,,0,0
00-0035771,M.Wilcox,Mitchell Wilcox,TE,TE,"https://static.www.nfl.com/image/private/f_auto,q_auto/league/cxh2vsypwniukuheewu0",2023,REG,CIN,12,0,0,0,0,0,0,0,0,0,0,0,0,,,0,,0,0,0,0,0,0,,0,9,12,56,0,0,0,12,48,2,0.202913596731378,0,4.66666666666667,0.0202702702702703,0.00309437854564208,0.0325714703873549,0,3,0,1,0,0,0,0,0,0,0,0,0,0,0,0,0,0,0,0,0,0,2,10,0,0,0,0,0,0,0,0,,,0,0,0,0,0,0,0,0,0,0,0,0,,,,0,0,0,0,0,0,0,,0,0,0,0,,5.6,14.6
00-0035783,T.Hall,Tyler Hall,CB,DB,"https://static.www.nfl.com/image/upload/f_auto,q_auto/league/meyai4iv2fxkclmmccwc",2023,REG,LV,5,0,0,0,0,0,0,0,0,0,0,0,0,,,0,,0,0,0,0,0,0,,0,0,0,0,0,0,0,0,0,0,,0,,0,0,0,0,8,8,4,0,0,0,0,0,0,0,0,0,0,0,0,0,0,0,0,0,0,0,0,0,0,0,0,0,0,0,0,,,0,0,0,0,0,0,0,0,0,0,0,0,,,,0,0,0,0,0,0,0,,0,0,0,0,,0,0
00-0035795,J.Pierre,James Pierre,CB,DB,"https://static.www.nfl.com/image/upload/f_auto,q_auto/league/zasdorlctouussgqzvwm",2023,REG,PIT,6,0,0,0,0,0,0,0,0,0,0,0,0,,,0,,0,0,0,0,0,0,,0,0,0,0,0,0,0,0,0,0,,0,,0,0,0,0,5,1,2,0,0,0,0,0,0,0,0,0,0,0,0,0,0,0,0,0,0,3,32,0,0,0,0,0,0,0,0,,,0,0,0,0,0,0,0,0,0,0,0,0,,,,0,0,0,0,0,0,0,,0,0,0,0,,0,0
00-0035806,J.Hasty,JaMycal Hasty,RB,RB,"https://static.www.nfl.com/image/upload/f_auto,q_auto/league/stvclosmy6zi864kfxw7",2023,REG,JAX,1,0,0,0,0,0,0,0,0,0,0,0,0,,,0,,0,0,0,0,0,0,,0,0,2,0,0,0,0,24,0,0,-2.36844285400376,0,0,0.00329489291598023,0.00481830957639028,0.00831515607744355,0,0,0,0,0,0,0,0,0,0,0,0,0,0,0,0,0,0,0,0,0,0,0,0,0,0,0,0,0,0,0,0,,,0,0,0,0,0,0,0,0,0,0,0,0,,,,0,0,0,0,0,0,0,,0,0,0,0,,0,0
00-0035827,R.Matiscik,Ross Matiscik,LS,SPEC,"https://static.www.nfl.com/image/upload/f_auto,q_auto/league/peerx3z23y51k34wfqps",2023,REG,JAX,6,0,0,0,0,0,0,0,0,0,0,0,0,,,0,,0,0,0,0,0,0,,0,0,0,0,0,0,0,0,0,0,,0,,0,0,0,0,8,0,0,0,0,1,0,0,0,0,0,0,0,0,0,0,0,0,1,1,0,0,0,0,0,0,0,0,0,0,0,,,0,0,0,0,0,0,0,0,0,0,0,0,,,,0,0,0,0,0,0,0,,0,0,0,0,,0,0
00-0035831,J.Robinson,James Robinson,RB,RB,"https://static.www.nfl.com/image/upload/f_auto,q_auto/league/htviio8mhknq9cennrdq",2023,REG,GB,1,0,0,0,0,0,0,0,0,0,0,0,0,,,0,,1,2,0,0,0,0,-0.481721363612451,0,1,1,-2,0,0,0,-3,1,0,-1.12491639098153,0,0.666666666666667,0.0017825311942959,-0.000607287449392713,0.00224869557686895,0,0,0,0,0,0,0,0,0,0,0,0,0,0,0,0,0,0,0,0,0,0,0,0,0,0,0,0,0,0,0,0,,,0,0,0,0,0,0,0,0,0,0,0,0,,,,0,0,0,0,0,0,0,,0,0,0,0,,0,1
00-0035841,B.Jones,Benito Jones,DT,DL,"https://static.www.nfl.com/image/upload/f_auto,q_auto/league/mjruxqws2pnnpe4e0u2r",2023,REG,DET,12,0,0,0,0,0,0,0,0,0,0,0,0,,,0,,0,0,0,0,0,0,,0,0,0,0,0,0,0,0,0,0,,0,,0,0,0,0,10,3,13,3,11,0,1,8,6,0,0,0,0,0,0,0,0,0,0,0,0,1,5,0,0,0,0,0,0,0,0,,,0,0,0,0,0,0,0,0,0,0,0,0,,,,0,0,0,0,0,0,0,,0,0,0,0,,0,0
00-0035853,C.O'Donnell,Carter O'Donnell,G,OL,"https://static.www.nfl.com/image/upload/f_auto,q_auto/league/qxilgn3gnfnwxfoktpkx",2023,REG,ARI,2,0,0,0,0,0,0,0,0,0,0,0,0,,,0,,0,0,0,0,0,0,,0,0,0,0,0,0,0,0,0,0,,0,,0,0,0,0,0,0,0,0,0,0,0,0,0,0,0,0,0,0,0,0,0,0,0,0,0,3,25,0,0,0,0,0,0,0,0,,,0,0,0,0,0,0,0,0,0,0,0,0,,,,0,0,0,0,0,0,0,,0,0,0,0,,0,0
00-0035859,B.Gillikin,Blake Gillikin,P,SPEC,"https://static.www.nfl.com/image/upload/f_auto,q_auto/league/idkikmdoy9mz7fw2dgl0",2023,REG,ARI,12,0,0,0,0,0,0,0,0,0,0,0,0,,,0,,1,10,0,0,0,1,3.48146039084531,0,0,0,0,0,0,0,0,0,0,,0,,0,0,0,0,1,0,1,0,0,0,0,0,0,0,0,0,0,0,0,0,0,0,0,0,0,0,0,0,0,0,0,0,0,0,0,,,0,0,0,0,0,0,0,0,0,0,0,0,,,,0,0,0,0,0,0,0,,0,0,0,0,,1,1
00-0035860,T.Jones,Tony Jones,RB,RB,"https://static.www.nfl.com/image/private/f_auto,q_auto/league/cgvll8lokulmws98olfa",2023,REG,ARI,6,0,0,0,0,0,0,0,0,0,0,0,0,,,0,,26,95,2,0,0,7,1.68785699972068,0,7,10,37,0,0,0,-18,44,1,-4.62358357348887,0,-2.05555555555556,0.0172711571675302,-0.00358851674641148,0.0233947740288073,0,1,0,0,0,0,0,0,0,0,0,0,0,0,0,0,0,0,0,0,0,0,0,0,0,0,0,0,0,0,0,0,,,0,0,0,0,0,0,0,0,0,0,0,0,,,,0,0,0,0,0,0,0,,0,0,0,0,,25.2,32.2
00-0035862,E.Bassey,Essang Bassey,DB,DB,"https://static.www.nfl.com/image/private/f_auto,q_auto/league/v8ljdczkzmunbmmjkvjn",2023,REG,LAC,10,0,0,0,0,0,0,0,0,0,0,0,0,,,0,,0,0,0,0,0,0,,0,0,0,0,0,0,0,0,0,0,,0,,0,0,0,0,13,0,8,0,0,0,0,0,0,0,0,3,0,0,0,0,0,0,0,0,0,2,20,0,0,0,0,0,0,0,0,,,0,0,0,0,0,0,0,0,0,0,0,0,,,,0,0,0,0,0,0,0,,0,0,0,0,,0,0
00-0035876,A.Baccellia,Andre Baccellia,WR,WR,"https://static.www.nfl.com/image/upload/f_auto,q_auto/league/uaqykjil87rj71rkyz70",2023,REG,ARI,1,0,0,0,0,0,0,0,0,0,0,0,0,,,0,,0,0,0,0,0,0,,0,0,0,0,0,0,0,0,0,0,,0,,0,0,0,0,0,0,0,0,0,0,0,0,0,0,0,0,0,0,0,0,0,0,0,0,0,0,0,0,0,1,22,0,0,0,0,,,0,0,0,0,0,0,0,0,0,0,0,0,,,,0,0,0,0,0,0,0,,0,0,0,0,,0,0
00-0035889,T.Townsend,Tommy Townsend,P,SPEC,"https://static.www.nfl.com/image/upload/f_auto,q_auto/league/ct2iphnvz4vl1tdy5wym",2023,REG,KC,17,1,1,11,0,0,0,0,0,0,11,0,1,2.43964067677734,44.6577072143555,0,1,0,0,0,0,0,0,,0,0,0,0,0,0,0,0,0,0,,0,,0,0,0,0,0,0,0,0,0,0,0,0,0,0,0,0,0,0,0,0,0,0,0,0,0,0,0,0,0,0,0,0,0,0,0,,,0,0,0,0,0,0,0,0,0,0,0,0,,,,0,0,0,0,0,0,0,,0,0,0,0,,0.44,0.44
00-0035890,T.Wharton,Tershawn Wharton,DE,DL,"https://static.www.nfl.com/image/upload/f_auto,q_auto/league/mj9xqaj2jvv5unjgxomd",2023,REG,KC,13,0,0,0,0,0,0,0,0,0,0,0,0,,,0,,0,0,0,0,0,0,,0,0,0,0,0,0,0,0,0,0,,0,,0,0,0,0,5,2,14,2,12,0,2,12,5,0,0,0,0,0,0,0,0,0,1,1,0,1,5,0,0,0,0,0,0,0,0,,,0,0,0,0,0,0,0,0,0,0,0,0,,,,0,0,0,0,0,0,0,,0,0,0,0,,0,0
00-0035895,J.Bachie,Joe Bachie,LB,LB,"https://static.www.nfl.com/image/upload/f_auto,q_auto/league/jystq5jdj84wi0pwqzbi",2023,REG,CIN,4,0,0,0,0,0,0,0,0,0,0,0,0,,,0,,0,0,0,0,0,0,,0,0,0,0,0,0,0,0,0,0,,0,,0,0,0,0,0,0,3,0,0,0,0,0,0,0,0,0,0,0,0,0,0,0,0,0,0,1,10,0,0,0,0,0,0,0,0,,,0,0,0,0,0,0,0,0,0,0,0,0,,,,0,0,0,0,0,0,0,,0,0,0,0,,0,0
00-0035903,J.Gaziano,Joe Gaziano,DE,DL,"https://static.www.nfl.com/image/upload/f_auto,q_auto/league/saim6trsnqhedad4hu0r",2023,REG,ATL,2,0,0,0,0,0,0,0,0,0,0,0,0,,,0,,0,0,0,0,0,0,,0,0,0,0,0,0,0,0,0,0,,0,,0,0,0,0,1,0,1,0,0,0,0,0,0,0,0,0,0,0,0,0,0,0,0,0,0,0,0,0,0,0,0,0,0,0,0,,,0,0,0,0,0,0,0,0,0,0,0,0,,,,0,0,0,0,0,0,0,,0,0,0,0,,0,0
00-0035910,T.Smith,T.J. Smith,DT,DL,"https://static.www.nfl.com/image/upload/f_auto,q_auto/league/ew3whemn19zrgyaskr4t",2023,REG,MIN,2,0,0,0,0,0,0,0,0,0,0,0,0,,,0,,0,0,0,0,0,0,,0,0,0,0,0,0,0,0,0,0,,0,,0,0,0,0,1,0,3,0,0,0,0,0,0,0,0,0,0,0,0,0,0,0,0,0,0,0,0,0,0,0,0,0,0,0,0,,,0,0,0,0,0,0,0,0,0,0,0,0,,,,0,0,0,0,0,0,0,,0,0,0,0,,0,0
00-0035924,J.Ward,Jonathan Ward,RB,RB,"https://static.www.nfl.com/image/upload/f_auto,q_auto/league/yct3a4xznwcxjvn4iosk",2023,REG,TEN,2,0,0,0,0,0,0,0,0,0,0,0,0,,,0,,3,11,0,0,0,1,-1.81841936230194,0,0,0,0,0,0,0,0,0,0,,0,,0,0,0,0,1,0,0,0,0,0,0,0,0,0,0,0,0,0,0,0,0,0,0,0,0,0,0,0,0,0,0,0,0,0,0,,,0,0,0,0,0,0,0,0,0,0,0,0,,,,0,0,0,0,0,0,0,,0,0,0,0,,1.1,1.1
00-0035928,E.Banks,Eric Banks,DT,DL,"https://static.www.nfl.com/image/upload/f_auto,q_auto/league/bh2nmfqo5vys96ni7eft",2023,REG,ARI,2,0,0,0,0,0,0,0,0,0,0,0,0,,,0,,0,0,0,0,0,0,,0,0,0,0,0,0,0,0,0,0,,0,,0,0,0,0,1,1,0,0,0,0,0,0,0,0,0,0,0,0,0,0,0,0,0,0,0,0,0,0,0,0,0,0,0,0,0,,,0,0,0,0,0,0,0,0,0,0,0,0,,,,0,0,0,0,0,0,0,,0,0,0,0,,0,0
00-0035933,M.Hoecht,Michael Hoecht,LB,LB,"https://static.www.nfl.com/image/upload/f_auto,q_auto/league/zpg40jv0kwikhxtmcfsi",2023,REG,LA,16,0,0,0,0,0,0,0,0,0,0,0,0,,,0,,0,0,0,0,0,0,,0,0,0,0,0,0,0,0,0,0,,0,,0,0,0,0,37,8,36,7,39,1,6,43,11,0,0,2,0,0,0,0,0,0,0,0,0,2,18,0,0,0,0,0,0,0,0,,,0,0,0,0,0,0,0,0,0,0,0,0,,,,0,0,0,0,0,0,0,,0,0,0,0,,0,0
00-0035934,T.Jackson,Trishton Jackson,WR,WR,"https://static.www.nfl.com/image/upload/f_auto,q_auto/league/i0cz4kudel7ofcsgafn8",2023,REG,MIN,2,0,0,0,0,0,0,0,0,0,0,0,0,,,0,,0,0,0,0,0,0,,0,2,4,9,0,0,0,16,7,0,-1.6050638459699,1,0.5625,0.0066006600660066,0.00324543610547667,0.0121727953728436,0,0,0,0,0,0,0,0,0,0,0,0,0,0,0,0,0,0,0,0,0,0,0,0,0,0,0,0,0,0,0,0,,,0,0,0,0,0,0,0,0,0,0,0,0,,,,0,0,0,0,0,0,0,,0,0,0,0,,2.9,4.9
00-0035942,C.Rozeboom,Christian Rozeboom,LB,LB,"https://static.www.nfl.com/image/upload/f_auto,q_auto/league/kobbnik0wg5amqr1imnr",2023,REG,LA,17,0,0,0,0,0,0,0,0,0,0,0,0,,,0,,0,0,0,0,0,0,,0,0,0,0,0,0,0,0,0,0,,0,,0,0,0,0,40,8,31,2,5,0,0,0,2,1,0,4,0,0,0,0,0,0,0,0,0,0,0,0,0,0,0,0,0,0,0,,,0,0,0,0,0,0,0,0,0,0,0,0,,,,0,0,0,0,0,0,0,,0,0,0,0,,0,0
00-0035944,J.Williams,Jonah Williams,DE,DL,"https://static.www.nfl.com/image/upload/f_auto,q_auto/league/d5yxodbic254mvmcqvel",2023,REG,LA,16,0,0,0,0,0,0,0,0,0,0,0,0,,,0,,0,0,0,0,0,0,,0,0,0,0,0,0,0,0,0,0,,0,,0,0,0,0,13,7,29,3,22,0,2,21,4,0,0,1,0,0,0,0,0,0,0,0,0,2,6,0,0,0,0,0,0,0,0,,,0,0,0,0,0,0,0,0,0,0,0,0,,,,0,0,0,0,0,0,0,,0,0,0,0,,0,0
00-0035946,M.Adams,Myles Adams,DT,DL,"https://static.www.nfl.com/image/upload/f_auto,q_auto/league/f11lhmyjrovmo0mdp5wa",2023,REG,SEA,3,0,0,0,0,0,0,0,0,0,0,0,0,,,0,,0,0,0,0,0,0,,0,0,0,0,0,0,0,0,0,0,,0,,0,0,0,0,2,0,4,1,7,0,1,7,1,0,0,0,0,0,0,0,0,0,0,0,0,0,0,0,0,0,0,0,0,0,0,,,0,0,0,0,0,0,0,0,0,0,0,0,,,,0,0,0,0,0,0,0,,0,0,0,0,,0,0
00-0035956,G.Ricci,Giovanni Ricci,TE,TE,"https://static.www.nfl.com/image/upload/f_auto,q_auto/league/irj1ejjmt0nvi1hlscr7",2023,REG,CAR,2,0,0,0,0,0,0,0,0,0,0,0,0,,,0,,0,0,0,0,0,0,,0,1,1,2,0,0,0,-1,3,0,-0.489649289753288,0,0,0.00187265917602996,-0.000223114680946006,0.00265280848738274,0,2,0,0,0,0,0,0,0,0,0,0,0,0,0,0,0,0,0,0,0,0,0,0,0,0,0,0,0,0,0,0,,,0,0,0,0,0,0,0,0,0,0,0,0,,,,0,0,0,0,0,0,0,,0,0,0,0,,0.2,1.2
00-0035961,K.Barnes,Krys Barnes,LB,LB,"https://static.www.nfl.com/image/upload/f_auto,q_auto/league/xgq5wwfuk5s2frsx0ha0",2023,REG,ARI,12,0,0,0,0,0,0,0,0,0,0,0,0,,,0,,0,0,0,0,0,0,,0,0,0,0,0,0,0,0,0,0,,0,,0,0,0,0,28,7,20,3,4,0,0,0,1,1,46,6,0,0,0,0,0,0,0,0,0,0,0,0,0,0,0,0,0,0,0,,,0,0,0,0,0,0,0,0,0,0,0,0,,,,0,0,0,0,0,0,0,,0,0,0,0,,0,0
00-0035973,P.Taylor,Patrick Taylor,RB,RB,"https://static.www.nfl.com/image/upload/f_auto,q_auto/league/nd1utxii5exwfoujq5a4",2023,REG,GB,11,0,0,0,0,0,0,0,0,0,0,0,0,,,0,,32,141,0,0,0,7,-3.30517244252862,0,11,17,49,0,0,0,-8,59,4,-5.77734160461114,0,-6.125,0.0303030303030303,-0.00161943319838057,0.0443209422156791,0,3,0,1,0,0,0,0,0,0,0,0,0,0,0,0,0,0,0,0,0,0,0,0,0,0,0,0,0,0,0,0,,,0,0,0,0,0,0,0,0,0,0,0,0,,,,0,0,0,0,0,0,0,,0,0,0,0,,19,30
00-0035976,D.Chisena,Dan Chisena,WR,WR,"https://static.www.nfl.com/image/upload/f_auto,q_auto/league/ajn5xdsfu4tn4mohmlg3",2023,REG,ARI,1,0,0,0,0,0,0,0,0,0,0,0,0,,,0,,0,0,0,0,0,0,,0,0,0,0,0,0,0,0,0,0,,0,,0,0,0,0,0,0,2,0,0,0,0,0,0,0,0,0,0,0,0,0,0,0,0,0,0,0,0,0,0,0,0,0,0,0,0,,,0,0,0,0,0,0,0,0,0,0,0,0,,,,0,0,0,0,0,0,0,,0,0,0,0,,0,0
00-0035984,B.Lynch,Blake Lynch,LB,LB,"https://static.www.nfl.com/image/upload/f_auto,q_auto/league/r2skp5v2pgvumlmqzhgl",2023,REG,LAC,4,0,0,0,0,0,0,0,0,0,0,0,0,,,0,,0,0,0,0,0,0,,0,0,0,0,0,0,0,0,0,0,,0,,0,0,0,0,3,0,1,0,0,0,0,0,0,0,0,0,0,0,0,0,0,0,0,0,0,0,0,0,0,0,0,0,0,0,0,,,0,0,0,0,0,0,0,0,0,0,0,0,,,,0,0,0,0,0,0,0,,0,0,0,0,,0,0
00-0035993,T.Huntley,Tyler Huntley,QB,QB,"https://static.www.nfl.com/image/upload/f_auto,q_auto/league/zqrzxwprqfsh4t4aa8lk",2023,REG,BAL,5,21,37,203,3,0,4,-28,0,0,249,78,13,3.80045475512065,-7.07836525780814,0,0.815261044176707,15,55,0,0,0,3,-5.00479880979401,0,0,0,0,0,0,0,0,0,0,,0,,0,0,0,0,0,0,0,0,0,0,0,0,0,0,0,0,0,0,0,0,0,0,0,0,0,0,0,0,0,0,0,0,0,0,0,,,0,0,0,0,0,0,0,0,0,0,0,0,,,,0,0,0,0,0,0,0,,0,0,0,0,,25.62,25.62
00-0035995,G.Arnold,Grayland Arnold,SAF,DB,"https://static.www.nfl.com/image/upload/f_auto,q_auto/league/hl3qqnsctx0o0ocwt37h",2023,REG,HOU,5,0,0,0,0,0,0,0,0,0,0,0,0,,,0,,0,0,0,0,0,0,,0,0,0,0,0,0,0,0,0,0,,0,,0,0,0,0,9,3,6,0,0,1,0,0,0,0,0,0,0,0,0,0,0,0,0,0,0,0,0,0,0,0,0,0,0,0,0,,,0,0,0,0,0,0,0,0,0,0,0,0,,,,0,0,0,0,0,0,0,,0,0,0,0,,0,0
00-0036002,E.Riley,Elijah Riley,DB,DB,"https://static.www.nfl.com/image/upload/f_auto,q_auto/league/gqddvgy98q4lnvljvuee",2023,REG,PIT,7,0,0,0,0,0,0,0,0,0,0,0,0,,,0,,0,0,0,0,0,0,,0,0,0,0,0,0,0,0,0,0,,0,,0,0,0,0,5,0,7,2,7,0,1,2,1,0,0,0,0,0,0,0,0,0,0,0,0,0,0,0,0,0,0,0,0,0,0,,,0,0,0,0,0,0,0,0,0,0,0,0,,,,0,0,0,0,0,0,0,,0,0,0,0,,0,0
00-0036011,B.Price,Bobby Price,DB,DB,"https://static.www.nfl.com/image/upload/f_auto,q_auto/league/rlgj4rky5w5k3k53yk4q",2023,REG,ARI,4,0,0,0,0,0,0,0,0,0,0,0,0,,,0,,0,0,0,0,0,0,,0,0,0,0,0,0,0,0,0,0,,0,,0,0,0,0,2,1,1,0,0,0,0,0,0,0,0,0,0,0,0,0,0,0,1,1,0,0,0,0,0,0,0,0,0,0,0,,,0,0,0,0,0,0,0,0,0,0,0,0,,,,0,0,0,0,0,0,0,,0,0,0,0,,0,0
00-0036013,A.Siposs,Arryn Siposs,P,SPEC,"https://static.www.nfl.com/image/private/f_auto,q_auto/league/xyrhamalmegp65bluphn",2023,REG,PHI,2,0,0,0,0,0,0,0,0,0,0,0,0,,,0,,0,0,0,0,0,0,,0,0,0,0,0,0,0,0,0,0,,0,,0,0,0,0,0,0,0,0,0,0,0,0,0,0,0,0,0,0,0,0,0,0,0,0,0,0,0,0,0,0,0,0,0,0,0,,,0,0,0,0,0,0,0,0,0,0,0,0,,,,0,0,0,0,0,0,0,,0,0,0,0,,0,0
00-0036020,S.Ahmed,Salvon Ahmed,RB,RB,"https://static.www.nfl.com/image/upload/f_auto,q_auto/league/pwpbwvqv5nslmayu2aob",2023,REG,MIA,7,0,0,0,0,0,0,0,0,0,0,0,0,,,0,,22,61,1,0,0,4,-0.23326447600266,0,16,23,88,1,0,0,14,109,4,-10.4890078431636,0,6.28571428571429,0.0418943533697632,0.00325127728750581,0.0651174241558989,0,0,0,0,0,0,0,0,0,0,0,0,0,0,0,0,0,0,0,0,0,0,0,0,0,0,0,0,0,0,0,0,,,0,0,0,0,0,0,0,0,0,0,0,0,,,,0,0,0,0,0,0,0,,0,0,0,0,,26.9,42.9
00-0036032,S.McKeon,Sean McKeon,TE,TE,"https://static.www.nfl.com/image/upload/f_auto,q_auto/league/vtkdheedmwcb2sjunayt",2023,REG,DAL,8,0,0,0,0,0,0,0,0,0,0,0,0,,,0,,0,0,0,0,0,0,,0,0,2,0,0,0,0,13,0,0,-6.45354717166629,0,0,0.00330578512396694,0.00271172298706717,0.00685688377689743,0,0,1,1,0,0,0,0,0,0,0,0,0,0,0,0,0,1,1,0,0,0,3,25,0,0,0,0,0,0,0,0,,,0,0,0,0,0,0,0,0,0,0,0,0,,,,0,0,0,0,0,0,0,,0,0,0,0,,0,0
00-0036036,T.Steele,Terence Steele,OT,OL,"https://static.www.nfl.com/image/upload/f_auto,q_auto/league/ezmoh6joqsserp3ogcqc",2023,REG,DAL,7,0,0,0,0,0,0,0,0,0,0,0,0,,,0,,0,0,0,0,0,0,,0,0,0,0,0,0,0,0,0,0,,0,,0,0,0,0,1,0,0,0,0,0,0,0,0,0,0,0,0,0,0,0,1,1,0,0,0,6,39,0,0,0,0,0,0,0,0,,,0,0,0,0,0,0,0,0,0,0,0,0,,,,0,0,0,0,0,0,0,,0,0,0,0,,0,0
00-0036037,S.Franklin,Sam Franklin Jr.,SAF,DB,"https://static.www.nfl.com/image/upload/f_auto,q_auto/league/djoisg0rjwm8t8dlskvn",2023,REG,CAR,12,0,0,0,0,0,0,0,0,0,0,0,0,,,0,,0,0,0,0,0,0,,0,0,0,0,0,0,0,0,0,0,,0,,0,0,0,0,18,2,10,0,0,0,0,0,0,1,99,3,1,0,0,0,0,0,0,0,0,4,77,0,0,0,0,0,0,0,0,,,0,0,0,0,0,0,0,0,0,0,0,0,,,,0,0,0,0,0,0,0,,0,0,0,0,,0,0
00-0036040,J.Johnson,Juwan Johnson,TE,TE,"https://static.www.nfl.com/image/upload/f_auto,q_auto/league/wuyyzdqkh5fve8t7kfuv",2023,REG,NO,13,0,0,0,0,0,0,0,0,0,0,0,0,,,0,,0,0,0,0,0,0,,0,37,59,368,4,0,0,444,145,23,-4.48748790575559,0,0.828828828828829,0.101899827288428,0.0885167464114833,0.214811463420681,0,1,0,0,0,0,0,0,0,0,0,0,0,0,0,0,0,1,1,0,0,0,3,20,0,0,0,0,0,0,0,0,,,0,0,0,0,0,0,0,0,0,0,0,0,,,,0,0,0,0,0,0,0,,0,0,0,0,,60.8,97.8
00-0036043,J.Whittaker,Jace Whittaker,CB,DB,"https://static.www.nfl.com/image/private/f_auto,q_auto/league/qklqzam7wwoa2g06qsf9",2023,REG,WAS,1,0,0,0,0,0,0,0,0,0,0,0,0,,,0,,0,0,0,0,0,0,,0,0,0,0,0,0,0,0,0,0,,0,,0,0,0,0,0,0,0,0,0,0,0,0,0,0,0,0,0,0,0,51,0,0,0,0,0,0,0,0,0,0,0,0,0,0,0,,,0,0,0,0,0,0,0,0,0,0,0,0,,,,0,0,0,0,0,0,0,,0,0,0,0,,0,0
00-0036045,C.Gill,Cam Gill,LB,LB,"https://static.www.nfl.com/image/upload/f_auto,q_auto/league/wxadtc7jcfyso4qdbeni",2023,REG,TB,7,0,0,0,0,0,0,0,0,0,0,0,0,,,0,,0,0,0,0,0,0,,0,0,0,0,0,0,0,0,0,0,,0,,0,0,0,0,5,0,7,0,0,1,1,7,1,0,0,0,0,0,0,0,0,0,0,0,0,1,10,0,0,0,0,0,0,0,0,,,0,0,0,0,0,0,0,0,0,0,0,0,,,,0,0,0,0,0,0,0,,0,0,0,0,,0,0
00-0036050,B.Potoa'e,Benning Potoa'e,DE,DL,"https://static.www.nfl.com/image/private/f_auto,q_auto/league/dwe4xk0m7dyrifff5rtq",2023,REG,WAS,1,0,0,0,0,0,0,0,0,0,0,0,0,,,0,,0,0,0,0,0,0,,0,0,0,0,0,0,0,0,0,0,,0,,0,0,0,0,0,0,1,0,0,0,0,0,0,0,0,0,0,0,0,0,0,0,0,0,0,0,0,0,0,0,0,0,0,0,0,,,0,0,0,0,0,0,0,0,0,0,0,0,,,,0,0,0,0,0,0,0,,0,0,0,0,,0,0
00-0036081,B.Washington,Broderick Washington,DT,DL,"https://static.www.nfl.com/image/upload/f_auto,q_auto/league/p5tkzkh6v2hda70lwojk",2023,REG,BAL,12,0,0,0,0,0,0,0,0,0,0,0,0,,,0,,0,0,0,0,0,0,,0,0,0,0,0,0,0,0,0,0,,0,,0,0,0,0,9,1,8,3,16,0,2,15,5,0,0,0,0,0,0,0,0,0,2,2,0,0,0,0,0,0,0,0,0,0,0,,,0,0,0,0,0,0,0,0,0,0,0,0,,,,0,0,0,0,0,0,0,,0,0,0,0,,0,0
00-0036082,L.McCullough,Liam McCullough,LS,SPEC,"https://static.www.nfl.com/image/upload/f_auto,q_auto/league/ahq1mizgl4hoqdfuytlu",2023,REG,ATL,3,0,0,0,0,0,0,0,0,0,0,0,0,,,0,,0,0,0,0,0,0,,0,0,0,0,0,0,0,0,0,0,,0,,0,0,0,0,1,0,2,0,0,0,0,0,0,0,0,0,0,0,0,0,0,0,0,0,0,1,5,0,0,0,0,0,0,0,0,,,0,0,0,0,0,0,0,0,0,0,0,0,,,,0,0,0,0,0,0,0,,0,0,0,0,,0,0
00-0036087,M.Bryant,Myles Bryant,CB,DB,"https://static.www.nfl.com/image/upload/f_auto,q_auto/league/mslszzwcbmt6hafvvu7r",2023,REG,NE,17,0,0,0,0,0,0,0,0,0,0,0,0,,,0,,0,0,0,0,0,0,,0,0,0,0,0,0,0,0,0,0,,0,,0,0,0,0,57,8,12,5,17,2,1,6,1,1,6,7,0,1,0,0,0,0,0,0,0,2,13,15,105,1,11,0,0,0,0,,,0,0,0,0,0,0,0,0,0,0,0,0,,,,0,0,0,0,0,0,0,,0,0,0,0,,0,0
00-0036090,D.Harris,De'Jon Harris,LB,LB,"https://static.www.nfl.com/image/private/f_auto,q_auto/league/zthcn7tvordk7so1bj4t",2023,REG,WAS,1,0,0,0,0,0,0,0,0,0,0,0,0,,,0,,0,0,0,0,0,0,,0,0,0,0,0,0,0,0,0,0,,0,,0,0,0,0,0,0,1,0,0,0,0,0,0,0,0,0,0,0,0,0,0,0,0,0,0,0,0,0,0,0,0,0,0,0,0,,,0,0,0,0,0,0,0,0,0,0,0,0,,,,0,0,0,0,0,0,0,,0,0,0,0,,0,0
00-0036105,N.Leverett,Nick Leverett,G,OL,"https://static.www.nfl.com/image/upload/f_auto,q_auto/league/mm4gx4zriitdroyicczo",2023,REG,TB,1,0,0,0,0,0,0,0,0,0,0,0,0,,,0,,0,0,0,0,0,0,,0,0,0,0,0,0,0,0,0,0,,0,,0,0,0,0,0,0,0,0,0,0,0,0,0,0,0,0,0,0,0,0,0,0,0,0,0,1,15,0,0,0,0,0,0,0,0,,,0,0,0,0,0,0,0,0,0,0,0,0,,,,0,0,0,0,0,0,0,,0,0,0,0,,0,0
00-0036114,A.Green,A.J. Green,CB,DB,"https://static.www.nfl.com/image/upload/f_auto,q_auto/league/lacmlfcdn7rcfdxkfkfp",2023,REG,CLE,1,0,0,0,0,0,0,0,0,0,0,0,0,,,0,,0,0,0,0,0,0,,0,0,0,0,0,0,0,0,0,0,,0,,0,0,0,0,1,0,0,0,0,0,0,0,0,0,0,0,0,0,0,0,0,0,0,0,0,0,0,0,0,0,0,0,0,0,0,,,0,0,0,0,0,0,0,0,0,0,0,0,,,,0,0,0,0,0,0,0,,0,0,0,0,,0,0
00-0036124,K.Dorsey,Khalil Dorsey,CB,DB,"https://static.www.nfl.com/image/upload/f_auto,q_auto/league/wmeizkmh4vdsbkf4uclw",2023,REG,DET,11,0,0,0,0,0,0,0,0,0,0,0,0,,,0,,0,0,0,0,0,0,,0,1,1,31,0,0,0,22,9,1,4.14300359913614,0,1.40909090909091,0.00174216027874564,0.00538423886441508,0.00638220762320902,0,7,0,4,0,0,0,0,0,0,0,0,1,0,0,0,0,0,0,0,0,0,0,0,0,0,12,244,0,0,0,0,,,0,0,0,0,0,0,0,0,0,0,0,0,,,,0,0,0,0,0,0,0,,0,0,0,0,,3.1,4.1
00-0036130,J.Madubuike,Nnamdi Madubuike,DT,DL,"https://static.www.nfl.com/image/upload/f_auto,q_auto/league/zvqf4b2ks5pwfkzynt5d",2023,REG,BAL,17,0,0,0,0,0,0,0,0,0,0,0,0,,,0,,0,0,0,0,0,0,,0,0,0,0,0,0,0,0,0,0,,0,,0,0,0,0,27,11,18,10,72,2,13,89.5,33,0,0,0,0,0,0,0,0,0,0,0,0,5,48,0,0,0,0,0,0,0,0,,,0,0,0,0,0,0,0,0,0,0,0,0,,,,0,0,0,0,0,0,0,,0,0,0,0,,0,0
00-0036132,B.Bredeson,Ben Bredeson,G,OL,"https://static.www.nfl.com/image/upload/f_auto,q_auto/league/i5wt8frcymm1gjbwhlzy",2023,REG,NYG,4,0,0,0,0,0,0,0,0,0,0,0,0,,,0,,0,0,0,0,0,0,,0,1,1,0,0,0,0,-2,2,0,-1.4257818616461,0,0,0.00206185567010309,-0.000528262017960909,0.002723000092582,0,0,0,0,0,0,0,0,0,0,0,0,0,0,0,0,0,0,0,0,0,0,4,40,0,0,0,0,0,0,0,0,,,0,0,0,0,0,0,0,0,0,0,0,0,,,,0,0,0,0,0,0,0,,0,0,0,0,,0,1
00-0036133,J.Proche,James Proche,WR,WR,"https://static.www.nfl.com/image/upload/f_auto,q_auto/league/s1jyxzrzgn2od1sempye",2023,REG,CLE,10,0,0,0,0,0,0,0,0,0,0,0,0,,,0,,0,0,0,0,0,0,,0,0,5,0,0,0,0,86,0,0,-7.28376101708273,0,0,0.00837520938023451,0.0162294772598604,0.023923448152254,0,1,0,0,0,0,0,0,0,0,0,0,0,0,1,0,0,0,0,0,0,0,0,0,22,197,1,19,0,0,0,0,,,0,0,0,0,0,0,0,0,0,0,0,0,,,,0,0,0,0,0,0,0,,0,0,0,0,,0,0
00-0036139,R.Dowdle,Rico Dowdle,RB,RB,"https://static.www.nfl.com/image/upload/f_auto,q_auto/league/cvnrzndsiaojvvxz8vo5",2023,REG,DAL,16,0,0,0,0,0,0,0,0,0,0,0,0,,,0,,89,361,2,0,0,18,-5.26863287724598,0,17,22,144,2,0,0,-11,170,6,5.62836401795009,0,-13.0909090909091,0.0363636363636364,-0.00229453483521068,0.0529392801608071,0,0,0,1,0,0,0,0,0,0,0,0,0,0,0,0,0,0,0,0,0,0,0,0,0,0,6,86,0,0,0,0,,,0,0,0,0,0,0,0,0,0,0,0,0,,,,0,0,0,0,0,0,0,,0,0,0,0,,74.5,91.5
00-0036145,L.Cager,Lawrence Cager,TE,TE,"https://static.www.nfl.com/image/upload/f_auto,q_auto/league/lis9ecqrpdhiqeh7dua5",2023,REG,NYG,5,0,0,0,0,0,0,0,0,0,0,0,0,,,0,,0,0,0,0,0,0,,0,4,5,36,1,0,0,21,27,2,3.254882011679,0,1.71428571428571,0.0103092783505155,0.00554675118858954,0.0193466433577859,0,0,0,0,0,0,0,0,0,0,0,0,0,0,0,0,0,0,0,0,0,0,1,0,0,0,1,0,0,0,0,0,,,0,0,0,0,0,0,0,0,0,0,0,0,,,,0,0,0,0,0,0,0,,0,0,0,0,,9.6,13.6
00-0036147,S.Carter,Shyheim Carter,SAF,DB,"https://static.www.nfl.com/image/private/f_auto,q_auto/league/cglib0xezyiedmxywoen",2023,REG,TEN,2,0,0,0,0,0,0,0,0,0,0,0,0,,,0,,0,0,0,0,0,0,,0,0,0,0,0,0,0,0,0,0,,0,,0,0,0,0,1,0,2,0,0,0,0,0,0,0,0,0,0,0,0,0,0,0,0,0,0,1,8,0,0,0,0,0,0,0,0,,,0,0,0,0,0,0,0,0,0,0,0,0,,,,0,0,0,0,0,0,0,,0,0,0,0,,0,0
00-0036151,B.Huff,Bryce Huff,DE,DL,"https://static.www.nfl.com/image/upload/f_auto,q_auto/league/pminx3vvyt9laihkxk55",2023,REG,NYJ,16,0,0,0,0,0,0,0,0,0,0,0,0,,,0,,0,0,0,0,0,0,,0,0,0,0,0,0,0,0,0,0,,0,,0,0,0,0,13,6,10,10,59,0,10,63.5,21,0,0,1,0,0,0,0,0,0,0,0,0,3,35,0,0,0,0,0,0,0,0,,,0,0,0,0,0,0,0,0,0,0,0,0,,,,0,0,0,0,0,0,0,,0,0,0,0,,0,0
00-0036157,K.Welch,Kristian Welch,LB,LB,"https://static.www.nfl.com/image/upload/f_auto,q_auto/league/ctdrib67gqytr9v2bnpn",2023,REG,GB,5,0,0,0,0,0,0,0,0,0,0,0,0,,,0,,0,0,0,0,0,0,,0,0,0,0,0,0,0,0,0,0,,0,,0,0,0,0,2,2,2,0,0,0,0,0,0,0,0,0,0,0,0,0,0,0,0,0,0,0,0,0,0,0,0,0,0,0,0,,,0,0,0,0,0,0,0,0,0,0,0,0,,,,0,0,0,0,0,0,0,,0,0,0,0,,0,0
00-0036158,J.Dobbins,J.K. Dobbins,RB,RB,"https://static.www.nfl.com/image/upload/f_auto,q_auto/league/cevotvl3ho5h1mioruyg",2023,REG,BAL,1,0,0,0,0,0,0,0,0,0,0,0,0,,,0,,8,22,1,0,0,1,-1.84059488767525,0,2,3,15,0,0,0,3,15,0,0.519200186652597,0,5,0.00630252100840336,0.000733675715333823,0.00996735451333872,0,0,0,0,0,0,0,0,0,0,0,0,0,0,0,0,0,0,0,0,0,0,0,0,0,0,0,0,0,0,0,0,,,0,0,0,0,0,0,0,0,0,0,0,0,,,,0,0,0,0,0,0,0,,0,0,0,0,,9.7,11.7
00-0036159,J.Uche,Joshua Uche,LB,LB,"https://static.www.nfl.com/image/upload/f_auto,q_auto/league/t7ahfah5ks9tispkebd5",2023,REG,NE,10,0,0,0,0,0,0,0,0,0,0,0,0,,,0,,0,0,0,0,0,0,,0,0,0,0,0,0,0,0,0,0,,0,,0,0,0,0,6,2,7,2,20,0,3,20,6,0,0,0,0,0,0,0,0,0,0,0,0,0,0,0,0,0,0,0,0,0,0,,,0,0,0,0,0,0,0,0,0,0,0,0,,,,0,0,0,0,0,0,0,,0,0,0,0,,0,0
00-0036162,T.Bass,Tyler Bass,K,SPEC,"https://static.www.nfl.com/image/upload/f_auto,q_auto/league/zqfia1sgrigi3son5fkw",2023,REG,BUF,17,0,0,0,0,0,0,0,0,0,0,0,0,,,0,,0,0,0,0,0,0,,0,0,0,0,0,0,0,0,0,0,,0,,0,0,0,0,1,0,0,0,0,0,0,0,0,0,0,0,0,0,0,0,0,0,0,0,0,0,0,0,0,0,0,24,29,4,1,54,0.827586206896552,0,4,12,4,4,0,0,0,0,2,2,0,40;34;50;29;36;54;32;53;33;36;37;34;48;30;33;50;48;40;31;39;23;29;35;24,52;53;42;48,34,898,195,34,49,50,1,0,0.98,1,1,0,0,29,0,0
00-0036165,I.Hodgins,Isaiah Hodgins,WR,WR,"https://static.www.nfl.com/image/upload/f_auto,q_auto/league/d6ezyptfnmmxgm8rykf4",2023,REG,NYG,14,0,0,0,0,0,0,0,0,0,0,0,0,,,0,,0,0,0,0,0,0,,0,21,33,230,3,1,1,269,75,12,3.9315880485914,0,0.855018587360595,0.0680412371134021,0.0710512414157422,0.151797724661123,0,0,0,0,0,0,0,0,0,0,0,0,0,0,0,0,0,0,0,0,0,0,1,10,0,0,0,0,0,0,0,0,,,0,0,0,0,0,0,0,0,0,0,0,0,,,,0,0,0,0,0,0,0,,0,0,0,0,,39,60
00-0036166,D.Jackson,Dane Jackson,CB,DB,"https://static.www.nfl.com/image/upload/f_auto,q_auto/league/pd5hj8idoykjrnwurduz",2023,REG,BUF,11,0,0,0,0,0,0,0,0,0,0,0,0,,,0,,0,0,0,0,0,0,,0,0,0,0,0,0,0,0,0,0,,0,,0,0,0,0,30,4,5,0,0,1,0,0,0,0,0,5,0,0,0,0,0,0,0,0,0,1,10,0,0,0,0,0,0,0,0,,,0,0,0,0,0,0,0,0,0,0,0,0,,,,0,0,0,0,0,0,0,,0,0,0,0,,0,0
00-0036171,A.Brewer,Aaron Brewer,C,OL,"https://static.www.nfl.com/image/upload/f_auto,q_auto/league/acczyg9uo4jbervsjb4o",2023,REG,TEN,4,0,0,0,0,0,0,0,0,0,0,0,0,,,0,,0,0,0,0,0,0,,0,0,0,0,0,0,0,0,0,0,,0,,0,0,0,0,0,0,1,0,0,0,0,0,0,0,0,0,0,0,0,0,0,0,0,0,0,3,30,0,0,0,0,0,0,0,0,,,0,0,0,0,0,0,0,0,0,0,0,0,,,,0,0,0,0,0,0,0,,0,0,0,0,,0,0
00-0036176,M.Kinsey,Mason Kinsey,WR,WR,"https://static.www.nfl.com/image/upload/f_auto,q_auto/league/hbslm9pimpxgoeti32jf",2023,REG,TEN,6,0,0,0,0,0,0,0,0,0,0,0,0,,,0,,0,0,0,0,0,0,,0,1,1,6,0,0,0,-2,8,0,-1.06638630223461,0,0,0.00209205020920502,-0.000437732545414752,0.00283166253201721,0,0,0,0,0,0,0,0,0,0,0,0,0,0,0,0,0,0,0,0,0,0,0,0,11,100,0,0,0,0,0,0,,,0,0,0,0,0,0,0,0,0,0,0,0,,,,0,0,0,0,0,0,0,,0,0,0,0,,0.6,1.6
00-0036181,T.Tart,Teair Tart,DT,DL,"https://static.www.nfl.com/image/upload/f_auto,q_auto/league/arx3xgdgct71ljt18bqa",2023,REG,HOU,13,0,0,0,0,0,0,0,0,0,0,0,0,,,0,,0,0,0,0,0,0,,0,0,0,0,0,0,0,0,0,0,,0,,0,0,0,0,16,1,7,8,26,0,1,7,4,0,0,0,0,0,0,0,0,0,0,0,0,1,5,0,0,0,0,0,0,0,0,,,0,0,0,0,0,0,0,0,0,0,0,0,,,,0,0,0,0,0,0,0,,0,0,0,0,,0,0
00-0036182,N.Westbrook-Ikhine,Nick Westbrook-Ikhine,WR,WR,"https://static.www.nfl.com/image/upload/f_auto,q_auto/league/plgwfjcbl5quoi2jrass",2023,REG,TEN,13,0,0,0,0,0,0,0,0,0,0,0,0,,,0,,0,0,0,0,0,0,,0,28,45,370,3,0,0,552,107,18,20.6792658267062,1,0.670289855072464,0.0941422594142259,0.120814182534471,0.225783316895469,0,0,0,0,0,0,0,0,0,0,0,0,0,0,0,0,0,0,0,0,0,0,2,10,0,0,0,0,0,0,0,0,,,0,0,0,0,0,0,0,0,0,0,0,0,,,,0,0,0,0,0,0,0,,0,0,0,0,,57,85
00-0036187,R.Gilliam,Reggie Gilliam,FB,RB,"https://static.www.nfl.com/image/upload/f_auto,q_auto/league/nizwldzesen1vg31inu1",2023,REG,BUF,5,0,0,0,0,0,0,0,0,0,0,0,0,,,0,,0,0,0,0,0,0,,0,1,1,3,0,0,0,1,2,0,-0.339638097211719,0,3,0.0018348623853211,0.000199123855037834,0.00289168027650814,0,2,0,1,0,0,1,0,0,0,0,0,0,0,0,0,0,1,1,0,0,0,2,15,0,0,0,0,0,0,0,0,,,0,0,0,0,0,0,0,0,0,0,0,0,,,,0,0,0,0,0,0,0,,0,0,0,0,,0.3,1.3
00-0036192,A.Epenesa,A.J. Epenesa,DE,DL,"https://static.www.nfl.com/image/upload/f_auto,q_auto/league/t85moy0mhdu6pzxwzgxt",2023,REG,BUF,14,0,0,0,0,0,0,0,0,0,0,0,0,,,0,,0,0,0,0,0,0,,0,0,0,0,0,0,0,0,0,0,,0,,0,0,0,0,9,0,11,7,28,1,6.5,40,10,2,38,8,1,0,0,0,0,0,1,1,0,1,5,0,0,0,0,0,0,0,0,,,0,0,0,0,0,0,0,0,0,0,0,0,,,,0,0,0,0,0,0,0,,0,0,0,0,,0,0
00-0036193,A.Jennings,Anfernee Jennings,LB,LB,"https://static.www.nfl.com/image/upload/f_auto,q_auto/league/dzstvcdjsmn7imc1eabs",2023,REG,NE,14,0,0,0,0,0,0,0,0,0,0,0,0,,,0,,0,0,0,0,0,0,,0,0,0,0,0,0,0,0,0,0,,0,,0,0,0,0,35,14,17,10,46,0,1.5,10,4,0,0,0,0,0,0,0,0,0,1,1,0,2,10,0,0,0,0,0,0,0,0,,,0,0,0,0,0,0,0,0,0,0,0,0,,,,0,0,0,0,0,0,0,,0,0,0,0,,0,0
00-0036195,C.Heck,Charlie Heck,OT,OL,"https://static.www.nfl.com/image/upload/f_auto,q_auto/league/yfjfvnswxtkpiqqv3b16",2023,REG,HOU,1,0,0,0,0,0,0,0,0,0,0,0,0,,,0,,0,0,0,0,0,0,,0,0,0,0,0,0,0,0,0,0,,0,,0,0,0,0,0,0,0,0,0,0,0,0,0,0,0,0,0,0,0,0,0,0,0,0,0,1,5,0,0,0,0,0,0,0,0,,,0,0,0,0,0,0,0,0,0,0,0,0,,,,0,0,0,0,0,0,0,,0,0,0,0,,0,0
00-0036196,G.Davis,Gabe Davis,WR,WR,"https://static.www.nfl.com/image/upload/f_auto,q_auto/league/rlmgjtfct5qjtbwcjqg6",2023,REG,BUF,16,0,0,0,0,0,0,0,0,0,0,0,0,,,0,,1,-2,0,0,0,0,-0.880379307549447,0,45,81,746,7,1,1,1223,180,34,24.1547632455337,1,0.609975470155356,0.148623853211009,0.24352847471127,0.393405712114403,0,4,0,0,0,0,0,0,0,0,0,0,0,0,0,0,0,0,0,0,0,0,0,0,0,0,0,0,0,0,0,0,,,0,0,0,0,0,0,0,0,0,0,0,0,,,,0,0,0,0,0,0,0,,0,0,0,0,,116.4,161.4
00-0036198,M.Onwenu,Mike Onwenu,G,OL,"https://static.www.nfl.com/image/upload/f_auto,q_auto/league/l8gnydhcpahpd20mqqlh",2023,REG,NE,2,0,0,0,0,0,0,0,0,0,0,0,0,,,0,,0,0,0,0,0,0,,0,0,0,0,0,0,0,0,0,0,,0,,0,0,0,0,0,0,0,0,0,0,0,0,0,0,0,0,0,0,0,0,0,0,0,0,0,4,25,0,0,0,0,0,0,0,0,,,0,0,0,0,0,0,0,0,0,0,0,0,,,,0,0,0,0,0,0,0,,0,0,0,0,,0,0
00-0036199,G.Stone,Geno Stone,SAF,DB,"https://static.www.nfl.com/image/upload/f_auto,q_auto/league/upbrq8aqe7yff3pn8a69",2023,REG,BAL,16,0,0,0,0,0,0,0,0,0,0,0,0,,,0,,0,0,0,0,0,0,,0,0,0,0,0,0,0,0,0,0,,0,,0,0,0,0,35,9,24,0,0,0,0,0,0,7,101,9,0,0,0,0,0,0,0,0,0,1,8,0,0,0,0,0,0,0,0,,,0,0,0,0,0,0,0,0,0,0,0,0,,,,0,0,0,0,0,0,0,,0,0,0,0,,0,0
00-0036204,L.London,LaCale London,DT,DL,"https://static.www.nfl.com/image/upload/f_auto,q_auto/league/cbkqmopy7d6b20m7nu2d",2023,REG,ATL,6,0,0,0,0,0,0,0,0,0,0,0,0,,,0,,0,0,0,0,0,0,,0,0,0,0,0,0,0,0,0,0,,0,,0,0,0,0,3,3,7,0,0,0,0,0,0,0,0,0,0,0,0,0,0,0,1,1,0,1,6,0,0,0,0,0,0,0,0,,,0,0,0,0,0,0,0,0,0,0,0,0,,,,0,0,0,0,0,0,0,,0,0,0,0,,0,0
00-0036212,T.Tagovailoa,Tua Tagovailoa,QB,QB,"https://static.www.nfl.com/image/upload/f_auto,q_auto/league/ktqj3s5vofexl2dwrrp4",2023,REG,MIA,17,388,560,4624,29,14,29,-171,1,1,4283,2177,223,121.674346287805,4.49962496867277,0,1.07961709082419,35,74,0,9,4,13,-39.1283607501426,0,0,0,0,0,0,0,0,0,0,,0,,0,0,0,0,0,0,0,0,0,0,0,0,0,0,0,0,0,0,0,0,9,17,0,0,0,1,10,0,0,0,0,0,0,0,0,,,0,0,0,0,0,0,0,0,0,0,0,0,,,,0,0,0,0,0,0,0,,0,0,0,0,,270.36,270.36
00-0036213,R.Davis,Raekwon Davis,DT,DL,"https://static.www.nfl.com/image/upload/f_auto,q_auto/league/cebpdy9q3snsm1z8yx00",2023,REG,MIA,15,0,0,0,0,0,0,0,0,0,0,0,0,,,0,,0,0,0,0,0,0,,0,0,0,0,0,0,0,0,0,0,,0,,0,0,0,0,9,7,12,2,6,0,1,5,6,0,0,0,0,0,0,0,0,0,0,0,0,0,0,0,0,0,0,0,0,0,0,,,0,0,0,0,0,0,0,0,0,0,0,0,,,,0,0,0,0,0,0,0,,0,0,0,0,,0,0
00-0036214,T.Phillips,Tyre Phillips,G,OL,"https://static.www.nfl.com/image/upload/f_auto,q_auto/league/hec0e1icue2tbkhvseg3",2023,REG,NYG,3,0,0,0,0,0,0,0,0,0,0,0,0,,,0,,0,0,0,0,0,0,,0,0,0,0,0,0,0,0,0,0,,0,,0,0,0,0,0,0,0,0,0,0,0,0,0,0,0,0,0,0,0,0,0,0,0,0,0,3,15,0,0,0,0,0,0,0,0,,,0,0,0,0,0,0,0,0,0,0,0,0,,,,0,0,0,0,0,0,0,,0,0,0,0,,0,0
00-0036217,B.Ferguson,Blake Ferguson,LS,SPEC,"https://static.www.nfl.com/image/upload/f_auto,q_auto/league/koptwhwbykekb58oisw8",2023,REG,MIA,1,0,0,0,0,0,0,0,0,0,0,0,0,,,0,,0,0,0,0,0,0,,0,0,0,0,0,0,0,0,0,0,,0,,0,0,0,0,0,0,0,0,0,0,0,0,0,0,0,0,0,0,0,0,0,0,0,0,0,1,15,0,0,0,0,0,0,0,0,,,0,0,0,0,0,0,0,0,0,0,0,0,,,,0,0,0,0,0,0,0,,0,0,0,0,,0,0
00-0036220,Der.Brown,Derrick Brown,DE,DL,"https://static.www.nfl.com/image/upload/f_auto,q_auto/league/nneryzn7ehs21yeed5ny",2023,REG,CAR,17,0,0,0,0,0,0,0,0,0,0,0,0,,,0,,0,0,0,0,0,0,,0,0,0,0,0,0,0,0,0,0,,0,,0,0,0,0,47,10,46,5,33,0,2,22,15,1,2,6,0,0,0,0,0,0,0,0,0,3,25,0,0,0,0,0,0,0,0,,,0,0,0,0,0,0,0,0,0,0,0,0,,,,0,0,0,0,0,0,0,,0,0,0,0,,0,0
00-0036221,B.Jones,Brandon Jones,SAF,DB,"https://static.www.nfl.com/image/upload/f_auto,q_auto/league/qcgihmzgbq4osnqywbng",2023,REG,MIA,10,0,0,0,0,0,0,0,0,0,0,0,0,,,0,,0,0,0,0,0,0,,0,0,0,0,0,0,0,0,0,0,,0,,0,0,0,0,35,1,12,2,5,1,0,0,1,2,40,4,0,0,0,0,0,0,1,1,0,1,5,0,0,0,0,0,0,0,0,,,0,0,0,0,0,0,0,0,0,0,0,0,,,,0,0,0,0,0,0,0,,0,0,0,0,,0,0
00-0036223,J.Taylor,Jonathan Taylor,RB,RB,"https://static.www.nfl.com/image/upload/f_auto,q_auto/league/uwmnrhwtwug0wrgkomjk",2023,REG,IND,10,0,0,0,0,0,0,0,0,0,0,0,0,,,0,,169,741,7,1,0,42,-10.159002013305,0,19,23,153,1,0,0,-21,174,5,3.16458925190549,0,-7.28571428571429,0.0421245421245421,-0.00493537015276146,0.0597320540798802,0,0,0,0,0,0,0,0,0,0,0,0,0,0,0,0,0,0,0,0,0,0,0,0,0,0,0,0,0,0,0,0,,,0,0,0,0,0,0,0,0,0,0,0,0,,,,0,0,0,0,0,0,0,,0,0,0,0,,137.4,156.4
00-0036224,J.Greenard,Jonathan Greenard,LB,LB,"https://static.www.nfl.com/image/upload/f_auto,q_auto/league/z49ugsnmbfkldervsiws",2023,REG,HOU,14,0,0,0,0,0,0,0,0,0,0,0,0,,,0,,0,0,0,0,0,0,,0,0,0,0,0,0,0,0,0,0,,0,,0,0,0,0,31,5,16,12,81,1,12.5,104.5,22,0,0,2,0,0,0,0,0,0,0,0,0,2,20,0,0,0,0,0,0,0,0,,,0,0,0,0,0,0,0,0,0,0,0,0,,,,0,0,0,0,0,0,0,,0,0,0,0,,0,0
00-0036231,K.Dugger,Kyle Dugger,SAF,DB,"https://static.www.nfl.com/image/upload/f_auto,q_auto/league/jqbpdmdm5kvw8qq6qeoe",2023,REG,NE,17,0,0,0,0,0,0,0,0,0,0,0,0,,,0,,0,0,0,0,0,0,,0,0,0,0,0,0,0,0,0,0,,0,,0,0,0,0,61,10,38,5,17,1,1.5,9.5,5,2,35,7,0,0,0,4,0,0,0,0,0,2,10,0,0,0,0,0,0,0,0,,,0,0,0,0,0,0,0,0,0,0,0,0,,,,0,0,0,0,0,0,0,,0,0,0,0,,0,0
00-0036232,H.Bryant,Harrison Bryant,TE,TE,"https://static.www.nfl.com/image/upload/f_auto,q_auto/league/gmguayurr96nolimwmyn",2023,REG,CLE,14,0,0,0,0,0,0,0,0,0,0,0,0,,,0,,5,8,0,1,1,5,2.22246759774862,0,13,20,81,3,0,0,81,35,4,-4.1326525719072,0,1,0.033500837520938,0.0152859030005661,0.0609513883818033,0,5,1,1,0,0,0,0,0,0,0,0,0,0,0,0,0,0,0,0,0,0,0,0,0,0,0,0,0,0,0,0,,,0,0,0,0,0,0,0,0,0,0,0,0,,,,0,0,0,0,0,0,0,,0,0,0,0,,24.9,37.9
00-0036233,D.Peoples-Jones,Donovan Peoples-Jones,WR,WR,"https://static.www.nfl.com/image/upload/f_auto,q_auto/league/sgfgvm2myyrntnmiqojk",2023,REG,DET,14,0,0,0,0,0,0,0,0,0,0,0,0,,,0,,0,0,0,0,0,0,,0,13,25,155,0,0,0,273,35,7,-3.96873156457075,0,0.567765567765568,0.0418760469011725,0.0515191545574637,0.0988774785419834,0,1,0,0,0,0,0,0,0,0,0,0,0,0,1,0,0,1,1,0,0,0,2,15,13,84,0,0,0,0,0,0,,,0,0,0,0,0,0,0,0,0,0,0,0,,,,0,0,0,0,0,0,0,,0,0,0,0,,15.5,28.5
00-0036235,S.Quarterman,Shaquille Quarterman,LB,LB,"https://static.www.nfl.com/image/upload/f_auto,q_auto/league/onbbvyvxbxgktkew2v1o",2023,REG,JAX,2,0,0,0,0,0,0,0,0,0,0,0,0,,,0,,0,0,0,0,0,0,,0,0,0,0,0,0,0,0,0,0,,0,,0,0,0,0,1,0,1,0,0,0,0,0,0,0,0,0,0,0,0,0,0,0,0,0,0,0,0,0,0,0,0,0,0,0,0,,,0,0,0,0,0,0,0,0,0,0,0,0,,,,0,0,0,0,0,0,0,,0,0,0,0,,0,0
00-0036236,N.Harris,Nick Harris,C,OL,"https://static.www.nfl.com/image/upload/f_auto,q_auto/league/fi6ivlcphteyqp30akm3",2023,REG,CLE,1,0,0,0,0,0,0,0,0,0,0,0,0,,,0,,0,0,0,0,0,0,,0,0,0,0,0,0,0,0,0,0,,0,,0,0,0,0,0,0,0,0,0,0,0,0,0,0,0,0,0,0,0,0,0,0,0,0,0,1,10,0,0,0,0,0,0,0,0,,,0,0,0,0,0,0,0,0,0,0,0,0,,,,0,0,0,0,0,0,0,,0,0,0,0,,0,0
00-0036237,L.Murchison,Larrell Murchison,DE,DL,"https://static.www.nfl.com/image/upload/f_auto,q_auto/league/b0h5qpz02cuycf85isw4",2023,REG,LA,10,0,0,0,0,0,0,0,0,0,0,0,0,,,0,,0,0,0,0,0,0,,0,0,0,0,0,0,0,0,0,0,,0,,0,0,0,0,4,3,9,0,0,0,0,0,0,0,0,0,0,0,0,0,0,0,0,0,0,0,0,0,0,0,0,0,0,0,0,,,0,0,0,0,0,0,0,0,0,0,0,0,,,,0,0,0,0,0,0,0,,0,0,0,0,,0,0
00-0036241,Bry.Hall,Bryce Hall,CB,DB,"https://static.www.nfl.com/image/upload/f_auto,q_auto/league/owg6wpperxys7bjablkz",2023,REG,NYJ,2,0,0,0,0,0,0,0,0,0,0,0,0,,,0,,0,0,0,0,0,0,,0,0,0,0,0,0,0,0,0,0,,0,,0,0,0,0,5,0,2,0,0,0,0,0,0,1,5,2,0,0,0,0,0,0,1,1,1,1,1,0,0,0,0,0,0,0,0,,,0,0,0,0,0,0,0,0,0,0,0,0,,,,0,0,0,0,0,0,0,,0,0,0,0,,0,0
00-0036244,C.Parkinson,Colby Parkinson,TE,TE,"https://static.www.nfl.com/image/upload/f_auto,q_auto/league/b1qzivnz0zqa8cjgah8r",2023,REG,SEA,15,0,0,0,0,0,0,0,0,0,0,0,0,,,0,,0,0,0,0,0,0,,0,25,34,247,2,0,0,218,86,11,8.38113039895061,0,1.13302752293578,0.0621572212065814,0.0528997816064062,0.130265678934356,0,0,0,0,0,0,0,0,0,0,0,0,0,0,0,0,0,0,0,0,0,0,5,40,0,0,1,16,0,0,0,0,,,0,0,0,0,0,0,0,0,0,0,0,0,,,,0,0,0,0,0,0,0,,0,0,0,0,,36.7,61.7
00-0036246,J.Runyan,Jon Runyan,G,OL,"https://static.www.nfl.com/image/upload/f_auto,q_auto/league/kauh0olqkhebxe8gf1if",2023,REG,GB,4,0,0,0,0,0,0,0,0,0,0,0,0,,,0,,0,0,0,0,0,0,,0,0,0,0,0,0,0,0,0,0,,0,,0,0,0,0,1,0,0,0,0,0,0,0,0,0,0,0,0,0,0,0,0,0,0,0,0,5,34,0,0,0,0,0,0,0,0,,,0,0,0,0,0,0,0,0,0,0,0,0,,,,0,0,0,0,0,0,0,,0,0,0,0,,0,0
00-0036248,A.Jackson,Austin Jackson,OT,OL,"https://static.www.nfl.com/image/upload/f_auto,q_auto/league/rc3dp8zdfrgfxxfij96t",2023,REG,MIA,6,0,0,0,0,0,0,0,0,0,0,0,0,,,0,,0,0,0,0,0,0,,0,0,0,0,0,0,0,0,0,0,,0,,0,0,0,0,0,0,0,0,0,0,0,0,0,0,0,0,0,0,0,0,0,0,0,0,0,6,45,0,0,0,0,0,0,0,0,,,0,0,0,0,0,0,0,0,0,0,0,0,,,,0,0,0,0,0,0,0,,0,0,0,0,,0,0
00-0036249,J.Okwara,Julian Okwara,DE,DL,"https://static.www.nfl.com/image/upload/f_auto,q_auto/league/bneqayiahajlquy1dxcc",2023,REG,DET,6,0,0,0,0,0,0,0,0,0,0,0,0,,,0,,0,0,0,0,0,0,,0,0,0,0,0,0,0,0,0,0,,0,,0,0,0,0,5,1,1,2,8,0,2,8,4,0,0,1,0,0,0,0,0,0,0,0,0,0,0,0,0,0,0,0,0,0,0,,,0,0,0,0,0,0,0,0,0,0,0,0,,,,0,0,0,0,0,0,0,,0,0,0,0,,0,0
00-0036251,Z.Moss,Zack Moss,RB,RB,"https://static.www.nfl.com/image/upload/f_auto,q_auto/league/oxrltdgoquiabhihhgnk",2023,REG,IND,14,0,0,0,0,0,0,0,0,0,0,0,0,,,0,,183,794,5,0,0,43,-14.0308929556062,0,27,37,192,2,0,0,-14,189,10,-1.03725819006893,1,-13.7142857142857,0.0677655677655678,-0.00329024676850764,0.0993451789103963,0,0,0,0,0,0,0,0,0,0,0,0,0,0,0,0,0,0,0,0,0,0,0,0,0,0,0,0,0,0,0,0,,,0,0,0,0,0,0,0,0,0,0,0,0,,,,0,0,0,0,0,0,0,,0,0,0,0,,142.6,169.6
00-0036252,M.Pittman,Michael Pittman,WR,WR,"https://static.www.nfl.com/image/upload/f_auto,q_auto/league/z78xpye9hing1e7wke8b",2023,REG,IND,16,0,0,0,0,0,0,0,0,0,0,0,0,,,0,,0,0,0,0,0,0,,0,109,156,1152,4,1,0,1227,513,53,28.0897844796588,2,0.938875305623472,0.285714285714286,0.288366627497062,0.630428067819372,0,1,0,0,0,0,0,0,0,0,0,0,0,0,0,0,0,2,2,0,0,0,8,70,0,0,0,5,0,0,0,0,,,0,0,0,0,0,0,0,0,0,0,0,0,,,,0,0,0,0,0,0,0,,0,0,0,0,,143.2,252.2
00-0036253,J.Blackmon,Julian Blackmon,SAF,DB,"https://static.www.nfl.com/image/upload/f_auto,q_auto/league/n0wfy5rqjhlshhn0kaqk",2023,REG,IND,15,0,0,0,0,0,0,0,0,0,0,0,0,,,0,,0,0,0,0,0,0,,0,0,0,0,0,0,0,0,0,0,,0,,0,0,0,0,52,13,23,2,11,0,0,0,1,4,39,8,0,1,0,0,0,0,2,2,0,0,0,0,0,0,0,0,0,0,0,,,0,0,0,0,0,0,0,0,0,0,0,0,,,,0,0,0,0,0,0,0,,0,0,0,0,,0,0
00-0036254,C.Johnson,Collin Johnson,WR,WR,"https://static.www.nfl.com/image/upload/f_auto,q_auto/league/ijr7bal4mbsaum2lp9dq",2023,REG,CHI,1,0,0,0,0,0,0,0,0,0,0,0,0,,,0,,0,0,0,0,0,0,,0,1,1,11,0,0,0,7,4,1,1.25032863160595,0,1.57142857142857,0.00209643605870021,0.00185430463576159,0.00444266733308343,0,0,0,0,0,0,0,0,0,0,0,0,0,0,0,0,0,0,0,0,0,0,0,0,0,0,0,0,0,0,0,0,,,0,0,0,0,0,0,0,0,0,0,0,0,,,,0,0,0,0,0,0,0,,0,0,0,0,,1.1,2.1
00-0036256,C.McKivitz,Colton McKivitz,OT,OL,"https://static.www.nfl.com/image/upload/f_auto,q_auto/league/ljxuxdusiz3j2raspwst",2023,REG,SF,1,0,0,0,0,0,0,0,0,0,0,0,0,,,0,,0,0,0,0,0,0,,0,0,0,0,0,0,0,0,0,0,,0,,0,0,0,0,0,0,0,0,0,0,0,0,0,0,0,0,0,0,0,0,0,0,0,0,0,1,5,0,0,0,0,0,0,0,0,,,0,0,0,0,0,0,0,0,0,0,0,0,,,,0,0,0,0,0,0,0,,0,0,0,0,,0,0
00-0036258,J.Jackson,Jonah Jackson,G,OL,"https://static.www.nfl.com/image/upload/f_auto,q_auto/league/wm6av5ujifr8uvmdykj7",2023,REG,DET,3,0,0,0,0,0,0,0,0,0,0,0,0,,,0,,0,0,0,0,0,0,,0,0,0,0,0,0,0,0,0,0,,0,,0,0,0,0,0,0,0,0,0,0,0,0,0,0,0,0,0,0,0,0,0,0,0,0,0,4,30,0,0,0,0,0,0,0,0,,,0,0,0,0,0,0,0,0,0,0,0,0,,,,0,0,0,0,0,0,0,,0,0,0,0,,0,0
00-0036259,J.Jennings,Jauan Jennings,WR,WR,"https://static.www.nfl.com/image/upload/f_auto,q_auto/league/cdx9mq3iglzog9mkqvdr",2023,REG,SF,13,0,0,0,0,0,0,0,0,0,0,0,0,,,0,,0,0,0,0,0,0,,0,19,33,265,1,0,0,340,89,12,7.91221397072993,0,0.779411764705882,0.0700636942675159,0.0846192135390742,0.164328990878626,0,1,0,0,0,0,0,0,0,0,0,0,0,0,0,0,0,0,0,0,0,0,3,35,0,0,0,0,0,0,0,0,,,0,0,0,0,0,0,0,0,0,0,0,0,,,,0,0,0,0,0,0,0,,0,0,0,0,,32.5,51.5
00-0036260,J.Kinlaw,Javon Kinlaw,DT,DL,"https://static.www.nfl.com/image/upload/f_auto,q_auto/league/lxyzkmqmy5sgrjktwq80",2023,REG,SF,15,0,0,0,0,0,0,0,0,0,0,0,0,,,0,,0,0,0,0,0,0,,0,0,0,0,0,0,0,0,0,0,,0,,0,0,0,0,11,2,12,4,34,0,3.5,34.5,6,0,0,3,0,0,0,0,0,0,0,0,0,2,10,0,0,0,0,0,0,0,0,,,0,0,0,0,0,0,0,0,0,0,0,0,,,,0,0,0,0,0,0,0,,0,0,0,0,,0,0
00-0036261,B.Aiyuk,Brandon Aiyuk,WR,WR,"https://static.www.nfl.com/image/upload/f_auto,q_auto/league/avzzxycxyculxxqce5k7",2023,REG,SF,16,0,0,0,0,0,0,0,0,0,0,0,0,,,0,,0,0,0,0,0,0,,0,75,105,1342,7,1,1,1467,362,61,81.7904670821315,0,0.914792092706203,0.222929936305732,0.365107018417123,0.589969817350585,0,1,0,0,0,0,0,0,0,0,0,0,0,0,0,0,0,0,0,0,0,0,3,30,0,0,0,0,0,0,0,0,,,0,0,0,0,0,0,0,0,0,0,0,0,,,,0,0,0,0,0,0,0,,0,0,0,0,,174.2,249.2
00-0036262,D.Hamilton,DaVon Hamilton,DT,DL,"https://static.www.nfl.com/image/upload/f_auto,q_auto/league/ncq2nx5rlstdnbaokw76",2023,REG,JAX,5,0,0,0,0,0,0,0,0,0,0,0,0,,,0,,0,0,0,0,0,0,,0,0,0,0,0,0,0,0,0,0,,0,,0,0,0,0,6,1,5,1,4,0,0,0,0,0,0,0,0,0,0,0,0,0,0,0,0,1,5,0,0,0,0,0,0,0,0,,,0,0,0,0,0,0,0,0,0,0,0,0,,,,0,0,0,0,0,0,0,,0,0,0,0,,0,0
00-0036264,J.Love,Jordan Love,QB,QB,"https://static.www.nfl.com/image/upload/f_auto,q_auto/league/uneiwen9drvci9ahuebp",2023,REG,GB,17,372,579,4159,32,11,30,-242,4,1,4897,1918,209,88.023584483264,1.1351436909708,2,0.849295487032877,50,247,4,4,2,17,-7.34256089929835,0,0,0,0,0,0,0,0,0,0,,0,,0,0,0,0,0,0,0,0,0,0,0,0,0,0,0,0,0,0,0,0,3,4,0,0,0,2,13,0,0,0,0,0,0,0,0,,,0,0,0,0,0,0,0,0,0,0,0,0,,,,0,0,0,0,0,0,0,,0,0,0,0,,319.06,319.06
00-0036265,A.Dillon,AJ Dillon,RB,RB,"https://static.www.nfl.com/image/upload/f_auto,q_auto/league/nknt5pckn5mzq9ll660i",2023,REG,GB,15,0,0,0,0,0,0,0,0,0,0,0,0,,,0,,178,613,2,0,0,33,-23.4962760458746,0,22,28,223,0,0,0,1,231,10,5.78003133673337,0,223,0.0499108734402852,0.000202429149797571,0.0750080105652861,0,0,0,0,0,0,0,0,0,0,0,0,0,0,0,0,0,0,0,0,0,0,0,0,0,0,0,0,0,0,0,0,,,0,0,0,0,0,0,0,0,0,0,0,0,,,,0,0,0,0,0,0,0,,0,0,0,0,,95.6,117.6
00-0036266,J.Elliott,Jordan Elliott,DT,DL,"https://static.www.nfl.com/image/upload/f_auto,q_auto/league/vkl6igrusm0srrkge1d9",2023,REG,CLE,17,0,0,0,0,0,0,0,0,0,0,0,0,,,0,,0,0,0,0,0,0,,0,0,0,0,0,0,0,0,0,0,,0,,0,0,0,0,14,0,7,3,16,0,2.5,17.5,3,0,0,1,0,0,0,0,0,0,0,0,0,6,36,0,0,0,0,0,0,0,0,,,0,0,0,0,0,0,0,0,0,0,0,0,,,,0,0,0,0,0,0,0,,0,0,0,0,,0,0
00-0036267,J.Wills,Jedrick Wills,OT,OL,"https://static.www.nfl.com/image/private/f_auto,q_auto/league/yb2yk8uqsoakf8yyrlf9",2023,REG,CLE,6,0,0,0,0,0,0,0,0,0,0,0,0,,,0,,0,0,0,0,0,0,,0,0,0,0,0,0,0,0,0,0,,0,,0,0,0,0,2,0,0,0,0,0,0,0,0,0,0,0,0,0,0,0,1,1,0,0,0,6,37,0,0,0,0,0,0,0,0,,,0,0,0,0,0,0,0,0,0,0,0,0,,,,0,0,0,0,0,0,0,,0,0,0,0,,0,0
00-0036268,L.Shenault,Laviska Shenault Jr.,WR,WR,"https://static.www.nfl.com/image/upload/f_auto,q_auto/league/o3cfpcor86ghjwyn8icp",2023,REG,CAR,8,0,0,0,0,0,0,0,0,0,0,0,0,,,0,,12,55,0,0,0,3,-0.212121787015349,0,10,10,60,0,0,0,-25,85,2,-1.19958016008604,0,0,0.0187265917602996,-0.00557786702365016,0.0241853807238943,0,0,0,1,0,0,0,0,0,0,0,0,0,0,0,0,0,1,1,0,0,0,0,0,0,0,6,167,0,0,0,0,,,0,0,0,0,0,0,0,0,0,0,0,0,,,,0,0,0,0,0,0,0,,0,0,0,0,,11.5,21.5
00-0036269,L.Perine,La'Mical Perine,RB,RB,"https://static.www.nfl.com/image/upload/f_auto,q_auto/league/fd2pagtwrgj0hopdspal",2023,REG,KC,2,0,0,0,0,0,0,0,0,0,0,0,0,,,0,,22,77,0,0,0,4,-2.3794992521381,0,3,5,33,0,0,0,2,32,1,-0.156067042204086,0,16.5,0.00834724540901503,0.000488400488400488,0.0128627484554029,0,0,0,0,0,0,0,0,0,0,0,0,0,0,0,0,0,0,0,0,0,0,0,0,0,0,0,0,0,0,0,0,,,0,0,0,0,0,0,0,0,0,0,0,0,,,,0,0,0,0,0,0,0,,0,0,0,0,,11,14
00-0036271,Q.Watkins,Quez Watkins,WR,WR,"https://static.www.nfl.com/image/upload/f_auto,q_auto/league/srfbu8ebsckazo1jlzys",2023,REG,PHI,5,0,0,0,0,0,0,0,0,0,0,0,0,,,0,,0,0,0,0,0,0,,0,15,21,142,1,0,0,245,46,8,-3.31506419403331,0,0.579591836734694,0.04,0.0505780346820809,0.0954046242774566,0,1,0,0,0,0,0,0,0,0,0,0,0,0,0,0,0,0,0,0,0,0,0,0,0,0,1,11,0,0,0,0,,,0,0,0,0,0,0,0,0,0,0,0,0,,,,0,0,0,0,0,0,0,,0,0,0,0,,20.2,35.2
00-0036272,B.Bartch,Ben Bartch,OT,OL,"https://static.www.nfl.com/image/upload/f_auto,q_auto/league/cyqdherczwbrk63buszh",2023,REG,SF,1,0,0,0,0,0,0,0,0,0,0,0,0,,,0,,0,0,0,0,0,0,,0,0,0,0,0,0,0,0,0,0,,0,,0,0,0,0,1,0,0,0,0,0,0,0,0,0,0,0,0,0,0,0,0,0,0,0,0,0,0,0,0,0,0,0,0,0,0,,,0,0,0,0,0,0,0,0,0,0,0,0,,,,0,0,0,0,0,0,0,,0,0,0,0,,0,0
00-0036273,J.Hanson,Jake Hanson,C,OL,"https://static.www.nfl.com/image/upload/f_auto,q_auto/league/sxf7pg6khfwzwmjovuna",2023,REG,NYJ,1,0,0,0,0,0,0,0,0,0,0,0,0,,,0,,0,0,0,0,0,0,,0,0,0,0,0,0,0,0,0,0,,0,,0,0,0,0,0,0,0,0,0,0,0,0,0,0,0,0,0,0,0,0,0,0,0,0,0,1,5,0,0,0,0,0,0,0,0,,,0,0,0,0,0,0,0,0,0,0,0,0,,,,0,0,0,0,0,0,0,,0,0,0,0,,0,0
00-0036274,J.Okudah,Jeff Okudah,CB,DB,"https://static.www.nfl.com/image/upload/f_auto,q_auto/league/spqqvbna344r34sgvpdk",2023,REG,ATL,11,0,0,0,0,0,0,0,0,0,0,0,0,,,0,,0,0,0,0,0,0,,0,0,0,0,0,0,0,0,0,0,,0,,0,0,0,0,28,6,10,1,2,0,0,0,0,0,0,3,0,0,0,0,0,0,0,0,0,4,20,0,0,0,0,0,0,0,0,,,0,0,0,0,0,0,0,0,0,0,0,0,,,,0,0,0,0,0,0,0,,0,0,0,0,,0,0
00-0036275,D.Swift,D'Andre Swift,RB,RB,"https://static.www.nfl.com/image/upload/f_auto,q_auto/league/owpmwzoilitcodc6cmxo",2023,REG,PHI,16,0,0,0,0,0,0,0,0,0,0,0,0,,,0,,229,1049,5,2,0,51,1.91401447394998,0,39,49,214,1,1,1,27,267,8,-8.93390828878769,0,7.92592592592593,0.0933333333333333,0.0055739058629232,0.143901734104046,0,0,0,0,0,0,0,0,0,0,0,0,0,0,0,0,0,1,1,0,0,0,1,5,0,0,0,0,0,0,0,0,,,0,0,0,0,0,0,0,0,0,0,0,0,,,,0,0,0,0,0,0,0,,0,0,0,0,,160.3,199.3
00-0036280,M.Harrison,Malik Harrison,LB,LB,"https://static.www.nfl.com/image/upload/f_auto,q_auto/league/d6ttadigndjeor6gwc8m",2023,REG,BAL,10,0,0,0,0,0,0,0,0,0,0,0,0,,,0,,0,0,0,0,0,0,,0,0,0,0,0,0,0,0,0,0,,0,,0,0,0,0,11,2,7,0,0,0,0,0,1,0,0,0,0,0,0,0,0,0,0,0,0,1,5,0,0,0,0,0,0,0,0,,,0,0,0,0,0,0,0,0,0,0,0,0,,,,0,0,0,0,0,0,0,,0,0,0,0,,0,0
00-0036281,C.Henderson,C.J. Henderson,CB,DB,"https://static.www.nfl.com/image/upload/f_auto,q_auto/league/tna89m19aol0bnfhugay",2023,REG,CAR,11,0,0,0,0,0,0,0,0,0,0,0,0,,,0,,0,0,0,0,0,0,,0,0,0,0,0,0,0,0,0,0,,0,,0,0,0,0,27,4,8,3,12,0,1,8,1,0,0,2,0,0,0,0,0,0,0,0,0,1,6,0,0,0,0,0,0,0,0,,,0,0,0,0,0,0,0,0,0,0,0,0,,,,0,0,0,0,0,0,0,,0,0,0,0,,0,0
00-0036282,G.Delpit,Grant Delpit,SAF,DB,"https://static.www.nfl.com/image/upload/f_auto,q_auto/league/vfp5ffmtbfgobosxlxjj",2023,REG,CLE,13,0,0,0,0,0,0,0,0,0,0,0,0,,,0,,0,0,0,0,0,0,,0,0,0,0,0,0,0,0,0,0,,0,,0,0,0,0,54,9,17,7,34,0,1.5,14.5,4,1,0,3,0,2,0,0,0,0,1,1,0,2,22,0,0,0,0,0,0,0,0,,,0,0,0,0,0,0,0,0,0,0,0,0,,,,0,0,0,0,0,0,0,,0,0,0,0,,0,0
00-0036284,M.Becton,Mekhi Becton,G,OL,"https://static.www.nfl.com/image/upload/f_auto,q_auto/league/y8g95wptr3ozqhtj6urd",2023,REG,NYJ,9,0,0,0,0,0,0,0,0,0,0,0,0,,,0,,0,0,0,0,0,0,,0,0,0,0,0,0,0,0,0,0,,0,,0,0,0,0,0,0,0,0,0,0,0,0,0,0,0,0,0,0,0,0,1,1,0,0,0,12,84,0,0,0,0,0,0,0,0,,,0,0,0,0,0,0,0,0,0,0,0,0,,,,0,0,0,0,0,0,0,,0,0,0,0,,0,0
00-0036285,A.Terrell,A.J. Terrell,CB,DB,"https://static.www.nfl.com/image/upload/f_auto,q_auto/league/etcev3yjoqtp5tay2ndo",2023,REG,ATL,17,0,0,0,0,0,0,0,0,0,0,0,0,,,0,,0,0,0,0,0,0,,0,0,0,0,0,0,0,0,0,0,,0,,0,0,0,0,30,4,11,2,4,0,0,0,0,0,0,11,0,0,0,0,0,0,0,0,0,7,122,0,0,0,0,0,0,0,0,,,0,0,0,0,0,0,0,0,0,0,0,0,,,,0,0,0,0,0,0,0,,0,0,0,0,,0,0
00-0036286,K.Chaisson,K'Lavon Chaisson,LB,LB,"https://static.www.nfl.com/image/upload/f_auto,q_auto/league/gc9qqj4piwlwse4spobk",2023,REG,JAX,12,0,0,0,0,0,0,0,0,0,0,0,0,,,0,,0,0,0,0,0,0,,0,0,0,0,0,0,0,0,0,0,,0,,0,0,0,0,8,1,4,3,18,0,2,11,8,0,0,1,0,0,0,0,0,0,0,0,0,3,25,0,0,0,0,0,0,0,0,,,0,0,0,0,0,0,0,0,0,0,0,0,,,,0,0,0,0,0,0,0,,0,0,0,0,,0,0
00-0036287,N.Igbinoghene,Noah Igbinoghene,CB,DB,"https://static.www.nfl.com/image/upload/f_auto,q_auto/league/hyu05mp0m5bstdoi0wdx",2023,REG,DAL,1,0,0,0,0,0,0,0,0,0,0,0,0,,,0,,0,0,0,0,0,0,,0,0,0,0,0,0,0,0,0,0,,0,,0,0,0,1,0,0,0,0,0,0,0,0,0,0,0,0,0,0,0,58,0,0,0,0,0,0,0,0,0,0,0,0,0,0,0,,,0,0,0,0,0,0,0,0,0,0,0,0,,,,0,0,0,0,0,0,0,,0,0,0,0,,6,6
00-0036288,Y.Gross-Matos,Yetur Gross-Matos,DE,DL,"https://static.www.nfl.com/image/upload/f_auto,q_auto/league/w1xhz0qsd0rr5hczbpb8",2023,REG,CAR,11,0,0,0,0,0,0,0,0,0,0,0,0,,,0,,0,0,0,0,0,0,,0,0,0,0,0,0,0,0,0,0,,0,,0,0,0,0,14,5,17,5,16,0,4.5,18.5,10,0,0,0,0,0,0,0,0,0,0,0,0,2,20,0,0,0,0,0,0,0,0,,,0,0,0,0,0,0,0,0,0,0,0,0,,,,0,0,0,0,0,0,0,,0,0,0,0,,0,0
00-0036289,R.Blacklock,Ross Blacklock,DT,DL,"https://static.www.nfl.com/image/private/f_auto,q_auto/league/bhfz75verrtkscghgjjz",2023,REG,TEN,2,0,0,0,0,0,0,0,0,0,0,0,0,,,0,,0,0,0,0,0,0,,0,0,0,0,0,0,0,0,0,0,,0,,0,0,0,0,1,0,1,0,0,0,0,0,0,0,0,0,0,0,0,0,0,0,0,0,0,0,0,0,0,0,0,0,0,0,0,,,0,0,0,0,0,0,0,0,0,0,0,0,,,,0,0,0,0,0,0,0,,0,0,0,0,,0,0
00-0036290,C.Kmet,Cole Kmet,TE,TE,"https://static.www.nfl.com/image/upload/f_auto,q_auto/league/ysnui8mzlu2fo70ub0yt",2023,REG,CHI,16,0,0,0,0,0,0,0,0,0,0,0,0,,,0,,3,2,0,0,0,2,0.803787263343111,0,73,90,719,6,1,0,557,290,36,32.5224477836288,0,1.29084380610413,0.188679245283019,0.147549668874172,0.386303636136449,0,2,0,1,0,0,0,0,0,0,0,0,0,0,0,0,0,1,1,0,0,0,3,14,0,0,1,0,0,0,0,0,,,0,0,0,0,0,0,0,0,0,0,0,0,,,,0,0,0,0,0,0,0,,0,0,0,0,,108.1,181.1
00-0036291,M.Davidson,Marlon Davidson,DE,DL,"https://static.www.nfl.com/image/upload/f_auto,q_auto/league/zxqpom7rcenoibhktkyh",2023,REG,TEN,5,0,0,0,0,0,0,0,0,0,0,0,0,,,0,,0,0,0,0,0,0,,0,0,0,0,0,0,0,0,0,0,,0,,0,0,0,0,6,0,4,2,11,0,1,8,1,0,0,0,0,0,0,0,0,0,0,0,0,0,0,0,0,0,0,0,0,0,0,,,0,0,0,0,0,0,0,0,0,0,0,0,,,,0,0,0,0,0,0,0,,0,0,0,0,,0,0
00-0036292,J.Johnson,Jaylon Johnson,CB,DB,"https://static.www.nfl.com/image/upload/f_auto,q_auto/league/mee0icza276avcisghdk",2023,REG,CHI,14,0,0,0,0,0,0,0,0,0,0,0,0,,,0,,0,0,0,0,0,0,,0,0,0,0,0,0,0,0,0,0,,0,,0,0,0,0,28,3,5,1,1,1,0,0,0,4,65,10,1,2,0,0,0,0,0,0,0,5,95,0,0,0,0,0,0,0,0,,,0,0,0,0,0,0,0,0,0,0,0,0,,,,0,0,0,0,0,0,0,,0,0,0,0,,0,0
00-0036293,J.Chinn,Jeremy Chinn,SAF,DB,"https://static.www.nfl.com/image/upload/f_auto,q_auto/league/qdvollzto5i4xs6q9gov",2023,REG,CAR,10,0,0,0,0,0,0,0,0,0,0,0,0,,,0,,0,0,0,0,0,0,,0,0,0,0,0,0,0,0,0,0,,0,,0,0,0,0,16,2,12,1,8,0,1,8,1,0,0,1,0,0,0,0,0,0,0,0,0,1,1,0,0,0,0,0,0,0,0,,,0,0,0,0,0,0,0,0,0,0,0,0,,,,0,0,0,0,0,0,0,,0,0,0,0,,0,0
00-0036294,L.Wilson,Logan Wilson,LB,LB,"https://static.www.nfl.com/image/upload/f_auto,q_auto/league/yricskcpoyoucmgfauek",2023,REG,CIN,17,0,0,0,0,0,0,0,0,0,0,0,0,,,0,,0,0,0,0,0,0,,0,0,0,0,0,0,0,0,0,0,,0,,0,0,0,0,63,15,57,1,1,3,1,0,4,4,42,9,0,0,0,0,0,0,0,0,0,1,6,0,0,0,0,0,0,0,0,,,0,0,0,0,0,0,0,0,0,0,0,0,,,,0,0,0,0,0,0,0,,0,0,0,0,,0,0
00-0036297,D.Evans,Darrynton Evans,RB,RB,"https://static.www.nfl.com/image/upload/f_auto,q_auto/league/akmrd72vwsbpsnuh9775",2023,REG,MIA,6,0,0,0,0,0,0,0,0,0,0,0,0,,,0,,32,121,1,0,0,12,0.603845581979832,0,7,12,49,0,0,0,-14,69,2,-5.22914005699871,0,-3.5,0.0251572327044025,-0.00370860927152318,0.0351398225665376,0,0,0,0,0,0,0,0,0,0,0,0,0,0,0,0,0,0,0,0,0,0,0,0,0,0,0,0,0,0,0,0,,,0,0,0,0,0,0,0,0,0,0,0,0,,,,0,0,0,0,0,0,0,,0,0,0,0,,23,30
00-0036298,A.Davis-Gaither,Akeem Davis-Gaither,LB,LB,"https://static.www.nfl.com/image/upload/f_auto,q_auto/league/bh8mbyhyngomfqg3hf2a",2023,REG,CIN,11,0,0,0,0,0,0,0,0,0,0,0,0,,,0,,0,0,0,0,0,0,,0,0,0,0,0,0,0,0,0,0,,0,,0,0,0,0,6,4,7,1,2,0,0,0,0,0,0,0,0,0,0,0,0,0,0,0,0,1,5,0,0,0,0,0,0,0,0,,,0,0,0,0,0,0,0,0,0,0,0,0,,,,0,0,0,0,0,0,0,,0,0,0,0,,0,0
00-0036300,M.Walker,Mykal Walker,LB,LB,"https://static.www.nfl.com/image/upload/f_auto,q_auto/league/tbysjdwb1ea5ya03wnfz",2023,REG,PIT,8,0,0,0,0,0,0,0,0,0,0,0,0,,,0,,0,0,0,0,0,0,,0,0,0,0,0,0,0,0,0,0,,0,,0,0,0,0,16,5,12,1,2,0,0,0,0,1,30,2,0,0,0,0,0,0,0,0,0,1,15,0,0,0,0,0,0,0,0,,,0,0,0,0,0,0,0,0,0,0,0,0,,,,0,0,0,0,0,0,0,,0,0,0,0,,0,0
00-0036302,J.Hawkins,Jaylinn Hawkins,SAF,DB,"https://static.www.nfl.com/image/upload/f_auto,q_auto/league/x6aoovce6sz0dxstlb4u",2023,REG,LAC,7,0,0,0,0,0,0,0,0,0,0,0,0,,,0,,0,0,0,0,0,0,,0,0,0,0,0,0,0,0,0,0,,0,,0,0,0,0,6,0,8,0,0,0,0,0,0,0,0,1,0,0,0,0,0,0,0,0,0,0,0,0,0,0,0,0,0,0,0,,,0,0,0,0,0,0,0,0,0,0,0,0,,,,0,0,0,0,0,0,0,,0,0,0,0,,0,0
00-0036303,J.Scott,Josiah Scott,CB,DB,"https://static.www.nfl.com/image/private/f_auto,q_auto/league/nv4stfnpyttr3pc5pmc4",2023,REG,PHI,2,0,0,0,0,0,0,0,0,0,0,0,0,,,0,,0,0,0,0,0,0,,0,0,0,0,0,0,0,0,0,0,,0,,0,0,0,0,1,0,1,0,0,0,0,0,0,0,0,0,0,0,0,0,0,0,0,0,0,0,0,0,0,0,0,0,0,0,0,,,0,0,0,0,0,0,0,0,0,0,0,0,,,,0,0,0,0,0,0,0,,0,0,0,0,,0,0
00-0036305,T.Gipson,Trevis Gipson,DE,DL,"https://static.www.nfl.com/image/upload/f_auto,q_auto/league/mdrrrg7fr2sos9veyyin",2023,REG,TEN,3,0,0,0,0,0,0,0,0,0,0,0,0,,,0,,0,0,0,0,0,0,,0,0,0,0,0,0,0,0,0,0,,0,,0,0,0,0,1,0,5,0,0,1,1,8,0,0,0,0,0,0,0,0,0,0,0,0,0,0,0,0,0,0,0,0,0,0,0,,,0,0,0,0,0,0,0,0,0,0,0,0,,,,0,0,0,0,0,0,0,,0,0,0,0,,0,0
00-0036306,D.Thomas,Daniel Thomas,SAF,DB,"https://static.www.nfl.com/image/upload/f_auto,q_auto/league/qbw8gam5wiinqegq213p",2023,REG,JAX,7,0,0,0,0,0,0,0,0,0,0,0,0,,,0,,0,0,0,0,0,0,,0,0,0,0,0,0,0,0,0,0,,0,,0,0,0,0,6,1,1,0,0,0,0,0,0,0,0,0,0,0,0,0,0,0,0,0,0,2,20,0,0,1,21,0,0,0,0,,,0,0,0,0,0,0,0,0,0,0,0,0,,,,0,0,0,0,0,0,0,,0,0,0,0,,0,0
00-0036307,K.Vildor,Kindle Vildor,CB,DB,"https://static.www.nfl.com/image/upload/f_auto,q_auto/league/f1loty6bu2jaxt9bwcbx",2023,REG,DET,6,0,0,0,0,0,0,0,0,0,0,0,0,,,0,,0,0,0,0,0,0,,0,0,0,0,0,0,0,0,0,0,,0,,0,0,0,0,9,1,1,2,5,1,0,0,1,0,0,2,0,0,0,0,0,0,0,0,0,3,15,0,0,0,0,0,0,0,0,,,0,0,0,0,0,0,0,0,0,0,0,0,,,,0,0,0,0,0,0,0,,0,0,0,0,,0,0
00-0036309,D.Mooney,Darnell Mooney,WR,WR,"https://static.www.nfl.com/image/upload/f_auto,q_auto/league/eaejonwaflt9drrs9ika",2023,REG,CHI,14,0,0,0,0,0,0,0,0,0,0,0,0,,,0,,2,5,0,0,0,0,-0.762429441092536,0,31,61,414,1,0,0,630,181,20,-4.80464335643307,0,0.657142857142857,0.127882599580713,0.166887417218543,0.308645091424049,0,2,0,1,0,0,0,0,0,0,0,0,0,0,0,0,0,0,0,0,0,0,0,0,0,0,0,0,0,0,0,0,,,0,0,0,0,0,0,0,0,0,0,0,0,,,,0,0,0,0,0,0,0,,0,0,0,0,,47.9,78.9
00-0036313,B.Mann,Braden Mann,P,SPEC,"https://static.www.nfl.com/image/upload/f_auto,q_auto/league/eizeojehmxkvvfahj1tk",2023,REG,PHI,15,1,1,28,0,0,0,0,0,0,11,17,1,4.2093265458243,35.0702583789825,0,2.54545454545455,0,0,0,0,0,0,,0,0,0,0,0,0,0,0,0,0,,0,,0,0,0,0,0,0,0,0,0,0,0,0,0,0,0,0,0,0,0,0,0,0,0,0,0,0,0,0,0,0,0,0,0,0,0,,,0,0,0,0,0,0,0,0,0,0,0,0,,,,0,0,0,0,0,0,0,,0,0,0,0,,1.12,1.12
00-0036314,M.Bailey,Markus Bailey,LB,LB,"https://static.www.nfl.com/image/upload/f_auto,q_auto/league/etenzo5wtbuoiz2z5tbb",2023,REG,CIN,9,0,0,0,0,0,0,0,0,0,0,0,0,,,0,,0,0,0,0,0,0,,0,0,0,0,0,0,0,0,0,0,,0,,0,0,0,0,5,1,4,0,0,0,0,0,0,0,0,0,0,0,0,0,0,0,0,0,0,0,0,0,0,0,0,0,0,0,0,,,0,0,0,0,0,0,0,0,0,0,0,0,,,,0,0,0,0,0,0,0,,0,0,0,0,,0,0
00-0036321,C.Young,Chase Young,DE,DL,"https://static.www.nfl.com/image/upload/f_auto,q_auto/league/oeg7zkuy6zte74pe8pxl",2023,REG,SF,15,0,0,0,0,0,0,0,0,0,0,0,0,,,0,,0,0,0,0,0,0,,0,0,0,0,0,0,0,0,0,0,,0,,0,0,0,0,15,2,8,7,44,0,7.5,49,15,0,0,2,0,0,0,0,0,0,0,0,0,3,19,0,0,0,0,0,0,0,0,,,0,0,0,0,0,0,0,0,0,0,0,0,,,,0,0,0,0,0,0,0,,0,0,0,0,,0,0
00-0036322,J.Jefferson,Justin Jefferson,WR,WR,"https://static.www.nfl.com/image/upload/f_auto,q_auto/league/f0ccavu3ppzcs51e1cuv",2023,REG,MIN,10,0,1,0,0,0,0,0,0,0,20,0,0,-0.393325770564843,-29.8158466815949,0,0,1,-12,0,0,0,0,-1.97162454621866,0,68,100,1074,5,1,1,1258,260,52,42.8227059184397,0,0.853736089030207,0.165016501650165,0.255172413793103,0.42614544213042,0,2,0,0,0,0,0,0,0,0,0,0,0,0,0,0,0,1,1,0,0,0,0,0,0,0,0,0,0,0,0,0,,,0,0,0,0,0,0,0,0,0,0,0,0,,,,0,0,0,0,0,0,0,,0,0,0,0,,134.2,202.2
00-0036323,P.Queen,Patrick Queen,LB,LB,"https://static.www.nfl.com/image/upload/f_auto,q_auto/league/doxpcjbw3vigxuj4xdqu",2023,REG,BAL,17,0,0,0,0,0,0,0,0,0,0,0,0,,,0,,0,0,0,0,0,0,,0,0,0,0,0,0,0,0,0,0,,0,,0,0,0,0,67,17,49,8,44,1,3.5,35,6,1,21,6,0,0,0,0,0,0,1,1,0,1,15,0,0,0,0,0,0,0,0,,,0,0,0,0,0,0,0,0,0,0,0,0,,,,0,0,0,0,0,0,0,,0,0,0,0,,0,0
00-0036325,R.Hunt,Robert Hunt,OT,OL,"https://static.www.nfl.com/image/upload/f_auto,q_auto/league/i7mowb5kq5lqz7tjpstc",2023,REG,MIA,1,0,0,0,0,0,0,0,0,0,0,0,0,,,0,,0,0,0,0,0,0,,0,0,0,0,0,0,0,0,0,0,,0,,0,0,0,0,0,0,0,0,0,0,0,0,0,0,0,0,0,0,0,0,0,0,0,0,0,1,10,0,0,0,0,0,0,0,0,,,0,0,0,0,0,0,0,0,0,0,0,0,,,,0,0,0,0,0,0,0,,0,0,0,0,,0,0
00-0036326,C.Claypool,Chase Claypool,WR,WR,"https://static.www.nfl.com/image/upload/f_auto,q_auto/league/intpee5tvgt6rhzxhquc",2023,REG,MIA,11,0,0,0,0,0,0,0,0,0,0,0,0,,,0,,0,0,0,0,0,0,,0,8,21,77,1,0,0,230,25,4,-13.1959115537263,0,0.334782608695652,0.0440251572327044,0.0609271523178808,0.108686742471573,0,3,0,3,0,0,0,0,0,0,0,0,0,0,0,0,0,1,1,0,0,0,2,11,0,0,0,0,0,0,0,0,,,0,0,0,0,0,0,0,0,0,0,0,0,,,,0,0,0,0,0,0,0,,0,0,0,0,,13.7,21.7
00-0036327,E.Cleveland,Ezra Cleveland,G,OL,"https://static.www.nfl.com/image/upload/f_auto,q_auto/league/wofagulp593x7i5pjxis",2023,REG,JAX,4,0,0,0,0,0,0,0,0,0,0,0,0,,,0,,0,0,0,0,0,0,,0,0,0,0,0,0,0,0,0,0,,0,,0,0,0,0,1,0,0,0,0,0,0,0,0,0,0,0,0,0,0,0,0,0,0,0,0,3,15,0,0,0,0,0,0,0,0,,,0,0,0,0,0,0,0,0,0,0,0,0,,,,0,0,0,0,0,0,0,,0,0,0,0,,0,0
00-0036328,A.Gibson,Antonio Gibson,RB,RB,"https://static.www.nfl.com/image/upload/f_auto,q_auto/league/j7ixpkm7u4tdoqwzmbt4",2023,REG,WAS,16,0,0,0,0,0,0,0,0,0,0,0,0,,,0,,65,265,1,1,1,14,-6.73583069333108,0,48,59,389,2,2,1,-2,377,19,0.866365675678665,0,-194.5,0.0981697171381032,-0.000419551080344032,0.146960889950914,0,1,0,1,0,0,0,0,0,0,0,0,0,0,0,0,0,2,2,0,0,0,1,5,0,0,14,340,0,0,0,0,,,0,0,0,0,0,0,0,0,0,0,0,0,,,,0,0,0,0,0,0,0,,0,0,0,0,,79.4,127.4
00-0036329,A.Davis,Ashtyn Davis,SAF,DB,"https://static.www.nfl.com/image/upload/f_auto,q_auto/league/f1yyvajikoqdnqunml6i",2023,REG,NYJ,16,0,0,0,0,0,0,0,0,0,0,0,0,,,0,,2,3,0,0,0,1,-0.46953138220124,0,0,0,0,0,0,0,0,0,0,,0,,0,0,0,0,19,4,14,1,1,1,0,0,0,3,66,8,0,1,1,0,0,0,3,3,0,0,0,0,0,0,0,0,0,0,0,,,0,0,0,0,0,0,0,0,0,0,0,0,,,,0,0,0,0,0,0,0,,0,0,0,0,,0.3,0.3
00-0036331,D.Duvernay,Devin Duvernay,WR,WR,"https://static.www.nfl.com/image/upload/f_auto,q_auto/league/rhqvgqqfokrv6omkw0lg",2023,REG,BAL,13,0,0,0,0,0,0,0,0,0,0,0,0,,,0,,4,15,0,0,0,0,-0.552756739489269,0,4,9,18,0,0,0,81,17,0,-4.00612674535772,0,0.222222222222222,0.0189075630252101,0.0198092443140132,0.0422278155576244,0,1,1,0,0,0,0,0,0,0,0,0,0,0,0,0,0,0,0,1,1,0,0,0,23,290,9,174,0,0,0,0,,,0,0,0,0,0,0,0,0,0,0,0,0,,,,0,0,0,0,0,0,0,,0,0,0,0,,3.3,7.3
00-0036332,J.Deguara,Josiah Deguara,TE,TE,"https://static.www.nfl.com/image/upload/f_auto,q_auto/league/wivlyvbmlm0aogcvl2yz",2023,REG,GB,9,0,0,0,0,0,0,0,0,0,0,0,0,,,0,,0,0,0,0,0,0,,0,8,8,65,0,0,0,26,39,3,1.15774124593008,0,2.5,0.0142602495543672,0.00526315789473684,0.0250745848578666,0,3,0,1,0,0,0,0,0,0,0,0,0,0,0,0,0,1,1,0,0,0,2,15,0,0,0,0,0,0,0,0,,,0,0,0,0,0,0,0,0,0,0,0,0,,,,0,0,0,0,0,0,0,,0,0,0,0,,6.5,14.5
00-0036333,A.Highsmith,Alex Highsmith,LB,LB,"https://static.www.nfl.com/image/upload/f_auto,q_auto/league/cczpmknwul24lusvhzyf",2023,REG,PIT,17,0,0,0,0,0,0,0,0,0,0,0,0,,,0,,0,0,0,0,0,0,,0,0,0,0,0,0,0,0,0,0,,0,,0,0,0,0,28,6,23,7,33,2,7,44.5,18,2,30,3,1,0,0,0,0,0,0,0,0,2,20,0,0,0,0,0,0,0,0,,,0,0,0,0,0,0,0,0,0,0,0,0,,,,0,0,0,0,0,0,0,,0,0,0,0,,0,0
00-0036334,S.Charles,Saahdiq Charles,OT,OL,"https://static.www.nfl.com/image/upload/f_auto,q_auto/league/f3e07rywiznazr0urp4e",2023,REG,WAS,2,0,0,0,0,0,0,0,0,0,0,0,0,,,0,,0,0,0,0,0,0,,0,0,0,0,0,0,0,0,0,0,,0,,0,0,0,0,0,0,0,0,0,0,0,0,0,0,0,0,0,0,0,0,0,0,0,0,0,2,20,0,0,0,0,0,0,0,0,,,0,0,0,0,0,0,0,0,0,0,0,0,,,,0,0,0,0,0,0,0,,0,0,0,0,,0,0
00-0036335,D.Wonnum,D.J. Wonnum,LB,LB,"https://static.www.nfl.com/image/upload/f_auto,q_auto/league/i4vqp3hdkbfiakcdmnmo",2023,REG,MIN,15,0,0,0,0,0,0,0,0,0,0,0,0,,,0,,0,0,0,0,0,0,,0,0,0,0,0,0,0,0,0,0,,0,,0,0,0,0,30,3,29,7,52,0,8,54.5,15,0,0,6,0,0,0,0,0,0,1,1,1,0,0,0,0,0,0,0,0,0,0,,,0,0,0,0,0,0,0,0,0,0,0,0,,,,0,0,0,0,0,0,0,,0,0,0,0,,0,0
00-0036336,A.McFarland,Anthony McFarland,RB,RB,"https://static.www.nfl.com/image/private/f_auto,q_auto/league/dwt64mh92t2qztepvswo",2023,REG,PIT,3,0,0,0,0,0,0,0,0,0,0,0,0,,,0,,0,0,0,0,0,0,,0,2,2,11,0,0,0,4,7,1,1.19314490072429,0,2.75,0.00413223140495868,0.00105680317040951,0.00693810932672468,0,0,0,0,0,0,0,0,0,0,0,0,0,0,0,0,0,0,0,0,0,0,0,0,0,0,6,164,0,0,0,0,,,0,0,0,0,0,0,0,0,0,0,0,0,,,,0,0,0,0,0,0,0,,0,0,0,0,,1.1,3.1
00-0036338,T.Dye,Troy Dye,LB,LB,"https://static.www.nfl.com/image/upload/f_auto,q_auto/league/szcqhlzfkobuu2vh8s7v",2023,REG,MIN,10,0,0,0,0,0,0,0,0,0,0,0,0,,,0,,0,0,0,0,0,0,,0,0,0,0,0,0,0,0,0,0,,0,,0,0,0,0,10,1,6,1,5,1,1,5,2,0,0,0,0,0,0,0,0,0,0,0,0,1,10,0,0,0,0,0,0,0,0,,,0,0,0,0,0,0,0,0,0,0,0,0,,,,0,0,0,0,0,0,0,,0,0,0,0,,0,0
00-0036339,K.Dotson,Kevin Dotson,G,OL,"https://static.www.nfl.com/image/upload/f_auto,q_auto/league/nv2c9f4jr08wvzyog86n",2023,REG,LA,2,0,0,0,0,0,0,0,0,0,0,0,0,,,0,,0,0,0,0,0,0,,0,0,0,0,0,0,0,0,0,0,,0,,0,0,0,0,0,0,0,0,0,0,0,0,0,0,0,0,0,0,0,0,0,0,0,0,0,2,15,0,0,0,0,0,0,0,0,,,0,0,0,0,0,0,0,0,0,0,0,0,,,,0,0,0,0,0,0,0,,0,0,0,0,,0,0
00-0036341,K.Kareem,Khalid Kareem,DE,DL,"https://static.www.nfl.com/image/upload/f_auto,q_auto/league/wv4cxlitwh8mxxpzvka5",2023,REG,CHI,1,0,0,0,0,0,0,0,0,0,0,0,0,,,0,,0,0,0,0,0,0,,0,0,0,0,0,0,0,0,0,0,,0,,0,0,0,0,1,0,0,0,0,0,0,0,0,0,0,1,0,0,0,0,0,0,0,0,0,0,0,0,0,0,0,0,0,0,0,,,0,0,0,0,0,0,0,0,0,0,0,0,,,,0,0,0,0,0,0,0,,0,0,0,0,,0,0
00-0036343,K.Hudson,Khaleke Hudson,LB,LB,"https://static.www.nfl.com/image/upload/f_auto,q_auto/league/xlpsx6vmahvollkqjzcf",2023,REG,WAS,11,0,0,0,0,0,0,0,0,0,0,0,0,,,0,,0,0,0,0,0,0,,0,0,0,0,0,0,0,0,0,0,,0,,0,0,0,0,37,7,30,5,13,0,1,3,2,0,0,2,0,0,0,0,0,0,0,0,0,0,0,0,0,0,0,0,0,0,0,,,0,0,0,0,0,0,0,0,0,0,0,0,,,,0,0,0,0,0,0,0,,0,0,0,0,,0,0
00-0036345,K.Osborn,K.J. Osborn,WR,WR,"https://static.www.nfl.com/image/upload/f_auto,q_auto/league/ol316js270dkzhgkclrq",2023,REG,MIN,15,0,0,0,0,0,0,0,0,0,0,0,0,,,0,,0,0,0,0,0,0,,0,48,75,540,3,1,0,659,185,28,6.30021401257738,0,0.819423368740516,0.123762376237624,0.13367139959432,0.27921354407246,0,4,0,0,0,0,0,0,0,0,0,0,0,0,0,0,0,1,1,0,0,0,2,20,0,0,0,0,0,0,0,0,,,0,0,0,0,0,0,0,0,0,0,0,0,,,,0,0,0,0,0,0,0,,0,0,0,0,,72,120
00-0036347,B.Brandel,Blake Brandel,C,OL,"https://static.www.nfl.com/image/upload/f_auto,q_auto/league/njhqqbqvkymgl8fenuwr",2023,REG,MIN,2,0,0,0,0,0,0,0,0,0,0,0,0,,,0,,0,0,0,0,0,0,,0,0,0,0,0,0,0,0,0,0,,0,,0,0,0,0,0,0,0,0,0,0,0,0,0,0,0,0,0,0,0,0,0,0,0,0,0,2,10,0,0,0,0,0,0,0,0,,,0,0,0,0,0,0,0,0,0,0,0,0,,,,0,0,0,0,0,0,0,,0,0,0,0,,0,0
00-0036348,J.Metellus,Josh Metellus,SAF,DB,"https://static.www.nfl.com/image/upload/f_auto,q_auto/league/gmb2ahv4eq0jphammw2h",2023,REG,MIN,17,0,0,0,0,0,0,0,0,0,0,0,0,,,0,,0,0,0,0,0,0,,0,0,0,0,0,0,0,0,0,0,,0,,0,0,0,0,64,14,38,5,7,4,2.5,17,10,1,43,5,0,0,0,0,0,0,1,1,0,0,0,0,0,0,0,0,0,0,0,,,0,0,0,0,0,0,0,0,0,0,0,0,,,,0,0,0,0,0,0,0,,0,0,0,0,,0,0
00-0036349,K.Curl,Kam Curl,SAF,DB,"https://static.www.nfl.com/image/upload/f_auto,q_auto/league/tm9ahrg1kvnyyghpj5sy",2023,REG,WAS,16,0,0,0,0,0,0,0,0,0,0,0,0,,,0,,0,0,0,0,0,0,,0,0,0,0,0,0,0,0,0,0,,0,,0,0,0,0,67,7,41,3,4,1,1,0,3,0,0,5,0,0,0,0,0,0,1,1,0,0,0,0,0,0,0,0,0,0,0,,,0,0,0,0,0,0,0,0,0,0,0,0,,,,0,0,0,0,0,0,0,,0,0,0,0,,0,0
00-0036351,J.Smith-Williams,James Smith-Williams,DE,DL,"https://static.www.nfl.com/image/upload/f_auto,q_auto/league/y7za6udwmac12c8hmvwh",2023,REG,WAS,12,0,0,0,0,0,0,0,0,0,0,0,0,,,0,,0,0,0,0,0,0,,0,0,0,0,0,0,0,0,0,0,,0,,0,0,0,0,9,2,11,1,1,0,1,1,8,0,0,0,0,0,0,0,0,0,0,0,0,0,0,0,0,0,0,0,0,0,0,,,0,0,0,0,0,0,0,0,0,0,0,0,,,,0,0,0,0,0,0,0,,0,0,0,0,,0,0
00-0036355,J.Herbert,Justin Herbert,QB,QB,"https://static.www.nfl.com/image/upload/f_auto,q_auto/league/s1oelyaroiaalgilbeqk",2023,REG,LAC,13,297,456,3134,20,7,29,-233,3,1,3490,1568,150,27.9168555228564,-0.311126205103123,1,0.897994269340974,52,228,3,1,0,18,5.38458910104854,0,1,1,10,0,0,0,-7,17,1,1.78053091675974,0,0,0.00162866449511401,-0.00147897739277414,0.00140771256772911,0,0,0,0,0,0,0,0,0,0,0,0,0,0,0,0,0,3,4,0,0,0,2,21,0,0,0,0,0,0,0,0,,,0,0,0,0,0,0,0,0,0,0,0,0,,,,0,0,0,0,0,0,0,,0,0,0,0,,233.16,234.16
00-0036356,I.Simmons,Isaiah Simmons,LB,LB,"https://static.www.nfl.com/image/upload/f_auto,q_auto/league/zf2q7dv6kkj1v3tfefvx",2023,REG,NYG,16,0,0,0,0,0,0,0,0,0,0,0,0,,,0,,0,0,0,0,0,0,,0,0,0,0,0,0,0,0,0,0,,0,,0,0,0,0,30,3,17,2,12,1,1,10,1,1,54,3,1,0,0,0,0,0,1,1,0,2,20,0,0,0,0,0,0,0,0,,,0,0,0,0,0,0,0,0,0,0,0,0,,,,0,0,0,0,0,0,0,,0,0,0,0,,0,0
00-0036358,C.Lamb,CeeDee Lamb,WR,WR,"https://static.www.nfl.com/image/upload/f_auto,q_auto/league/ijxzvtumjhqu3zva1bwc",2023,REG,DAL,17,0,0,0,0,0,0,0,0,0,0,0,0,,,0,,14,113,2,0,0,6,8.38835913920775,0,135,181,1749,12,3,2,1722,680,81,103.519985118571,1,1.01567944250871,0.299173553719008,0.359198998748436,0.700199629702417,0,1,0,0,0,0,0,0,0,0,0,0,0,0,0,0,0,1,1,0,0,0,6,42,0,0,0,0,0,0,0,0,,,0,0,0,0,0,0,0,0,0,0,0,0,,,,0,0,0,0,0,0,0,,0,0,0,0,,268.2,403.2
00-0036360,C.Edwards-Helaire,Clyde Edwards-Helaire,RB,RB,"https://static.www.nfl.com/image/upload/f_auto,q_auto/league/er6tfnyxampiwn74zrui",2023,REG,KC,15,0,0,0,0,0,0,0,0,0,0,0,0,,,0,,70,223,1,0,0,13,-14.8416489814699,0,17,22,188,1,0,0,-54,228,7,3.83584068590614,0,-3.48148148148148,0.0367278797996661,-0.0131868131868132,0.0458610504687299,0,0,0,0,0,0,0,0,0,0,0,0,0,0,0,0,0,0,0,0,0,0,0,0,0,0,0,0,0,0,0,0,,,0,0,0,0,0,0,0,0,0,0,0,0,,,,0,0,0,0,0,0,0,,0,0,0,0,,53.1,70.1
00-0036361,T.Diggs,Trevon Diggs,CB,DB,"https://static.www.nfl.com/image/upload/f_auto,q_auto/league/ktdcor3rnkwpgehtwldn",2023,REG,DAL,2,0,0,0,0,0,0,0,0,0,0,0,0,,,0,,0,0,0,0,0,0,,0,0,0,0,0,0,0,0,0,0,,0,,0,0,0,0,4,0,0,0,0,1,0,0,0,1,8,3,0,0,0,0,0,0,0,0,0,1,5,0,0,0,0,0,0,0,0,,,0,0,0,0,0,0,0,0,0,0,0,0,,,,0,0,0,0,0,0,0,,0,0,0,0,,0,0
00-0036362,W.Gay,Willie Gay Jr.,LB,LB,"https://static.www.nfl.com/image/upload/f_auto,q_auto/league/vf0j6vpgfr1vg5wsd7uh",2023,REG,KC,16,0,0,0,0,0,0,0,0,0,0,0,0,,,0,,0,0,0,0,0,0,,0,0,0,0,0,0,0,0,0,0,,0,,0,0,0,0,42,2,14,4,25,1,1,13,3,1,24,4,0,0,0,0,0,0,3,3,0,0,0,0,0,0,0,0,0,0,0,,,0,0,0,0,0,0,0,0,0,0,0,0,,,,0,0,0,0,0,0,0,,0,0,0,0,,0,0
00-0036363,J.Jones,Josh Jones,OT,OL,"https://static.www.nfl.com/image/upload/f_auto,q_auto/league/tycxkga3ketrydbwmg1d",2023,REG,HOU,3,0,0,0,0,0,0,0,0,0,0,0,0,,,0,,0,0,0,0,0,0,,0,0,0,0,0,0,0,0,0,0,,0,,0,0,0,0,0,0,0,0,0,0,0,0,0,0,0,0,0,0,0,0,0,0,0,0,0,4,35,0,0,0,0,0,0,0,0,,,0,0,0,0,0,0,0,0,0,0,0,0,,,,0,0,0,0,0,0,0,,0,0,0,0,,0,0
00-0036364,L.Bowden,Lynn Bowden,WR,WR,"https://static.www.nfl.com/image/private/f_auto,q_auto/league/nrvwudvuqxpmiegmjzdu",2023,REG,NO,8,0,0,0,0,0,0,0,0,0,0,0,0,,,0,,5,32,0,1,0,3,-0.934402808721643,0,11,16,83,0,0,0,80,57,2,-2.24849221037374,0,1.0375,0.0276338514680484,0.0159489633173844,0.0526150515242416,0,0,0,0,0,0,0,0,0,0,0,0,0,0,0,0,0,0,0,0,0,0,0,0,7,53,3,64,0,0,0,0,,,0,0,0,0,0,0,0,0,0,0,0,0,,,,0,0,0,0,0,0,0,,0,0,0,0,,11.5,22.5
00-0036366,N.Gallimore,Neville Gallimore,DT,DL,"https://static.www.nfl.com/image/upload/f_auto,q_auto/league/qwrxmtnfxfkhenqgsnjp",2023,REG,DAL,12,0,0,0,0,0,0,0,0,0,0,0,0,,,0,,0,0,0,0,0,0,,0,0,0,0,0,0,0,0,0,0,,0,,0,0,0,0,5,3,8,1,6,0,1,6,2,0,0,1,0,0,0,0,0,0,0,0,0,1,15,0,0,0,0,0,0,0,0,,,0,0,0,0,0,0,0,0,0,0,0,0,,,,0,0,0,0,0,0,0,,0,0,0,0,,0,0
00-0036368,T.Muse,Tanner Muse,LB,LB,"https://static.www.nfl.com/image/upload/f_auto,q_auto/league/j2xl7exqirdrpzslqmjn",2023,REG,LAC,1,0,0,0,0,0,0,0,0,0,0,0,0,,,0,,0,0,0,0,0,0,,0,0,0,0,0,0,0,0,0,0,,0,,0,0,0,0,1,0,0,0,0,0,0,0,0,0,0,0,0,0,0,0,0,0,0,0,0,0,0,0,0,0,0,0,0,0,0,,,0,0,0,0,0,0,0,0,0,0,0,0,,,,0,0,0,0,0,0,0,,0,0,0,0,,0,0
00-0036369,J.Simpson,John Simpson,G,OL,"https://static.www.nfl.com/image/upload/f_auto,q_auto/league/wv8eiewgjjgiedjzsnmh",2023,REG,BAL,9,0,0,0,0,0,0,0,0,0,0,0,0,,,0,,0,0,0,0,0,0,,0,0,0,0,0,0,0,0,0,0,,0,,0,0,0,0,1,0,0,0,0,0,0,0,0,0,0,0,0,0,0,0,1,1,0,0,0,10,96,0,0,0,0,0,0,0,0,,,0,0,0,0,0,0,0,0,0,0,0,0,,,,0,0,0,0,0,0,0,,0,0,0,0,,0,0
00-0036370,J.Kelley,Joshua Kelley,RB,RB,"https://static.www.nfl.com/image/private/f_auto,q_auto/league/fsu6gqcltgnofaakmq6u",2023,REG,LAC,17,0,0,0,0,0,0,0,0,0,0,0,0,,,0,,107,405,2,1,1,21,-26.1540332020189,0,8,12,32,0,0,0,15,39,0,-5.66513554926496,0,2.13333333333333,0.0195439739413681,0.0031692372702303,0.0315344270012133,0,0,0,0,0,0,0,0,0,0,0,0,0,0,0,0,0,0,0,0,0,0,0,0,0,0,1,16,0,0,0,0,,,0,0,0,0,0,0,0,0,0,0,0,0,,,,0,0,0,0,0,0,0,,0,0,0,0,,53.7,61.7
00-0036371,L.Fotu,Leki Fotu,DT,DL,"https://static.www.nfl.com/image/upload/f_auto,q_auto/league/nvivcl9hxccojvuexvmw",2023,REG,ARI,11,0,0,0,0,0,0,0,0,0,0,0,0,,,0,,0,0,0,0,0,0,,0,0,0,0,0,0,0,0,0,0,,0,,0,0,0,0,10,5,13,3,18,0,2.5,14,2,0,0,0,0,0,0,0,0,0,0,0,0,1,5,0,0,0,0,0,0,0,0,,,0,0,0,0,0,0,0,0,0,0,0,0,,,,0,0,0,0,0,0,0,,0,0,0,0,,0,0
00-0036374,L.Sneed,L'Jarius Sneed,CB,DB,"https://static.www.nfl.com/image/upload/f_auto,q_auto/league/ft4szbihb9vyadwkiszf",2023,REG,KC,16,0,0,0,0,0,0,0,0,0,0,0,0,,,0,,0,0,0,0,0,0,,0,0,0,0,0,0,0,0,0,0,,0,,0,0,0,0,52,8,18,3,3,0,0,0,3,2,4,14,0,0,0,0,0,0,1,1,0,11,82,0,0,0,0,0,0,0,0,,,0,0,0,0,0,0,0,0,0,0,0,0,,,,0,0,0,0,0,0,0,,0,0,0,0,,0,0
00-0036375,A.Robertson,Amik Robertson,CB,DB,"https://static.www.nfl.com/image/upload/f_auto,q_auto/league/htqmihuu8sds0x3qre8g",2023,REG,LV,13,0,0,0,0,0,0,0,0,0,0,0,0,,,0,,0,0,0,0,0,0,,0,0,0,0,0,0,0,0,0,0,,0,,0,0,0,0,35,3,12,2,10,1,1,5,1,2,40,6,0,0,0,0,0,0,0,0,0,4,43,0,0,0,0,0,0,0,0,,,0,0,0,0,0,0,0,0,0,0,0,0,,,,0,0,0,0,0,0,0,,0,0,0,0,,0,0
00-0036376,T.Biadasz,Tyler Biadasz,C,OL,"https://static.www.nfl.com/image/upload/f_auto,q_auto/league/ls6xqzbvxs8pwkhwjwph",2023,REG,DAL,5,0,0,0,0,0,0,0,0,0,0,0,0,,,0,,0,0,0,0,0,0,,0,0,0,0,0,0,0,0,0,0,,0,,0,0,0,0,1,0,0,0,0,0,0,0,0,0,0,0,0,0,0,0,2,2,0,0,0,3,35,0,0,0,0,0,0,0,0,,,0,0,0,0,0,0,0,0,0,0,0,0,,,,0,0,0,0,0,0,0,,0,0,0,0,,0,0
00-0036378,M.Danna,Michael Danna,DE,DL,"https://static.www.nfl.com/image/private/f_auto,q_auto/league/oiywq8es1rm2rjnpbouw",2023,REG,KC,16,0,0,0,0,0,0,0,0,0,0,0,0,,,0,,0,0,0,0,0,0,,0,0,0,0,0,0,0,0,0,0,,0,,0,0,0,0,29,3,18,7,33,0,6.5,34,13,0,0,3,0,0,0,0,0,0,0,0,0,0,0,0,0,0,0,0,0,0,0,,,0,0,0,0,0,0,0,0,0,0,0,0,,,,0,0,0,0,0,0,0,,0,0,0,0,,0,0
00-0036380,A.Gilman,Alohi Gilman,SAF,DB,"https://static.www.nfl.com/image/upload/f_auto,q_auto/league/t5twpgxuuzuhasid5jzg",2023,REG,LAC,14,0,0,0,0,0,0,0,0,0,0,0,0,,,0,,0,0,0,0,0,0,,0,0,0,0,0,0,0,0,0,0,,0,,0,0,0,0,40,9,24,1,1,3,0,0,0,2,0,10,0,0,0,0,0,0,2,2,0,2,33,0,0,0,0,0,0,0,0,,,0,0,0,0,0,0,0,0,0,0,0,0,,,,0,0,0,0,0,0,0,,0,0,0,0,,0,0
00-0036386,A.Thomas,Andrew Thomas,OT,OL,"https://static.www.nfl.com/image/upload/f_auto,q_auto/league/yuy9qansfewdhoxsi9fq",2023,REG,NYG,1,0,0,0,0,0,0,0,0,0,0,0,0,,,0,,0,0,0,0,0,0,,0,0,0,0,0,0,0,0,0,0,,0,,0,0,0,0,0,0,0,0,0,0,0,0,0,0,0,0,0,0,0,0,0,0,0,0,0,1,5,0,0,0,0,0,0,0,0,,,0,0,0,0,0,0,0,0,0,0,0,0,,,,0,0,0,0,0,0,0,,0,0,0,0,,0,0
00-0036387,J.Reagor,Jalen Reagor,WR,WR,"https://static.www.nfl.com/image/upload/f_auto,q_auto/league/r55ywr41a014zd9zmvc1",2023,REG,NE,9,0,0,0,0,0,0,0,0,0,0,0,0,,,0,,1,17,0,0,0,1,1.22007818915881,0,7,23,138,0,0,0,359,18,5,-11.3858453314751,0,0.384401114206128,0.0425138632162662,0.087646484375,0.125123333886899,1,0,0,0,0,0,0,0,0,0,0,0,0,0,0,0,0,0,0,0,0,0,1,5,0,0,7,221,0,0,0,0,,,0,0,0,0,0,0,0,0,0,0,0,0,,,,0,0,0,0,0,0,0,,0,0,0,0,,21.5,28.5
00-0036388,X.McKinney,Xavier McKinney,SAF,DB,"https://static.www.nfl.com/image/upload/f_auto,q_auto/league/vvjc67dqz3mjghgkdr8v",2023,REG,NYG,17,0,0,0,0,0,0,0,0,0,0,0,0,,,0,,0,0,0,0,0,0,,0,0,0,0,0,0,0,0,0,0,,0,,0,0,0,0,67,11,38,1,2,1,0.5,3,1,3,22,11,0,0,0,0,0,0,2,2,0,3,42,0,0,0,0,0,0,0,0,,,0,0,0,0,0,0,0,0,0,0,0,0,,,,0,0,0,0,0,0,0,,0,0,0,0,,0,0
00-0036389,J.Hurts,Jalen Hurts,QB,QB,"https://static.www.nfl.com/image/upload/f_auto,q_auto/league/c47i9v6gmokkun9cat9s",2023,REG,PHI,17,352,538,3858,23,15,36,-222,3,1,4638,1697,185,62.384721995972,3.78860794305801,0,0.831824062095731,157,605,15,4,4,70,21.2885940640603,0,0,0,0,0,0,0,0,0,0,,0,,0,0,0,0,1,0,0,0,0,0,0,0,0,0,0,0,0,0,0,0,4,5,0,0,0,4,22,0,0,0,0,0,0,0,0,,,0,0,0,0,0,0,0,0,0,0,0,0,,,,0,0,0,0,0,0,0,,0,0,0,0,,356.82,356.82
00-0036391,L.Cushenberry,Lloyd Cushenberry III,C,OL,"https://static.www.nfl.com/image/upload/f_auto,q_auto/league/qfwevbrfaklbqmatvwat",2023,REG,DEN,3,0,0,0,0,0,0,0,0,0,0,0,0,,,0,,0,0,0,0,0,0,,0,0,0,0,0,0,0,0,0,0,,0,,0,0,0,0,0,0,0,0,0,0,0,0,0,0,0,0,0,0,0,0,0,0,0,0,0,5,30,0,0,0,0,0,0,0,0,,,0,0,0,0,0,0,0,0,0,0,0,0,,,,0,0,0,0,0,0,0,,0,0,0,0,,0,0
00-0036392,M.Peart,Matt Peart,OT,OL,"https://static.www.nfl.com/image/upload/f_auto,q_auto/league/zcjwk9shhxnhv8vwjej7",2023,REG,NYG,2,0,0,0,0,0,0,0,0,0,0,0,0,,,0,,0,0,0,0,0,0,,0,0,0,0,0,0,0,0,0,0,,0,,0,0,0,0,1,0,0,0,0,0,0,0,0,0,0,0,0,0,0,0,0,0,0,0,0,1,5,0,0,0,0,0,0,0,0,,,0,0,0,0,0,0,0,0,0,0,0,0,,,,0,0,0,0,0,0,0,,0,0,0,0,,0,0
00-0036394,D.Holmes,Darnay Holmes,CB,DB,"https://static.www.nfl.com/image/upload/f_auto,q_auto/league/pubbkwys2ishkc7i2ljb",2023,REG,NYG,9,0,0,0,0,0,0,0,0,0,0,0,0,,,0,,0,0,0,0,0,0,,0,0,0,0,0,0,0,0,0,0,,0,,0,0,0,0,17,0,1,1,5,1,0,0,0,2,13,3,0,0,0,0,0,0,0,0,0,3,25,0,0,0,0,0,0,0,0,,,0,0,0,0,0,0,0,0,0,0,0,0,,,,0,0,0,0,0,0,0,,0,0,0,0,,0,0
00-0036395,K.Wallace,K'Von Wallace,SAF,DB,"https://static.www.nfl.com/image/upload/f_auto,q_auto/league/ytpbcdbdwwlysnjj6uwb",2023,REG,TEN,14,0,0,0,0,0,0,0,0,0,0,0,0,,,0,,0,0,0,0,0,0,,0,0,0,0,0,0,0,0,0,0,,0,,0,0,0,0,48,14,27,1,2,0,0,0,1,1,2,6,0,0,0,0,0,0,0,0,0,1,15,0,0,0,0,0,0,0,0,,,0,0,0,0,0,0,0,0,0,0,0,0,,,,0,0,0,0,0,0,0,,0,0,0,0,,0,0
00-0036400,C.Brown,Cameron Brown,LB,LB,"https://static.www.nfl.com/image/upload/f_auto,q_auto/league/mghokahv3kzopupvgiwa",2023,REG,NYG,9,0,0,0,0,0,0,0,0,0,0,0,0,,,0,,0,0,0,0,0,0,,0,0,0,0,0,0,0,0,0,0,,0,,0,0,0,0,7,0,1,0,0,1,0,0,0,0,0,0,0,0,0,0,0,0,0,0,0,2,15,0,0,0,0,0,0,0,0,,,0,0,0,0,0,0,0,0,0,0,0,0,,,,0,0,0,0,0,0,0,,0,0,0,0,,0,0
00-0036402,C.Coughlin,Carter Coughlin,LB,LB,"https://static.www.nfl.com/image/upload/f_auto,q_auto/league/dqszbolhovpnjot6ik96",2023,REG,NYG,7,0,0,0,0,0,0,0,0,0,0,0,0,,,0,,0,0,0,0,0,0,,0,0,0,0,0,0,0,0,0,0,,0,,0,0,0,0,8,1,0,0,0,0,0,0,0,0,0,0,0,0,0,0,0,0,0,0,0,1,5,0,0,0,0,0,0,0,0,,,0,0,0,0,0,0,0,0,0,0,0,0,,,,0,0,0,0,0,0,0,,0,0,0,0,,0,0
00-0036403,C.Toohill,Casey Toohill,DE,DL,"https://static.www.nfl.com/image/upload/f_auto,q_auto/league/coyl0v90radu8roiklzo",2023,REG,WAS,14,0,0,0,0,0,0,0,0,0,0,0,0,,,0,,0,0,0,0,0,0,,0,0,0,0,0,0,0,0,0,0,,0,,0,0,0,0,15,2,9,5,23,0,5,19,7,0,0,1,0,0,0,0,0,0,1,1,0,0,0,0,0,0,0,0,0,0,0,,,0,0,0,0,0,0,0,0,0,0,0,0,,,,0,0,0,0,0,0,0,,0,0,0,0,,0,0
00-0036406,T.Wirfs,Tristan Wirfs,OT,OL,"https://static.www.nfl.com/image/upload/f_auto,q_auto/league/jiuxi430mkpqe39ikuze",2023,REG,TB,6,0,0,0,0,0,0,0,0,0,0,0,0,,,0,,0,0,0,0,0,0,,0,0,0,0,0,0,0,0,0,0,,0,,0,0,0,0,1,0,0,0,0,0,0,0,0,0,0,0,0,0,0,0,1,1,0,0,0,5,25,0,0,0,0,0,0,0,0,,,0,0,0,0,0,0,0,0,0,0,0,0,,,,0,0,0,0,0,0,0,,0,0,0,0,,0,0
00-0036407,J.Jeudy,Jerry Jeudy,WR,WR,"https://static.www.nfl.com/image/upload/f_auto,q_auto/league/szca1v9butuqkjs7ekpm",2023,REG,DEN,16,0,0,0,0,0,0,0,0,0,0,0,0,,,0,,0,0,0,0,0,0,,0,54,87,758,2,1,0,1109,323,28,16.952773686105,0,0.683498647430117,0.182389937106918,0.295418220564731,0.480377660055689,0,1,0,0,0,0,0,0,0,0,0,0,0,0,0,0,0,0,0,0,0,0,0,0,0,0,0,0,0,0,0,0,,,0,0,0,0,0,0,0,0,0,0,0,0,,,,0,0,0,0,0,0,0,,0,0,0,0,,87.8,141.8
00-0036408,C.Ruiz,Cesar Ruiz,G,OL,"https://static.www.nfl.com/image/upload/f_auto,q_auto/league/i0hu869tzhne0frnt7fx",2023,REG,NO,2,0,0,0,0,0,0,0,0,0,0,0,0,,,0,,0,0,0,0,0,0,,0,0,0,0,0,0,0,0,0,0,,0,,0,0,0,0,0,0,0,0,0,0,0,0,0,0,0,0,0,0,0,0,1,1,0,0,0,1,5,0,0,0,0,0,0,0,0,,,0,0,0,0,0,0,0,0,0,0,0,0,,,,0,0,0,0,0,0,0,,0,0,0,0,,0,0
00-0036409,J.Brooks,Jordyn Brooks,LB,LB,"https://static.www.nfl.com/image/upload/f_auto,q_auto/league/fqpdggqc3fngvkta63zy",2023,REG,SEA,15,0,0,0,0,0,0,0,0,0,0,0,0,,,0,,0,0,0,0,0,0,,0,0,0,0,0,0,0,0,0,0,,0,,0,0,0,0,52,10,49,5,16,1,4.5,19,5,1,12,4,1,0,0,0,0,0,1,1,0,1,5,0,0,0,0,0,0,0,0,,,0,0,0,0,0,0,0,0,0,0,0,0,,,,0,0,0,0,0,0,0,,0,0,0,0,,0,0
00-0036410,T.Higgins,Tee Higgins,WR,WR,"https://static.www.nfl.com/image/upload/f_auto,q_auto/league/flr9f8oqigbyroeaubxb",2023,REG,CIN,12,0,0,0,0,0,0,0,0,0,0,0,0,,,0,,0,0,0,0,0,0,,0,42,76,656,5,0,0,973,235,33,26.4740228519108,0,0.674203494347379,0.128378378378378,0.250902527075812,0.368199336520636,0,0,0,0,0,0,0,0,0,0,0,0,0,0,0,0,0,0,0,0,0,0,2,20,0,0,0,0,0,0,0,0,,,0,0,0,0,0,0,0,0,0,0,0,0,,,,0,0,0,0,0,0,0,,0,0,0,0,,95.6,137.6
00-0036411,A.Winfield,Antoine Winfield Jr.,SAF,DB,"https://static.www.nfl.com/image/upload/f_auto,q_auto/league/wn2vlv6eyc9str0ak0fx",2023,REG,TB,17,0,0,0,0,0,0,0,0,0,0,0,0,,,0,,0,0,0,0,0,0,,0,0,0,0,0,0,0,0,0,0,,0,,0,0,0,0,64,12,46,5,36,6,6,48,8,3,28,12,0,0,0,0,0,0,4,4,0,0,0,0,0,0,0,0,0,0,0,,,0,0,0,0,0,0,0,0,0,0,0,0,,,,0,0,0,0,0,0,0,,0,0,0,0,,0,0
00-0036413,D.Taylor,Darrell Taylor,DE,DL,"https://static.www.nfl.com/image/upload/f_auto,q_auto/league/i0d3vsafckx1qzuzcrp6",2023,REG,SEA,15,0,0,0,0,0,0,0,0,0,0,0,0,,,0,,0,0,0,0,0,0,,0,0,0,0,0,0,0,0,0,0,,0,,0,0,0,0,15,2,11,6,33,1,5.5,32,8,0,0,1,0,0,0,0,0,0,0,0,0,1,15,0,0,0,0,0,0,0,0,,,0,0,0,0,0,0,0,0,0,0,0,0,,,,0,0,0,0,0,0,0,,0,0,0,0,,0,0
00-0036414,C.Akers,Cam Akers,RB,RB,"https://static.www.nfl.com/image/upload/f_auto,q_auto/league/dutj0wamu7giwghnmr4m",2023,REG,MIN,7,0,0,0,0,0,1,-7,0,0,0,0,0,-1.51879248971818,,0,,60,167,2,0,0,12,-4.78788391471329,0,11,12,70,0,0,0,-13,78,2,1.24723809474381,0,-5.38461538461539,0.0216216216216216,-0.00288440204126914,0.030413351003544,0,0,0,0,0,0,0,0,0,0,0,0,0,0,0,0,0,0,0,0,0,0,0,0,0,0,0,0,0,0,0,0,,,0,0,0,0,0,0,0,0,0,0,0,0,,,,0,0,0,0,0,0,0,,0,0,0,0,,35.7,46.7
00-0036415,V.Jefferson,Van Jefferson,WR,WR,"https://static.www.nfl.com/image/upload/f_auto,q_auto/league/aavlanyckqnsej61ulir",2023,REG,ATL,14,0,0,0,0,0,0,0,0,0,0,0,0,,,0,,1,4,0,0,0,0,-0.175891824997962,0,20,43,209,0,0,0,686,25,10,-17.6395622772576,0,0.30466472303207,0.0774774774774775,0.152207676946971,0.222761590079096,0,1,0,0,0,0,0,0,0,0,0,0,0,0,0,0,0,0,0,0,0,0,4,40,0,0,0,0,0,0,0,0,,,0,0,0,0,0,0,0,0,0,0,0,0,,,,0,0,0,0,0,0,0,,0,0,0,0,,21.3,41.3
00-0036416,K.Fulton,Kristian Fulton,CB,DB,"https://static.www.nfl.com/image/upload/f_auto,q_auto/league/gxh7dcqykzmo2nadvs5u",2023,REG,TEN,11,0,0,0,0,0,0,0,0,0,0,0,0,,,0,,0,0,0,0,0,0,,0,0,0,0,0,0,0,0,0,0,,0,,0,0,0,0,29,8,9,2,7,0,0,0,0,0,0,5,0,0,0,0,0,0,0,0,0,6,90,0,0,0,0,0,0,0,0,,,0,0,0,0,0,0,0,0,0,0,0,0,,,,0,0,0,0,0,0,0,,0,0,0,0,,0,0
00-0036417,D.Lewis,Damien Lewis,G,OL,"https://static.www.nfl.com/image/upload/f_auto,q_auto/league/aerw6b5qa0plz8ejg68g",2023,REG,SEA,4,0,0,0,0,0,0,0,0,0,0,0,0,,,0,,0,0,0,0,0,0,,0,0,0,0,0,0,0,0,0,0,,0,,0,0,0,0,0,0,0,0,0,0,0,0,0,0,0,0,0,0,0,0,0,0,0,0,0,4,29,0,0,0,0,0,0,0,0,,,0,0,0,0,0,0,0,0,0,0,0,0,,,,0,0,0,0,0,0,0,,0,0,0,0,,0,0
00-0036418,Z.Baun,Zack Baun,LB,LB,"https://static.www.nfl.com/image/upload/f_auto,q_auto/league/lxfptgyjuuwmvxrwr3m4",2023,REG,NO,12,0,0,0,0,0,0,0,0,0,0,0,0,,,0,,0,0,0,0,0,0,,0,0,0,0,0,0,0,0,0,0,,0,,0,0,0,0,17,3,10,4,20,0,2,15,4,1,10,2,0,1,0,0,0,0,0,0,0,0,0,0,0,0,0,0,0,0,0,,,0,0,0,0,0,0,0,0,0,0,0,0,,,,0,0,0,0,0,0,0,,0,0,0,0,,0,0
00-0036420,M.Agim,McTelvin Agim,DT,DL,"https://static.www.nfl.com/image/upload/f_auto,q_auto/league/rvttw0dofuy7plihfp0w",2023,REG,IND,1,0,0,0,0,0,0,0,0,0,0,0,0,,,0,,0,0,0,0,0,0,,0,0,0,0,0,0,0,0,0,0,,0,,0,0,0,0,0,0,2,0,0,0,0,0,1,0,0,0,0,0,0,0,0,0,0,0,0,0,0,0,0,0,0,0,0,0,0,,,0,0,0,0,0,0,0,0,0,0,0,0,,,,0,0,0,0,0,0,0,,0,0,0,0,,0,0
00-0036421,T.Burgess,Terrell Burgess,SAF,DB,"https://static.www.nfl.com/image/upload/f_auto,q_auto/league/noqfcnfnqtsfgkbg4jum",2023,REG,WAS,6,0,0,0,0,0,0,0,0,0,0,0,0,,,0,,0,0,0,0,0,0,,0,0,0,0,0,0,0,0,0,0,,0,,0,0,0,0,16,1,8,0,0,0,0,0,0,0,0,0,0,0,0,0,0,0,0,0,0,0,0,0,0,0,0,0,0,0,0,,,0,0,0,0,0,0,0,0,0,0,0,0,,,,0,0,0,0,0,0,0,,0,0,0,0,,0,0
00-0036422,A.Trautman,Adam Trautman,TE,TE,"https://static.www.nfl.com/image/upload/f_auto,q_auto/league/ck9dspk0ykijetdshyn4",2023,REG,DEN,16,0,0,0,0,0,0,0,0,0,0,0,0,,,0,,0,0,0,0,0,0,,0,22,35,204,3,0,0,226,98,10,-1.09609563059367,0,0.902654867256637,0.0733752620545073,0.0602024507192328,0.152204608585224,0,0,0,0,0,0,0,0,0,0,0,0,0,0,0,0,0,0,0,0,0,0,1,10,0,0,0,0,0,0,0,0,,,0,0,0,0,0,0,0,0,0,0,0,0,,,,0,0,0,0,0,0,0,,0,0,0,0,,38.4,60.4
00-0036423,A.Okwuegbunam,Albert Okwuegbunam,TE,TE,"https://static.www.nfl.com/image/upload/f_auto,q_auto/league/gww1gus87vabpsalkrpc",2023,REG,PHI,1,0,0,0,0,0,0,0,0,0,0,0,0,,,0,,0,0,0,0,0,0,,0,0,1,0,0,0,0,10,0,0,-0.425066940486431,0,0,0.0019047619047619,0.00206440957886045,0.00430222956234517,0,0,0,0,0,0,0,0,0,0,0,0,0,0,0,0,0,0,0,0,0,0,0,0,0,0,0,0,0,0,0,0,,,0,0,0,0,0,0,0,0,0,0,0,0,,,,0,0,0,0,0,0,0,,0,0,0,0,,0,0
00-0036424,B.Hopkins,Brycen Hopkins,TE,TE,"https://static.www.nfl.com/image/private/f_auto,q_auto/league/agzychtsya1dteoz1khu",2023,REG,LA,5,0,0,0,0,0,0,0,0,0,0,0,0,,,0,,0,0,0,0,0,0,,0,5,7,78,0,0,0,66,32,3,3.05575129084173,0,1.18181818181818,0.0126126126126126,0.0146438872864433,0.0291696400194292,0,0,0,0,0,0,0,0,0,0,0,0,0,0,0,0,0,0,0,0,0,0,1,10,0,0,0,0,0,0,0,0,,,0,0,0,0,0,0,0,0,0,0,0,0,,,,0,0,0,0,0,0,0,,0,0,0,0,,7.8,12.8
00-0036425,D.Dallas,DeeJay Dallas,RB,RB,"https://static.www.nfl.com/image/upload/f_auto,q_auto/league/weotbgqp9f3y1hptcxzm",2023,REG,SEA,17,0,0,0,0,0,1,0,0,0,0,0,0,-0.517851746990345,,0,,10,36,0,0,0,2,0.156264331133571,0,6,9,26,0,0,0,-15,31,1,-7.68729064252693,0,-1.73333333333333,0.0164533820840951,-0.00363989322979859,0.0221321478652836,0,0,0,3,0,0,0,0,0,0,0,0,0,0,2,0,0,0,0,0,0,0,1,4,25,265,17,440,0,0,0,0,,,0,0,0,0,0,0,0,0,0,0,0,0,,,,0,0,0,0,0,0,0,,0,0,0,0,,6.2,12.2
00-0036427,T.Johnson,Tyler Johnson,WR,WR,"https://static.www.nfl.com/image/upload/f_auto,q_auto/league/s6fg2hapxwa9efbrygxf",2023,REG,LA,1,0,0,0,0,0,0,0,0,0,0,0,0,,,0,,0,0,0,0,0,0,,0,2,3,8,1,0,0,16,1,1,1.85226943326416,0,0.5,0.00540540540540541,0.00355003328156201,0.0105931314052015,0,0,0,0,0,0,0,0,0,0,0,0,0,0,0,0,0,0,0,0,0,0,0,0,0,0,0,0,0,0,0,0,,,0,0,0,0,0,0,0,0,0,0,0,0,,,,0,0,0,0,0,0,0,,0,0,0,0,,6.8,8.8
00-0036428,J.Strnad,Justin Strnad,LB,LB,"https://static.www.nfl.com/image/upload/f_auto,q_auto/league/qeikhakzijz2ipub82bt",2023,REG,DEN,6,0,0,0,0,0,0,0,0,0,0,0,0,,,0,,0,0,0,0,0,0,,0,0,0,0,0,0,0,0,0,0,,0,,0,0,0,0,3,1,1,0,0,0,0,0,0,0,0,0,0,0,0,0,0,0,0,0,0,1,10,0,0,0,0,0,0,0,0,,,0,0,0,0,0,0,0,0,0,0,0,0,,,,0,0,0,0,0,0,0,,0,0,0,0,,0,0
00-0036429,C.Woerner,Charlie Woerner,TE,TE,"https://static.www.nfl.com/image/upload/f_auto,q_auto/league/tflwxcx2ohrc6e8j0n5a",2023,REG,SF,10,0,0,0,0,0,0,0,0,0,0,0,0,,,0,,0,0,0,0,0,0,,0,3,3,32,0,0,0,12,20,1,1.60738242219668,0,2.66666666666667,0.00636942675159236,0.00298656047784968,0.0116447324618833,0,5,1,4,0,0,0,0,0,0,0,0,0,0,0,0,0,0,0,0,0,0,1,10,0,0,0,0,0,0,0,0,,,0,0,0,0,0,0,0,0,0,0,0,0,,,,0,0,0,0,0,0,0,,0,0,0,0,,3.2,6.2
00-0036430,K.Davis,Khalil Davis,DT,DL,"https://static.www.nfl.com/image/upload/f_auto,q_auto/league/foksxh5i35k2ugmo1cqg",2023,REG,HOU,14,0,0,0,0,0,0,0,0,0,0,0,0,,,0,,0,0,0,0,0,0,,0,0,0,0,0,0,0,0,0,0,,0,,0,0,0,0,11,5,16,4,23,1,2,18,6,0,0,2,0,0,0,0,0,0,1,1,0,2,20,0,0,0,0,0,0,0,0,,,0,0,0,0,0,0,0,0,0,0,0,0,,,,0,0,0,0,0,0,0,,0,0,0,0,,0,0
00-0036431,J.Fuller,Jordan Fuller,SAF,DB,"https://static.www.nfl.com/image/upload/f_auto,q_auto/league/fels90wvhbe4a0vdjnnu",2023,REG,LA,17,0,0,0,0,0,0,0,0,0,0,0,0,,,0,,0,0,0,0,0,0,,0,0,0,0,0,0,0,0,0,0,,0,,0,0,0,0,51,10,33,1,5,3,0,0,0,3,39,8,0,0,0,0,0,0,0,0,0,1,13,0,0,0,0,0,0,0,0,,,0,0,0,0,0,0,0,0,0,0,0,0,,,,0,0,0,0,0,0,0,,0,0,0,0,,0,0
00-0036437,T.Anchrum,Tremayne Anchrum,G,OL,"https://static.www.nfl.com/image/private/f_auto,q_auto/league/feseaztzo9rf9ysqzmih",2023,REG,LA,2,0,0,0,0,0,0,0,0,0,0,0,0,,,0,,0,0,0,0,0,0,,0,0,0,0,0,0,0,0,0,0,,0,,0,0,0,0,1,0,0,0,0,0,0,0,0,0,0,0,0,0,0,0,0,0,0,0,0,1,15,0,0,0,0,0,0,0,0,,,0,0,0,0,0,0,0,0,0,0,0,0,,,,0,0,0,0,0,0,0,,0,0,0,0,,0,0
00-0036438,S.Sullivan,Stephen Sullivan,TE,TE,"https://static.www.nfl.com/image/upload/f_auto,q_auto/league/miipmedtauhxf4tmilcs",2023,REG,CAR,10,0,0,0,0,0,0,0,0,0,0,0,0,,,0,,0,0,0,0,0,0,,0,12,24,125,0,0,0,255,8,5,-1.62987327388786,0,0.490196078431373,0.0449438202247191,0.0568942436412316,0.107241700885941,0,1,0,0,0,0,0,0,0,0,0,0,0,0,0,0,0,0,0,0,0,0,0,0,0,0,0,0,0,0,0,0,,,0,0,0,0,0,0,0,0,0,0,0,0,,,,0,0,0,0,0,0,0,,0,0,0,0,,12.5,24.5
00-0036441,K.Murray,"Kenneth Murray, Jr.",LB,LB,"https://static.www.nfl.com/image/upload/f_auto,q_auto/league/up14o9gpznxgcvc5xtqh",2023,REG,LAC,15,0,0,0,0,0,0,0,0,0,0,0,0,,,0,,0,0,0,0,0,0,,0,0,0,0,0,0,0,0,0,0,,0,,0,0,0,0,68,11,28,6,26,0,3,15,4,1,0,4,0,0,0,0,0,0,0,0,0,1,7,0,0,0,0,0,0,0,0,,,0,0,0,0,0,0,0,0,0,0,0,0,,,,0,0,0,0,0,0,0,,0,0,0,0,,0,0
00-0036442,J.Burrow,Joe Burrow,QB,QB,"https://static.www.nfl.com/image/upload/f_auto,q_auto/league/gnnvcgui1cijybukk2w7",2023,REG,CIN,10,244,365,2309,15,6,24,-180,2,1,2347,1239,116,6.09503705904686,1.23375170675778,0,0.983809118023008,31,88,0,0,0,9,-3.51224151739734,0,0,0,0,0,0,0,0,0,0,,0,,0,0,0,0,1,0,0,0,0,0,0,0,0,0,0,0,0,0,0,0,0,0,0,0,0,0,0,0,0,0,0,0,0,0,0,,,0,0,0,0,0,0,0,0,0,0,0,0,,,,0,0,0,0,0,0,0,,0,0,0,0,,147.16,147.16
00-0036450,K.Vaughn,Ke'Shawn Vaughn,RB,RB,"https://static.www.nfl.com/image/private/f_auto,q_auto/league/npa1msmoqbig9cqznkti",2023,REG,TB,5,0,0,0,0,0,0,0,0,0,0,0,0,,,0,,24,42,0,0,0,0,-11.1368328029639,0,2,5,2,0,0,0,-2,1,0,-4.58328546158737,0,-1,0.00909090909090909,-0.000411099691675231,0.013348593852191,0,0,0,0,0,0,0,0,0,0,0,0,0,0,0,0,0,0,0,0,0,0,0,0,0,0,0,0,0,0,0,0,,,0,0,0,0,0,0,0,0,0,0,0,0,,,,0,0,0,0,0,0,0,,0,0,0,0,,4.4,6.4
00-0036462,I.Gaines,Innis Gaines,SAF,DB,"https://static.www.nfl.com/image/private/f_auto,q_auto/league/zzgd9mgmxwp9ihosvfoy",2023,REG,GB,3,0,0,0,0,0,0,0,0,0,0,0,0,,,0,,0,0,0,0,0,0,,0,0,0,0,0,0,0,0,0,0,,0,,0,0,0,0,2,1,1,0,0,0,0,0,0,0,0,0,0,0,0,0,0,0,0,0,0,1,15,0,0,0,0,0,0,0,0,,,0,0,0,0,0,0,0,0,0,0,0,0,,,,0,0,0,0,0,0,0,,0,0,0,0,,0,0
00-0036469,M.Ammendola,Matt Ammendola,K,SPEC,"https://static.www.nfl.com/image/upload/f_auto,q_auto/league/ki0lul3j5dqbxlnnqtpv",2023,REG,HOU,5,0,0,0,0,0,0,0,0,0,0,0,0,,,0,,0,0,0,0,0,0,,0,0,0,0,0,0,0,0,0,0,,0,,0,0,0,0,0,0,0,0,0,0,0,0,0,0,0,0,0,0,0,0,0,0,0,0,0,0,0,0,0,0,0,6,9,3,0,45,0.666666666666667,0,2,3,1,0,0,0,0,0,1,2,0,45;22;38;29;38;38,48;50;58,,210,156,0,10,11,1,0,0.909090909090909,1,1,0,0,38,0,0
00-0036479,K.Paye,Kwity Paye,DE,DL,"https://static.www.nfl.com/image/upload/f_auto,q_auto/league/omibgumkgr8ympte4rmo",2023,REG,IND,16,0,0,0,0,0,0,0,0,0,0,0,0,,,0,,0,0,0,0,0,0,,0,0,0,0,0,0,0,0,0,0,,0,,0,0,0,0,20,11,21,6,24,2,8.5,40,9,0,0,0,0,0,0,0,0,0,2,2,0,0,0,0,0,0,0,0,0,0,0,,,0,0,0,0,0,0,0,0,0,0,0,0,,,,0,0,0,0,0,0,0,,0,0,0,0,,0,0
00-0036480,D.Odeyingbo,Dayo Odeyingbo,DE,DL,"https://static.www.nfl.com/image/upload/f_auto,q_auto/league/h0brx6vrdusdxl6fkxgv",2023,REG,IND,16,0,0,0,0,0,0,0,0,0,0,0,0,,,0,,0,0,0,0,0,0,,0,0,0,0,0,0,0,0,0,0,,0,,0,0,0,0,20,2,16,9,47,2,8,53,17,0,0,2,0,0,0,0,0,0,2,2,0,5,22,0,0,0,0,0,0,0,0,,,0,0,0,0,0,0,0,0,0,0,0,0,,,,0,0,0,0,0,0,0,,0,0,0,0,,0,0
00-0036482,M.Strachan,Mike Strachan,WR,WR,"https://static.www.nfl.com/image/private/f_auto,q_auto/league/f0eepzx0zweaaoch5xfj",2023,REG,CAR,2,0,0,0,0,0,0,0,0,0,0,0,0,,,0,,0,0,0,0,0,0,,0,1,3,45,0,0,0,73,8,1,1.1621588364942,0,0.616438356164384,0.00561797752808989,0.0162873717090585,0.0198281264884757,0,0,0,0,0,0,0,0,0,0,0,0,0,0,0,0,0,0,0,0,0,0,0,0,0,0,0,0,0,0,0,0,,,0,0,0,0,0,0,0,0,0,0,0,0,,,,0,0,0,0,0,0,0,,0,0,0,0,,4.5,5.5
00-0036483,W.Fries,Will Fries,G,OL,"https://static.www.nfl.com/image/upload/f_auto,q_auto/league/lswimbqlz0wdbsuq1wsh",2023,REG,IND,6,0,0,0,0,0,0,0,0,0,0,0,0,,,0,,0,0,0,0,0,0,,0,0,0,0,0,0,0,0,0,0,,0,,0,0,0,0,0,0,0,0,0,0,0,0,0,0,0,0,0,0,0,0,0,0,0,0,0,7,55,0,0,0,0,0,0,0,0,,,0,0,0,0,0,0,0,0,0,0,0,0,,,,0,0,0,0,0,0,0,,0,0,0,0,,0,0
00-0036493,D.Jackson,Deon Jackson,RB,RB,"https://static.www.nfl.com/image/private/f_auto,q_auto/league/wvi0pz27h6t7gfjujxis",2023,REG,NYG,2,0,0,0,0,0,0,0,0,0,0,0,0,,,0,,14,16,0,1,1,1,-11.4432140915014,0,5,6,14,0,1,1,-6,20,0,-8.51052098162472,0,-2.33333333333333,0.010989010989011,-0.00141010575793185,0.0154964424529642,0,0,0,0,0,0,0,0,0,0,0,0,0,0,0,0,0,0,0,0,0,0,0,0,0,0,0,0,0,0,0,0,,,0,0,0,0,0,0,0,0,0,0,0,0,,,,0,0,0,0,0,0,0,,0,0,0,0,,-1,4
00-0036497,T.Jones,Tim Jones,WR,WR,"https://static.www.nfl.com/image/upload/f_auto,q_auto/league/gimunqcnpgtctbdba53c",2023,REG,JAX,10,0,0,0,0,0,0,0,0,0,0,0,0,,,0,,0,0,0,0,0,0,,0,11,18,83,0,0,0,152,31,4,-1.03481309308533,0,0.546052631578947,0.0296540362438221,0.0305159606504718,0.0658422268210634,0,0,0,0,0,0,0,0,0,0,0,0,0,0,0,0,0,0,0,1,1,0,0,0,0,0,0,0,0,0,0,0,,,0,0,0,0,0,0,0,0,0,0,0,0,,,,0,0,0,0,0,0,0,,0,0,0,0,,8.3,19.3
00-0036500,J.Sherwood,Jamien Sherwood,LB,LB,"https://static.www.nfl.com/image/upload/f_auto,q_auto/league/fvyykbueuzcivau5d9qq",2023,REG,NYJ,16,0,0,0,0,0,0,0,0,0,0,0,0,,,0,,0,0,0,0,0,0,,0,0,0,0,0,0,0,0,0,0,,0,,0,0,0,0,22,6,18,2,9,1,0,0,0,0,0,1,0,0,0,0,0,0,0,0,0,1,5,0,0,0,0,0,0,0,0,,,0,0,0,0,0,0,0,0,0,0,0,0,,,,0,0,0,0,0,0,0,,0,0,0,0,,0,0
00-0036501,M.Carter,Michael Carter II,CB,DB,"https://static.www.nfl.com/image/upload/f_auto,q_auto/league/a7yskzasxy1hjvyqql1t",2023,REG,NYJ,15,0,0,0,0,0,0,0,0,0,0,0,0,,,0,,0,0,0,0,0,0,,0,0,0,0,0,0,0,0,0,0,,0,,0,0,0,0,26,11,13,0,0,1,0,0,1,0,0,9,0,0,0,0,0,0,0,0,0,1,3,0,0,0,0,0,0,0,0,,,0,0,0,0,0,0,0,0,0,0,0,0,,,,0,0,0,0,0,0,0,,0,0,0,0,,0,0
00-0036502,J.Pinnock,Jason Pinnock,SAF,DB,"https://static.www.nfl.com/image/upload/f_auto,q_auto/league/vfudin1xe9wdv1bv6awj",2023,REG,NYG,16,0,0,0,0,0,0,0,0,0,0,0,0,,,0,,0,0,0,0,0,0,,0,0,0,0,0,0,0,0,0,0,,0,,0,0,0,0,52,7,26,6,22,2,2,17,4,2,123,6,1,0,0,0,0,0,0,0,0,1,5,0,0,0,0,0,0,0,0,,,0,0,0,0,0,0,0,0,0,0,0,0,,,,0,0,0,0,0,0,0,,0,0,0,0,,0,0
00-0036504,B.Echols,Brandin Echols,CB,DB,"https://static.www.nfl.com/image/upload/f_auto,q_auto/league/ckxgtnxueibsimypf1qt",2023,REG,NYJ,6,0,0,0,0,0,0,0,0,0,0,0,0,,,0,,0,0,0,0,0,0,,0,1,1,18,0,0,0,10,8,1,2.67090002633631,0,1.8,0.00177619893428064,0.0025,0.00441429840142096,0,6,0,4,0,0,0,0,0,0,1,30,2,1,0,0,0,0,0,0,0,0,3,22,0,0,0,0,0,0,0,0,,,0,0,0,0,0,0,0,0,0,0,0,0,,,,0,0,0,0,0,0,0,,0,0,0,0,,1.8,2.8
00-0036510,K.Yeboah,Kenny Yeboah,TE,TE,"https://static.www.nfl.com/image/upload/f_auto,q_auto/league/ydf0qza9jro8obovns31",2023,REG,NYJ,3,0,0,0,0,0,0,0,0,0,0,0,0,,,0,,0,0,0,0,0,0,,0,2,4,28,0,0,0,19,20,1,-2.65620053996099,0,1.47368421052632,0.00710479573712256,0.00475,0.0139821936056838,0,1,0,1,0,0,0,0,0,0,0,0,0,0,0,0,0,0,0,0,0,0,0,0,0,0,0,0,0,0,0,0,,,0,0,0,0,0,0,0,0,0,0,0,0,,,,0,0,0,0,0,0,0,,0,0,0,0,,2.8,4.8
00-0036527,D.Turner,DJ Turner,WR,WR,"https://static.www.nfl.com/image/upload/f_auto,q_auto/league/os5eurhh1y45sixa8phl",2023,REG,LV,7,0,0,0,0,0,0,0,0,0,0,0,0,,,0,,0,0,0,0,0,0,,0,0,0,0,0,0,0,0,0,0,,0,,0,0,0,0,7,0,3,0,0,1,0,0,0,0,0,0,0,0,0,0,0,0,1,1,0,1,15,0,0,0,0,0,0,0,0,,,0,0,0,0,0,0,0,0,0,0,0,0,,,,0,0,0,0,0,0,0,,0,0,0,0,,0,0
00-0036539,N.Cooney,Nolan Cooney,P,SPEC,"https://static.www.nfl.com/image/private/f_auto,q_auto/league/tscxpgcexupphg0xwodq",2023,REG,ARI,4,0,0,0,0,0,0,0,0,0,0,0,0,,,0,,0,0,0,0,0,0,,0,0,0,0,0,0,0,0,0,0,,0,,0,0,0,0,0,0,0,0,0,0,0,0,0,0,0,0,0,0,0,0,0,0,0,0,0,0,0,0,0,0,0,0,0,0,0,,,0,0,0,0,0,0,0,0,0,0,0,0,,,,0,0,0,0,0,0,0,,0,0,0,0,,0,0
00-0036550,R.Bateman,Rashod Bateman,WR,WR,"https://static.www.nfl.com/image/upload/f_auto,q_auto/league/gtktmsfcxc1eijwpwzyq",2023,REG,BAL,15,0,0,0,0,0,0,0,0,0,0,0,0,,,0,,1,18,0,0,0,1,2.52124868892133,0,32,56,367,1,0,0,811,59,20,3.50815518514695,0,0.452527743526511,0.117647058823529,0.19833700171191,0.315306489433631,0,1,0,0,0,0,0,0,0,0,0,0,0,0,0,0,0,0,0,0,0,0,0,0,0,0,0,0,0,0,0,0,,,0,0,0,0,0,0,0,0,0,0,0,0,,,,0,0,0,0,0,0,0,,0,0,0,0,,44.5,76.5
00-0036551,A.Banks,Aaron Banks,G,OL,"https://static.www.nfl.com/image/upload/f_auto,q_auto/league/mkhxl0el2fj3i7k4adsl",2023,REG,SF,4,0,0,0,0,0,0,0,0,0,0,0,0,,,0,,0,0,0,0,0,0,,0,0,0,0,0,0,0,0,0,0,,0,,0,0,0,0,0,0,0,0,0,0,0,0,0,0,0,0,0,0,0,0,0,0,0,0,0,4,35,0,0,0,0,0,0,0,0,,,0,0,0,0,0,0,0,0,0,0,0,0,,,,0,0,0,0,0,0,0,,0,0,0,0,,0,0
00-0036552,A.Ojulari,Azeez Ojulari,LB,LB,"https://static.www.nfl.com/image/upload/f_auto,q_auto/league/gfq1w3tlod06bgxdnfdc",2023,REG,NYG,9,0,0,0,0,0,0,0,0,0,0,0,0,,,0,,0,0,0,0,0,0,,0,0,0,0,0,0,0,0,0,0,,0,,0,0,0,0,9,0,7,3,15,0,2.5,11,7,0,0,0,0,0,0,0,0,0,1,1,0,0,0,0,0,0,0,0,0,0,0,,,0,0,0,0,0,0,0,0,0,0,0,0,,,,0,0,0,0,0,0,0,,0,0,0,0,,0,0
00-0036553,C.Basham,Carlos Basham,LB,LB,"https://static.www.nfl.com/image/upload/f_auto,q_auto/league/stlyey1t2lotlwldzprf",2023,REG,NYG,8,0,0,0,0,0,0,0,0,0,0,0,0,,,0,,0,0,0,0,0,0,,0,0,0,0,0,0,0,0,0,0,,0,,0,0,0,0,5,0,6,0,0,0,0,0,0,0,0,0,0,0,0,0,0,0,0,0,0,0,0,0,0,0,0,0,0,0,0,,,0,0,0,0,0,0,0,0,0,0,0,0,,,,0,0,0,0,0,0,0,,0,0,0,0,,0,0
00-0036554,N.Collins,Nico Collins,WR,WR,"https://static.www.nfl.com/image/upload/f_auto,q_auto/league/osmqyvmib3pssxi6cyic",2023,REG,HOU,15,0,0,0,0,0,0,0,0,0,0,0,0,,,0,,1,7,0,0,0,0,0.345507142832503,0,80,109,1297,8,1,0,1186,549,53,72.1568817488481,1,1.09359190556492,0.192579505300353,0.229090206683407,0.449232402628915,0,1,0,0,0,0,1,0,0,0,0,0,0,0,0,0,0,1,1,0,0,0,0,0,0,0,0,0,0,0,0,0,,,0,0,0,0,0,0,0,0,0,0,0,0,,,,0,0,0,0,0,0,0,,0,0,0,0,,180.4,260.4
00-0036555,C.Hubbard,Chuba Hubbard,RB,RB,"https://static.www.nfl.com/image/upload/f_auto,q_auto/league/pjgml85ghq7oa48dctn7",2023,REG,CAR,17,0,0,0,0,0,0,0,0,0,0,0,0,,,0,,238,902,5,0,0,61,-21.5159644468484,0,39,44,233,0,1,0,-34,269,10,-10.7402648197021,0,-6.85294117647059,0.0823970037453183,-0.00758589915216421,0.118285376211463,0,0,0,0,0,0,0,0,0,0,0,0,0,0,0,0,0,0,0,0,0,0,0,0,0,0,0,0,0,0,0,0,,,0,0,0,0,0,0,0,0,0,0,0,0,,,,0,0,0,0,0,0,0,,0,0,0,0,,143.5,182.5
00-0036556,B.Jordan,Brevin Jordan,TE,TE,"https://static.www.nfl.com/image/upload/f_auto,q_auto/league/ypyec24t4prirebsdcg4",2023,REG,HOU,10,0,0,0,0,0,0,0,0,0,0,0,0,,,0,,0,0,0,0,0,0,,0,17,21,219,2,0,0,115,124,13,17.5011016478529,0,1.90434782608696,0.0371024734982332,0.0222136372416457,0.0712032563165019,0,0,0,1,0,0,0,0,0,0,0,0,0,0,0,0,0,0,0,0,0,0,2,15,0,0,0,0,0,0,0,0,,,0,0,0,0,0,0,0,0,0,0,0,0,,,,0,0,0,0,0,0,0,,0,0,0,0,,33.9,50.9
00-0036559,S.Wade,Shaun Wade,CB,DB,"https://static.www.nfl.com/image/upload/f_auto,q_auto/league/zk3pwwjf6sbjixdiwjj3",2023,REG,NE,11,0,0,0,0,0,0,0,0,0,0,0,0,,,0,,0,0,0,0,0,0,,0,0,0,0,0,0,0,0,0,0,,0,,0,0,0,0,20,1,2,2,6,0,0,0,0,0,0,1,0,0,0,0,0,0,0,0,0,1,5,0,0,0,0,0,0,0,0,,,0,0,0,0,0,0,0,0,0,0,0,0,,,,0,0,0,0,0,0,0,,0,0,0,0,,0,0
00-0036563,D.Lenoir,Deommodore Lenoir,CB,DB,"https://static.www.nfl.com/image/upload/f_auto,q_auto/league/ypghnprlnzwmxjcrbpk7",2023,REG,SF,17,0,0,0,0,0,0,0,0,0,0,0,0,,,0,,0,0,0,0,0,0,,0,0,0,0,0,0,0,0,0,0,,0,,0,0,0,0,48,10,26,1,8,0,0,0,0,3,49,10,0,0,0,0,0,0,0,0,0,6,74,0,0,0,0,0,0,0,0,,,0,0,0,0,0,0,0,0,0,0,0,0,,,,0,0,0,0,0,0,0,,0,0,0,0,,0,0
00-0036564,T.Hufanga,Talanoa Hufanga,SAF,DB,"https://static.www.nfl.com/image/upload/f_auto,q_auto/league/gyoo1p5nckluov1mihbe",2023,REG,SF,10,0,0,0,0,0,0,0,0,0,0,0,0,,,0,,0,0,0,0,0,0,,0,0,0,0,0,0,0,0,0,0,,0,,0,0,0,0,35,4,13,1,5,0,0,0,2,3,48,3,0,0,0,0,0,0,0,0,0,2,9,0,0,0,0,0,0,0,0,,,0,0,0,0,0,0,0,0,0,0,0,0,,,,0,0,0,0,0,0,0,,0,0,0,0,,0,0
00-0036567,E.Mitchell,Elijah Mitchell,RB,RB,"https://static.www.nfl.com/image/upload/f_auto,q_auto/league/xf383ph8bz6dpp0u9lcd",2023,REG,SF,11,0,0,0,0,0,0,0,0,0,0,0,0,,,0,,75,281,2,0,0,14,-11.3035607158963,0,6,8,14,0,0,0,-22,26,2,-8.16301331249997,0,-0.636363636363636,0.0169851380042463,-0.00547536087605774,0.021644954393129,0,0,0,0,0,0,0,0,0,0,0,0,0,0,0,0,0,0,0,0,0,0,0,0,0,0,0,0,0,0,0,0,,,0,0,0,0,0,0,0,0,0,0,0,0,,,,0,0,0,0,0,0,0,,0,0,0,0,,41.5,47.5
00-0036568,R.Lopez,Roy Lopez,DT,DL,"https://static.www.nfl.com/image/upload/f_auto,q_auto/league/i4a37cibk9pwjjgq4rla",2023,REG,ARI,13,0,0,0,0,0,0,0,0,0,0,0,0,,,0,,0,0,0,0,0,0,,0,0,0,0,0,0,0,0,0,0,,0,,0,0,0,0,12,10,20,1,1,0,0,0,1,0,0,0,0,0,0,0,0,0,0,0,0,1,5,0,0,0,0,0,0,0,0,,,0,0,0,0,0,0,0,0,0,0,0,0,,,,0,0,0,0,0,0,0,,0,0,0,0,,0,0
00-0036569,G.Brightwell,Gary Brightwell,RB,RB,"https://static.www.nfl.com/image/upload/f_auto,q_auto/league/egwohqryh9q3pa7erynt",2023,REG,NYG,4,0,0,0,0,0,0,0,0,0,0,0,0,,,0,,9,19,0,0,0,0,-3.89982102555223,0,5,7,47,0,0,0,-6,53,2,2.06305250967853,0,-7.83333333333333,0.0144329896907217,-0.00158478605388273,0.0205401342983646,0,2,0,0,0,0,0,0,0,0,0,0,0,0,0,0,0,0,0,0,0,0,1,10,0,0,0,0,0,0,0,0,,,0,0,0,0,0,0,0,0,0,0,0,0,,,,0,0,0,0,0,0,0,,0,0,0,0,,6.6,11.6
00-0036576,P.Hoskins,Phil Hoskins,DT,DL,"https://static.www.nfl.com/image/upload/f_auto,q_auto/league/ffwoibyhadqfki62ftyw",2023,REG,ARI,5,0,0,0,0,0,0,0,0,0,0,0,0,,,0,,0,0,0,0,0,0,,0,0,0,0,0,0,0,0,0,0,,0,,0,0,0,0,2,0,6,0,0,0,0,0,0,0,0,0,0,0,0,0,0,0,0,0,0,0,0,0,0,0,0,0,0,0,0,,,0,0,0,0,0,0,0,0,0,0,0,0,,,,0,0,0,0,0,0,0,,0,0,0,0,,0,0
00-0036587,A.Washington,Ar'Darius Washington,SAF,DB,"https://static.www.nfl.com/image/upload/f_auto,q_auto/league/ptjh8ufk5zfpdc0yrpeq",2023,REG,BAL,2,0,0,0,0,0,0,0,0,0,0,0,0,,,0,,0,0,0,0,0,0,,0,0,0,0,0,0,0,0,0,0,,0,,0,0,0,0,6,0,5,1,8,0,1,8,2,0,0,2,0,0,0,0,0,0,0,0,0,1,5,0,0,0,0,0,0,0,0,,,0,0,0,0,0,0,0,0,0,0,0,0,,,,0,0,0,0,0,0,0,,0,0,0,0,,0,0
00-0036589,N.McCloud,Nick McCloud,CB,DB,"https://static.www.nfl.com/image/upload/f_auto,q_auto/league/tktqsmdus8y1alse43j5",2023,REG,NYG,12,0,0,0,0,0,0,0,0,0,0,0,0,,,0,,0,0,0,0,0,0,,0,0,0,0,0,0,0,0,0,0,,0,,0,0,0,0,19,1,8,0,0,3,0,0,0,1,0,2,0,1,0,0,3,3,0,0,0,0,0,1,0,0,0,0,0,0,0,,,0,0,0,0,0,0,0,0,0,0,0,0,,,,0,0,0,0,0,0,0,,0,0,0,0,,0,0
00-0036590,Q.Morris,Quintin Morris,TE,TE,"https://static.www.nfl.com/image/upload/f_auto,q_auto/league/lvmccekmoj82dzw00xcl",2023,REG,BUF,2,0,0,0,0,0,0,0,0,0,0,0,0,,,0,,0,0,0,0,0,0,,0,2,3,26,1,0,0,33,5,1,1.75291083482613,0,0.787878787878788,0.0055045871559633,0.00657108721624851,0.0128566417853189,0,0,0,0,0,0,0,0,0,0,0,0,0,0,0,0,0,0,0,1,1,0,0,0,0,0,0,0,0,0,0,0,,,0,0,0,0,0,0,0,0,0,0,0,0,,,,0,0,0,0,0,0,0,,0,0,0,0,,8.6,10.6
00-0036596,R.Jones,Robert Jones,G,OL,"https://static.www.nfl.com/image/upload/f_auto,q_auto/league/ghwina6zfdtlqzs3x7pu",2023,REG,MIA,2,0,0,0,0,0,0,0,0,0,0,0,0,,,0,,0,0,0,0,0,0,,0,0,0,0,0,0,0,0,0,0,,0,,0,0,0,0,0,0,0,0,0,0,0,0,0,0,0,0,0,0,0,0,0,0,0,0,0,3,20,0,0,0,0,0,0,0,0,,,0,0,0,0,0,0,0,0,0,0,0,0,,,,0,0,0,0,0,0,0,,0,0,0,0,,0,0
00-0036603,A.Jackson,Alaric Jackson,OT,OL,"https://static.www.nfl.com/image/upload/f_auto,q_auto/league/p7eblgie3na4hjdl6pzb",2023,REG,LA,3,0,0,0,0,0,0,0,0,0,0,0,0,,,0,,0,0,0,0,0,0,,0,0,0,0,0,0,0,0,0,0,,0,,0,0,0,0,0,0,0,0,0,0,0,0,0,0,0,0,0,0,0,0,0,0,0,0,0,3,40,0,0,0,0,0,0,0,0,,,0,0,0,0,0,0,0,0,0,0,0,0,,,,0,0,0,0,0,0,0,,0,0,0,0,,0,0
00-0036613,J.Waddle,Jaylen Waddle,WR,WR,"https://static.www.nfl.com/image/upload/f_auto,q_auto/league/dsxd2zcqm42wsv4ewtfc",2023,REG,MIA,14,0,0,0,0,0,0,0,0,0,0,0,0,,,0,,3,12,0,0,0,1,-0.689486611168832,0,72,104,1014,4,0,0,1051,421,47,45.9569177055652,0,0.964795432921028,0.189435336976321,0.2440780306549,0.455007626922911,0,3,0,0,0,0,0,0,0,0,0,0,0,0,0,0,0,0,0,0,0,0,0,0,0,0,0,0,0,0,0,0,,,0,0,0,0,0,0,0,0,0,0,0,0,,,,0,0,0,0,0,0,0,,0,0,0,0,,126.6,198.6
00-0036614,J.Davis,Jamin Davis,LB,LB,"https://static.www.nfl.com/image/upload/f_auto,q_auto/league/opdsr5ttchmbpuyw4vgf",2023,REG,WAS,13,0,0,0,0,0,0,0,0,0,0,0,0,,,0,,0,0,0,0,0,0,,0,0,0,0,0,0,0,0,0,0,,0,,0,0,0,0,43,7,39,7,25,2,3,8,3,1,0,4,0,0,0,0,0,0,0,0,0,3,25,0,0,0,0,0,0,0,0,,,0,0,0,0,0,0,0,0,0,0,0,0,,,,0,0,0,0,0,0,0,,0,0,0,0,,0,0
00-0036616,C.Darrisaw,Christian Darrisaw,OT,OL,"https://static.www.nfl.com/image/upload/f_auto,q_auto/league/i6lajihxkwue0ntawn10",2023,REG,MIN,4,0,0,0,0,0,0,0,0,0,0,0,0,,,0,,0,0,0,0,0,0,,0,0,0,0,0,0,0,0,0,0,,0,,0,0,0,0,1,0,0,0,0,0,0,0,0,0,0,0,0,0,0,0,0,0,0,0,0,4,20,0,0,0,0,0,0,0,0,,,0,0,0,0,0,0,0,0,0,0,0,0,,,,0,0,0,0,0,0,0,,0,0,0,0,,0,0
00-0036617,A.Samuel,Asante Samuel Jr.,CB,DB,"https://static.www.nfl.com/image/private/f_auto,q_auto/league/hrnnoumk2vtrx9yhqs6n",2023,REG,LAC,17,0,0,0,0,0,0,0,0,0,0,0,0,,,0,,0,0,0,0,0,0,,0,0,0,0,0,0,0,0,0,0,,0,,0,0,0,0,51,5,7,0,0,0,0,0,0,2,8,13,0,0,0,0,0,0,0,0,0,4,55,0,0,0,0,0,0,0,0,,,0,0,0,0,0,0,0,0,0,0,0,0,,,,0,0,0,0,0,0,0,,0,0,0,0,,0,0
00-0036618,S.Cosmi,Sam Cosmi,G,OL,"https://static.www.nfl.com/image/upload/f_auto,q_auto/league/n6vudhzl0uiaffexr81u",2023,REG,WAS,4,0,0,0,0,0,0,0,0,0,0,0,0,,,0,,0,0,0,0,0,0,,0,0,0,0,0,0,0,0,0,0,,0,,0,0,0,0,0,0,0,0,0,0,0,0,0,0,0,0,0,0,0,0,0,0,0,0,0,4,25,0,0,0,0,0,0,0,0,,,0,0,0,0,0,0,0,0,0,0,0,0,,,,0,0,0,0,0,0,0,,0,0,0,0,,0,0
00-0036619,D.Radunz,Dillon Radunz,OT,OL,"https://static.www.nfl.com/image/upload/f_auto,q_auto/league/yg2itp7chkpsn8etgdh1",2023,REG,TEN,8,0,0,0,0,0,0,0,0,0,0,0,0,,,0,,0,0,0,0,0,0,,0,0,0,0,0,0,0,0,0,0,,0,,0,0,0,0,0,0,1,0,0,0,0,0,0,0,0,0,0,0,0,0,0,0,0,0,0,11,63,0,0,0,0,0,0,0,0,,,0,0,0,0,0,0,0,0,0,0,0,0,,,,0,0,0,0,0,0,0,,0,0,0,0,,0,0
00-0036620,D.Eskridge,Dee Eskridge,WR,WR,"https://static.www.nfl.com/image/upload/f_auto,q_auto/league/baasw8ia3qztewmawfnz",2023,REG,SEA,4,0,0,0,0,0,0,0,0,0,0,0,0,,,0,,2,5,0,0,0,1,-0.813304995186627,0,0,1,0,0,0,0,17,0,0,-1.20908493676689,0,0,0.00182815356489945,0.00412521232710507,0.00562987897632273,0,0,0,0,0,0,0,0,0,0,0,0,0,0,0,0,0,0,0,0,0,0,1,10,0,0,8,224,0,0,0,0,,,0,0,0,0,0,0,0,0,0,0,0,0,,,,0,0,0,0,0,0,0,,0,0,0,0,,0.5,0.5
00-0036621,N.Bolton,Nick Bolton,LB,LB,"https://static.www.nfl.com/image/upload/f_auto,q_auto/league/qwdpcmobp7qgdzqgltlr",2023,REG,KC,8,0,0,0,0,0,0,0,0,0,0,0,0,,,0,,0,0,0,0,0,0,,0,0,0,0,0,0,0,0,0,0,,0,,0,0,0,0,27,11,22,0,0,0,0,0,1,1,1,3,0,0,0,0,0,0,0,0,0,0,0,0,0,0,0,0,0,0,0,,,0,0,0,0,0,0,0,0,0,0,0,0,,,,0,0,0,0,0,0,0,,0,0,0,0,,0,0
00-0036622,J.Myers,Josh Myers,C,OL,"https://static.www.nfl.com/image/upload/f_auto,q_auto/league/ejnbuy27sru95vzzxdp3",2023,REG,GB,4,0,0,0,0,0,0,0,0,0,0,0,0,,,0,,0,0,0,0,0,0,,0,0,0,0,0,0,0,0,0,0,,0,,0,0,0,0,0,0,0,0,0,0,0,0,0,0,0,0,0,0,0,0,0,0,0,0,0,4,32,0,0,0,0,0,0,0,0,,,0,0,0,0,0,0,0,0,0,0,0,0,,,,0,0,0,0,0,0,0,,0,0,0,0,,0,0
00-0036623,C.Humphrey,Creed Humphrey,C,OL,"https://static.www.nfl.com/image/upload/f_auto,q_auto/league/ggz2h81ghybmrerlgdsq",2023,REG,KC,9,0,0,0,0,0,0,0,0,0,0,0,0,,,0,,0,0,0,0,0,0,,0,0,0,0,0,0,0,0,0,0,,0,,0,0,0,0,2,0,0,0,0,1,0,0,0,0,0,0,0,0,0,0,0,0,0,0,0,6,51,0,0,0,0,0,0,0,0,,,0,0,0,0,0,0,0,0,0,0,0,0,,,,0,0,0,0,0,0,0,,0,0,0,0,,0,0
00-0036624,A.McNeill,Alim McNeill,DT,DL,"https://static.www.nfl.com/image/upload/f_auto,q_auto/league/udieb8v70ple2vt3zyof",2023,REG,DET,12,0,0,0,0,0,0,0,0,0,0,0,0,,,0,,0,0,0,0,0,0,,0,0,0,0,0,0,0,0,0,0,,0,,0,0,0,0,15,2,15,5,43,1,5,43,10,0,0,1,0,0,0,0,0,0,0,0,0,0,0,0,0,0,0,0,0,0,0,,,0,0,0,0,0,0,0,0,0,0,0,0,,,,0,0,0,0,0,0,0,,0,0,0,0,,0,0
00-0036625,B.St-Juste,Benjamin St-Juste,CB,DB,"https://static.www.nfl.com/image/upload/f_auto,q_auto/league/mad9dx5zee70kec6lpan",2023,REG,WAS,16,0,0,0,0,0,0,0,0,0,0,0,0,,,0,,0,0,0,0,0,0,,0,0,0,0,0,0,0,0,0,0,,0,,0,0,0,0,46,6,15,1,3,2,1,3,1,1,0,17,0,0,0,0,0,0,0,0,0,9,115,0,0,0,0,0,0,0,0,,,0,0,0,0,0,0,0,0,0,0,0,0,,,,0,0,0,0,0,0,0,,0,0,0,0,,0,0
00-0036626,D.Brown,Dyami Brown,WR,WR,"https://static.www.nfl.com/image/upload/f_auto,q_auto/league/wwl9s886olkkvu67qktp",2023,REG,WAS,16,1,1,4,0,0,0,0,0,0,1,3,0,-0.305893969547469,22.300511598587,0,4,1,0,0,0,0,0,-0.855228431988508,0,12,23,168,1,0,0,387,76,8,8.51626125018811,0,0.434108527131783,0.0382695507487521,0.0811831340465702,0.114232519955727,0,3,1,2,0,0,0,0,0,0,0,0,0,0,0,0,0,0,0,1,1,0,3,21,0,0,0,0,0,0,0,0,,,0,0,0,0,0,0,0,0,0,0,0,0,,,,0,0,0,0,0,0,0,,0,0,0,0,,22.96,34.96
00-0036628,J.Bates,John Bates,TE,TE,"https://static.www.nfl.com/image/upload/f_auto,q_auto/league/edpnkleev10rpzfgjakv",2023,REG,WAS,15,0,0,0,0,0,0,0,0,0,0,0,0,,,0,,0,0,0,0,0,0,,0,19,28,151,0,0,0,175,65,6,-5.56645608495455,0,0.862857142857143,0.0465890183028286,0.0367107195301028,0.0955810311253149,0,2,1,0,0,0,0,0,0,0,0,0,0,0,0,0,0,0,0,0,0,0,4,32,0,0,1,10,0,0,0,0,,,0,0,0,0,0,0,0,0,0,0,0,0,,,,0,0,0,0,0,0,0,,0,0,0,0,,15.1,34.1
00-0036629,C.Bynum,Camryn Bynum,SAF,DB,"https://static.www.nfl.com/image/upload/f_auto,q_auto/league/rncq5z5bfhigx2atid7k",2023,REG,MIN,17,0,0,0,0,0,0,0,0,0,0,0,0,,,0,,0,0,0,0,0,0,,0,0,0,0,0,0,0,0,0,0,,0,,0,0,0,0,78,16,43,1,1,3,0.5,2,1,2,0,9,0,0,0,0,0,0,0,0,0,0,0,0,0,0,0,0,0,0,0,,,0,0,0,0,0,0,0,0,0,0,0,0,,,,0,0,0,0,0,0,0,,0,0,0,0,,0,0
00-0036630,T.Wallace,Tylan Wallace,WR,WR,"https://static.www.nfl.com/image/upload/f_auto,q_auto/league/rifnnpeub6okv41offnd",2023,REG,BAL,6,0,0,0,0,0,0,0,0,0,0,0,0,,,0,,0,0,0,0,0,0,,0,1,2,11,0,0,0,23,0,1,-0.750896574289072,0,0.478260869565217,0.00420168067226891,0.00562484715089264,0.0102399140140282,1,2,0,0,0,0,0,0,0,0,0,0,0,0,0,0,0,0,0,0,0,0,1,5,6,127,1,26,0,0,0,0,,,0,0,0,0,0,0,0,0,0,0,0,0,,,,0,0,0,0,0,0,0,,0,0,0,0,,7.1,8.1
00-0036631,R.Newman,Royce Newman,G,OL,"https://static.www.nfl.com/image/upload/f_auto,q_auto/league/q35tnynrruh8sagqphep",2023,REG,GB,1,0,0,0,0,0,0,0,0,0,0,0,0,,,0,,0,0,0,0,0,0,,0,0,0,0,0,0,0,0,0,0,,0,,0,0,0,0,0,0,0,0,0,0,0,0,0,0,0,0,0,0,0,0,0,0,0,0,0,1,5,0,0,0,0,0,0,0,0,,,0,0,0,0,0,0,0,0,0,0,0,0,,,,0,0,0,0,0,0,0,,0,0,0,0,,0,0
00-0036634,T.Fields,Tony Fields II,LB,LB,"https://static.www.nfl.com/image/upload/f_auto,q_auto/league/dwjp5xpbs6yiekcfjxkx",2023,REG,CLE,10,0,0,0,0,0,0,0,0,0,0,0,0,,,0,,0,0,0,0,0,0,,0,0,0,0,0,0,0,0,0,0,,0,,0,0,0,0,12,4,18,0,0,0,0,0,0,0,0,0,0,0,0,0,0,0,1,1,1,1,5,0,0,0,0,0,0,0,0,,,0,0,0,0,0,0,0,0,0,0,0,0,,,,0,0,0,0,0,0,0,,0,0,0,0,,0,0
00-0036635,I.Smith-Marsette,Ihmir Smith-Marsette,WR,WR,"https://static.www.nfl.com/image/upload/f_auto,q_auto/league/zv9y5bc8lsnvobjdm15p",2023,REG,CAR,17,0,0,0,0,0,0,0,0,0,0,0,0,,,0,,8,74,1,0,0,4,4.18976671196288,0,8,10,51,0,0,0,9,48,5,1.5157561324304,0,5.66666666666667,0.0187265917602996,0.00200803212851406,0.0294955101304093,1,0,1,1,0,0,0,0,0,0,0,0,0,0,2,0,0,2,2,0,0,0,3,25,37,322,0,0,0,0,0,0,,,0,0,0,0,0,0,0,0,0,0,0,0,,,,0,0,0,0,0,0,0,,0,0,0,0,,24.5,32.5
00-0036636,B.Jaimes,Brenden Jaimes,OT,OL,"https://static.www.nfl.com/image/upload/f_auto,q_auto/league/z0ntejp0eolabsssocsn",2023,REG,LAC,1,0,0,0,0,0,0,0,0,0,0,0,0,,,0,,0,0,0,0,0,0,,0,0,0,0,0,0,0,0,0,0,,0,,0,0,0,0,0,0,0,0,0,0,0,0,0,0,0,0,0,0,0,0,0,0,0,0,0,1,4,0,0,0,0,0,0,0,0,,,0,0,0,0,0,0,0,0,0,0,0,0,,,,0,0,0,0,0,0,0,,0,0,0,0,,0,0
00-0036637,N.Gray,Noah Gray,TE,TE,"https://static.www.nfl.com/image/upload/f_auto,q_auto/league/yugngcrdfxh0nwzl4zwp",2023,REG,KC,16,0,0,0,0,0,0,0,0,0,0,0,0,,,0,,1,1,0,0,0,0,-2.75680042122258,0,28,41,305,2,0,0,270,140,15,5.18410226030976,0,1.12962962962963,0.0684474123539232,0.0659340659340659,0.148824964684731,0,4,0,0,0,0,0,0,0,0,0,0,0,0,0,0,0,0,0,0,0,0,0,0,0,0,0,0,0,0,0,0,,,0,0,0,0,0,0,0,0,0,0,0,0,,,,0,0,0,0,0,0,0,,0,0,0,0,,42.6,70.6
00-0036638,D.Forrest,Darrick Forrest,SAF,DB,"https://static.www.nfl.com/image/upload/f_auto,q_auto/league/t1k57hvbictnyjh65ygx",2023,REG,WAS,5,0,0,0,0,0,0,0,0,0,0,0,0,,,0,,0,0,0,0,0,0,,0,0,0,0,0,0,0,0,0,0,,0,,0,0,0,0,14,4,11,0,0,0,0,0,0,0,0,0,0,0,0,0,0,0,0,0,0,0,0,0,0,0,0,0,0,0,0,,,0,0,0,0,0,0,0,0,0,0,0,0,,,,0,0,0,0,0,0,0,,0,0,0,0,,0,0
00-0036642,T.Slaton,Tedarrell Slaton,DT,DL,"https://static.www.nfl.com/image/upload/f_auto,q_auto/league/oktzavt6whxgvr6ukmhl",2023,REG,GB,17,0,0,0,0,0,0,0,0,0,0,0,0,,,0,,0,0,0,0,0,0,,0,0,0,0,0,0,0,0,0,0,,0,,0,0,0,0,14,9,27,2,4,0,0,0,2,0,0,2,0,0,0,0,0,0,0,0,0,0,0,0,0,0,0,0,0,0,0,,,0,0,0,0,0,0,0,0,0,0,0,0,,,,0,0,0,0,0,0,0,,0,0,0,0,,0,0
00-0036643,K.Britt,K.J. Britt,LB,LB,"https://static.www.nfl.com/image/upload/f_auto,q_auto/league/kca9qozdfs1albiamsq0",2023,REG,TB,10,0,0,0,0,0,0,0,0,0,0,0,0,,,0,,0,0,0,0,0,0,,0,0,0,0,0,0,0,0,0,0,,0,,0,0,0,0,13,3,13,1,1,0,0,0,0,0,0,1,0,0,0,0,0,0,0,0,0,0,0,0,0,0,0,0,0,0,0,,,0,0,0,0,0,0,0,0,0,0,0,0,,,,0,0,0,0,0,0,0,,0,0,0,0,,0,0
00-0036644,C.McGrone,Cameron McGrone,LB,LB,"https://static.www.nfl.com/image/upload/f_auto,q_auto/league/ngmm9gg0mcgzufrizd80",2023,REG,IND,3,0,0,0,0,0,0,0,0,0,0,0,0,,,0,,0,0,0,0,0,0,,0,0,0,0,0,0,0,0,0,0,,0,,0,0,0,0,0,2,2,0,0,0,0,0,0,0,0,0,0,0,0,0,0,0,0,0,0,0,0,0,0,0,0,0,0,0,0,,,0,0,0,0,0,0,0,0,0,0,0,0,,,,0,0,0,0,0,0,0,,0,0,0,0,,0,0
00-0036645,S.Jean-Charles,Shemar Jean-Charles,CB,DB,"https://static.www.nfl.com/image/upload/f_auto,q_auto/league/u7t0oehb31vg2xcz7z1q",2023,REG,SF,3,0,0,0,0,0,0,0,0,0,0,0,0,,,0,,0,0,0,0,0,0,,0,0,0,0,0,0,0,0,0,0,,0,,0,0,0,0,3,0,1,0,0,0,0,0,0,0,0,0,0,0,0,0,0,0,0,0,0,2,30,0,0,0,0,0,0,0,0,,,0,0,0,0,0,0,0,0,0,0,0,0,,,,0,0,0,0,0,0,0,,0,0,0,0,,0,0
00-0036646,S.Fehoko,Simi Fehoko,WR,WR,"https://static.www.nfl.com/image/upload/f_auto,q_auto/league/kbnk59cdzp2opegnrom8",2023,REG,LAC,2,0,0,0,0,0,0,0,0,0,0,0,0,,,0,,0,0,0,0,0,0,,0,1,2,9,1,0,0,18,7,1,1.04161699197721,0,0.5,0.00325732899022801,0.00380308472427636,0.00754815279233547,0,1,0,0,0,0,0,0,0,0,0,0,0,0,0,0,0,0,0,0,0,0,0,0,0,0,0,0,0,0,0,0,,,0,0,0,0,0,0,0,0,0,0,0,0,,,,0,0,0,0,0,0,0,,0,0,0,0,,6.9,7.9
00-0036648,N.Niemann,Nick Niemann,LB,LB,"https://static.www.nfl.com/image/upload/f_auto,q_auto/league/nbizfccowpxtgytc4n2u",2023,REG,LAC,11,0,0,0,0,0,0,0,0,0,0,0,0,,,0,,1,0,0,1,0,1,-2.80689209606499,0,0,0,0,0,0,0,0,0,0,,0,,0,0,0,0,20,3,18,1,3,0,0,0,1,0,0,1,0,0,0,0,1,2,0,0,0,0,0,0,0,0,0,0,0,0,0,,,0,0,0,0,0,0,0,0,0,0,0,0,,,,0,0,0,0,0,0,0,,0,0,0,0,,0,0
00-0036649,Q.Bohanna,Quinton Bohanna,DT,DL,"https://static.www.nfl.com/image/upload/f_auto,q_auto/league/jfyxrdrkpytiahvsoatj",2023,REG,TEN,6,0,0,0,0,0,0,0,0,0,0,0,0,,,0,,0,0,0,0,0,0,,0,0,0,0,0,0,0,0,0,0,,0,,0,0,0,0,5,0,5,2,12,0,0,0,0,0,0,0,0,0,0,0,0,0,0,0,0,1,5,0,0,0,0,0,0,0,0,,,0,0,0,0,0,0,0,0,0,0,0,0,,,,0,0,0,0,0,0,0,,0,0,0,0,,0,0
00-0036653,S.Forsythe,Stone Forsythe,OT,OL,"https://static.www.nfl.com/image/upload/f_auto,q_auto/league/iptr66al3wmni1hpipbo",2023,REG,SEA,2,0,0,0,0,0,0,0,0,0,0,0,0,,,0,,0,0,0,0,0,0,,0,0,0,0,0,0,0,0,0,0,,0,,0,0,0,0,0,0,0,0,0,0,0,0,0,0,0,0,0,0,0,0,0,0,0,0,0,2,20,0,0,0,0,0,0,0,0,,,0,0,0,0,0,0,0,0,0,0,0,0,,,,0,0,0,0,0,0,0,,0,0,0,0,,0,0
00-0036658,I.McDuffie,Isaiah McDuffie,LB,LB,"https://static.www.nfl.com/image/upload/f_auto,q_auto/league/kfscpyshsfu3hswm7lkd",2023,REG,GB,12,0,0,0,0,0,0,0,0,0,0,0,0,,,0,,0,0,0,0,0,0,,0,0,0,0,0,0,0,0,0,0,,0,,0,0,0,0,43,13,30,2,8,0,0.5,5,3,0,0,1,0,0,0,0,0,0,0,0,0,2,19,0,0,0,0,0,0,0,0,,,0,0,0,0,0,0,0,0,0,0,0,0,,,,0,0,0,0,0,0,0,,0,0,0,0,,0,0
00-0036659,C.Cheeseman,Camaron Cheeseman,LS,SPEC,"https://static.www.nfl.com/image/private/f_auto,q_auto/league/rhf4jqlcnyxouv1rnxap",2023,REG,WAS,1,0,0,0,0,0,0,0,0,0,0,0,0,,,0,,0,0,0,0,0,0,,0,0,0,0,0,0,0,0,0,0,,0,,0,0,0,0,0,0,0,0,0,0,0,0,0,0,0,0,0,0,0,0,0,1,0,0,0,0,0,0,0,0,0,0,0,0,0,,,0,0,0,0,0,0,0,0,0,0,0,0,,,,0,0,0,0,0,0,0,,0,0,0,0,,0,0
00-0036660,T.Smith,Trey Smith,G,OL,"https://static.www.nfl.com/image/upload/f_auto,q_auto/league/tevu0zoswqcvyjtweopr",2023,REG,KC,8,0,0,0,0,0,0,0,0,0,0,0,0,,,0,,0,0,0,0,0,0,,0,0,0,0,0,0,0,0,0,0,,0,,0,0,0,0,1,0,0,0,0,0,0,0,0,0,0,0,0,0,0,0,0,0,0,0,0,7,54,0,0,0,0,0,0,0,0,,,0,0,0,0,0,0,0,0,0,0,0,0,,,,0,0,0,0,0,0,0,,0,0,0,0,,0,0
00-0036661,I.Mukuamu,Israel Mukuamu,CB,DB,"https://static.www.nfl.com/image/upload/f_auto,q_auto/league/suoepvbxuplqnqestfsz",2023,REG,DAL,5,0,0,0,0,0,0,0,0,0,0,0,0,,,0,,0,0,0,0,0,0,,0,0,0,0,0,0,0,0,0,0,,0,,0,0,0,0,3,1,2,0,0,0,0,0,0,0,0,1,0,0,0,0,0,0,1,1,0,1,3,0,0,0,0,0,0,0,0,,,0,0,0,0,0,0,0,0,0,0,0,0,,,,0,0,0,0,0,0,0,,0,0,0,0,,0,0
00-0036672,G.Stuard,Grant Stuard,LB,LB,"https://static.www.nfl.com/image/upload/f_auto,q_auto/league/ws9nh7wahkmhwqnpi7zv",2023,REG,IND,8,0,0,0,0,0,0,0,0,0,0,0,0,,,0,,0,0,0,0,0,0,,0,0,0,0,0,0,0,0,0,0,,0,,0,0,0,1,6,0,1,0,0,0,0,0,1,0,0,0,0,0,0,18,0,0,0,0,0,1,10,0,0,0,0,0,0,0,0,,,0,0,0,0,0,0,0,0,0,0,0,0,,,,0,0,0,0,0,0,0,,0,0,0,0,,6,6
00-0036677,Z.Anderson,Zayne Anderson,SAF,DB,"https://static.www.nfl.com/image/upload/f_auto,q_auto/league/r4j0wtxm67rnmxl6zajl",2023,REG,GB,4,0,0,0,0,0,0,0,0,0,0,0,0,,,0,,0,0,0,0,0,0,,0,0,0,0,0,0,0,0,0,0,,0,,0,0,0,0,3,0,1,0,0,0,0,0,0,0,0,0,0,0,0,0,0,0,0,0,0,0,0,0,0,0,0,0,0,0,0,,,0,0,0,0,0,0,0,0,0,0,0,0,,,,0,0,0,0,0,0,0,,0,0,0,0,,0,0
00-0036678,D.Bootle,Dicaprio Bootle,CB,DB,"https://static.www.nfl.com/image/upload/f_auto,q_auto/league/px3jesc8o4lw6fy0bhc7",2023,REG,CAR,6,0,0,0,0,0,0,0,0,0,0,0,0,,,0,,0,0,0,0,0,0,,0,0,0,0,0,0,0,0,0,0,,0,,0,0,0,0,12,2,0,0,0,0,0,0,0,0,0,2,0,0,0,0,0,0,0,0,0,1,9,0,0,0,0,0,0,0,0,,,0,0,0,0,0,0,0,0,0,0,0,0,,,,0,0,0,0,0,0,0,,0,0,0,0,,0,0
00-0036682,M.Herring,Malik Herring,DE,DL,"https://static.www.nfl.com/image/upload/f_auto,q_auto/league/bic0n2ocrdgl57ygp8lj",2023,REG,KC,4,0,0,0,0,0,0,0,0,0,0,0,0,,,0,,0,0,0,0,0,0,,0,0,0,0,0,0,0,0,0,0,,0,,0,0,0,0,4,3,3,1,10,1,1.5,10,3,0,0,1,0,0,0,0,0,0,0,0,0,0,0,0,0,0,0,0,0,0,0,,,0,0,0,0,0,0,0,0,0,0,0,0,,,,0,0,0,0,0,0,0,,0,0,0,0,,0,0
00-0036688,K.Thomas,Kiondre Thomas,CB,DB,"https://static.www.nfl.com/image/private/f_auto,q_auto/league/h80lqrskrkgwzb4i37zu",2023,REG,GB,1,0,0,0,0,0,0,0,0,0,0,0,0,,,0,,0,0,0,0,0,0,,0,0,0,0,0,0,0,0,0,0,,0,,0,0,0,0,0,0,0,0,0,0,0,0,0,0,0,0,0,0,0,0,1,1,0,0,0,0,0,0,0,0,0,0,0,0,0,,,0,0,0,0,0,0,0,0,0,0,0,0,,,,0,0,0,0,0,0,0,,0,0,0,0,,0,0
00-0036695,N.Jones,Naquan Jones,DT,DL,"https://static.www.nfl.com/image/upload/f_auto,q_auto/league/i4edhuakry7za5kzgbov",2023,REG,ARI,11,0,0,0,0,0,0,0,0,0,0,0,0,,,0,,0,0,0,0,0,0,,0,0,0,0,0,0,0,0,0,0,,0,,0,0,0,0,3,0,14,1,3,0,0,0,0,0,0,0,0,0,0,0,0,0,0,0,0,2,8,0,0,0,0,0,0,0,0,,,0,0,0,0,0,0,0,0,0,0,0,0,,,,0,0,0,0,0,0,0,,0,0,0,0,,0,0
00-0036704,C.Johnson,Caleb Johnson,LB,LB,"https://static.www.nfl.com/image/upload/f_auto,q_auto/league/cpvxwusivovnovmryprc",2023,REG,JAX,5,0,0,0,0,0,0,0,0,0,0,0,0,,,0,,0,0,0,0,0,0,,0,0,0,0,0,0,0,0,0,0,,0,,0,0,0,0,4,0,1,0,0,0,0,0,0,0,0,0,0,0,0,0,0,0,0,0,0,1,15,0,0,0,0,0,0,0,0,,,0,0,0,0,0,0,0,0,0,0,0,0,,,,0,0,0,0,0,0,0,,0,0,0,0,,0,0
00-0036705,S.Kamara,Sam Kamara,LB,LB,"https://static.www.nfl.com/image/private/f_auto,q_auto/league/aakuha494hvtrja3dwjn",2023,REG,CLE,1,0,0,0,0,0,0,0,0,0,0,0,0,,,0,,0,0,0,0,0,0,,0,0,0,0,0,0,0,0,0,0,,0,,0,0,0,0,4,0,3,1,3,0,0,0,0,0,0,0,0,0,0,0,0,0,0,0,0,1,5,0,0,0,0,0,0,0,0,,,0,0,0,0,0,0,0,0,0,0,0,0,,,,0,0,0,0,0,0,0,,0,0,0,0,,0,0
00-0036716,A.Ogbongbemiga,Amen Ogbongbemiga,LB,LB,"https://static.www.nfl.com/image/upload/f_auto,q_auto/league/liyabetbezsk9lvuuphd",2023,REG,LAC,4,0,0,0,0,0,0,0,0,0,0,0,0,,,0,,0,0,0,0,0,0,,0,0,0,0,0,0,0,0,0,0,,0,,0,0,0,0,1,1,2,0,0,0,0,0,0,0,0,0,0,0,0,0,0,0,2,2,0,0,0,0,0,0,0,0,0,0,0,,,0,0,0,0,0,0,0,0,0,0,0,0,,,,0,0,0,0,0,0,0,,0,0,0,0,,0,0
00-0036727,A.Prentice,Adam Prentice,RB,RB,"https://static.www.nfl.com/image/upload/f_auto,q_auto/league/v7eu5mvg4n0cg3cbrjxn",2023,REG,NO,6,0,0,0,0,0,0,0,0,0,0,0,0,,,0,,2,12,0,1,1,1,-4.06285814120201,0,2,3,12,0,0,0,11,8,0,-2.0274838632904,0,1.09090909090909,0.00518134715025907,0.00219298245614035,0.00930710844468685,0,1,0,4,0,0,0,0,0,0,0,0,0,0,0,0,0,0,0,0,0,0,0,0,0,0,0,0,0,0,0,0,,,0,0,0,0,0,0,0,0,0,0,0,0,,,,0,0,0,0,0,0,0,,0,0,0,0,,0.4,2.4
00-0036728,C.Robinson,Curtis Robinson,LB,LB,"https://static.www.nfl.com/image/upload/f_auto,q_auto/league/t0a61ugsjq7akmobnrh5",2023,REG,SF,3,0,0,0,0,0,0,0,0,0,0,0,0,,,0,,0,0,0,0,0,0,,0,0,0,0,0,0,0,0,0,0,,0,,0,0,0,0,3,0,0,0,0,0,0,0,0,0,0,0,0,0,0,0,0,0,0,0,0,0,0,0,0,0,0,0,0,0,0,,,0,0,0,0,0,0,0,0,0,0,0,0,,,,0,0,0,0,0,0,0,,0,0,0,0,,0,0
00-0036736,K.Awosika,Kayode Awosika,G,OL,"https://static.www.nfl.com/image/upload/f_auto,q_auto/league/nrcnc0ypzmitcoud1ei8",2023,REG,DET,1,0,0,0,0,0,0,0,0,0,0,0,0,,,0,,0,0,0,0,0,0,,0,0,0,0,0,0,0,0,0,0,,0,,0,0,0,0,0,0,0,0,0,0,0,0,0,0,0,0,0,0,0,0,0,0,0,0,0,1,5,0,0,0,0,0,0,0,0,,,0,0,0,0,0,0,0,0,0,0,0,0,,,,0,0,0,0,0,0,0,,0,0,0,0,,0,0
00-0036741,J.Stoll,Jack Stoll,TE,TE,"https://static.www.nfl.com/image/upload/f_auto,q_auto/league/rtgfs8jwzhtmupqxqgmz",2023,REG,PHI,6,0,0,0,0,0,0,0,0,0,0,0,0,,,0,,0,0,0,0,0,0,,0,5,8,38,0,0,0,25,25,2,-2.19543668226106,0,1.52,0.0152380952380952,0.00516102394715112,0.0264698596201486,0,1,0,1,0,0,0,0,0,0,0,0,0,0,0,0,0,0,0,0,0,0,1,14,0,0,0,0,0,0,0,0,,,0,0,0,0,0,0,0,0,0,0,0,0,,,,0,0,0,0,0,0,0,,0,0,0,0,,3.8,8.8
00-0036748,J.Jacobs,Jerry Jacobs,CB,DB,"https://static.www.nfl.com/image/private/f_auto,q_auto/league/dlseignrp0sx5zj94h6y",2023,REG,DET,12,0,0,0,0,0,0,0,0,0,0,0,0,,,0,,0,0,0,0,0,0,,0,0,0,0,0,0,0,0,0,0,,0,,0,0,0,0,40,9,6,1,2,0,0,0,1,3,45,8,0,0,0,0,0,0,0,0,0,9,76,0,0,0,0,0,0,0,0,,,0,0,0,0,0,0,0,0,0,0,0,0,,,,0,0,0,0,0,0,0,,0,0,0,0,,0,0
00-0036752,A.Parker,AJ Parker,CB,DB,"https://static.www.nfl.com/image/private/f_auto,q_auto/league/tsgua6lcqdb7nobidicc",2023,REG,CAR,1,0,0,0,0,0,0,0,0,0,0,0,0,,,0,,0,0,0,0,0,0,,0,0,0,0,0,0,0,0,0,0,,0,,0,0,0,0,1,0,3,0,0,0,0,0,0,0,0,0,0,0,0,0,0,0,0,0,0,0,0,0,0,0,0,0,0,0,0,,,0,0,0,0,0,0,0,0,0,0,0,0,,,,0,0,0,0,0,0,0,,0,0,0,0,,0,0
00-0036754,B.Wright,Brock Wright,TE,TE,"https://static.www.nfl.com/image/upload/f_auto,q_auto/league/bd8sqnzheg7zetlhvku5",2023,REG,DET,9,0,0,0,0,0,0,0,0,0,0,0,0,,,0,,0,0,0,0,0,0,,0,13,14,91,1,0,0,40,49,2,5.00671790656634,0,2.275,0.024390243902439,0.00978952520802741,0.0434380334992777,0,1,1,0,0,0,0,0,0,0,0,0,0,0,0,0,0,0,0,0,0,0,0,0,0,0,0,0,0,0,0,0,,,0,0,0,0,0,0,0,0,0,0,0,0,,,,0,0,0,0,0,0,0,,0,0,0,0,,15.1,28.1
00-0036767,A.Faoliu,Austin Faoliu,DT,DL,"https://static.www.nfl.com/image/private/f_auto,q_auto/league/yiunfanktxfm6gowcldw",2023,REG,SEA,1,0,0,0,0,0,0,0,0,0,0,0,0,,,0,,0,0,0,0,0,0,,0,0,0,0,0,0,0,0,0,0,,0,,0,0,0,0,0,0,1,0,0,0,0,0,0,0,0,0,0,0,0,0,0,0,0,0,0,0,0,0,0,0,0,0,0,0,0,,,0,0,0,0,0,0,0,0,0,0,0,0,,,,0,0,0,0,0,0,0,,0,0,0,0,,0,0
00-0036788,J.Heflin,Jack Heflin,DE,DL,"https://static.www.nfl.com/image/upload/f_auto,q_auto/league/fpbxakmvdtvwmxmu6rl4",2023,REG,NO,1,0,0,0,0,0,0,0,0,0,0,0,0,,,0,,0,0,0,0,0,0,,0,0,0,0,0,0,0,0,0,0,,0,,0,0,0,0,0,0,1,0,0,0,0,0,0,0,0,0,0,0,0,0,0,0,0,0,0,0,0,0,0,0,0,0,0,0,0,,,0,0,0,0,0,0,0,0,0,0,0,0,,,,0,0,0,0,0,0,0,,0,0,0,0,,0,0
00-0036795,J.Curhan,Jake Curhan,OT,OL,"https://static.www.nfl.com/image/upload/f_auto,q_auto/league/sfcyxgyi8qkzafuqwbnl",2023,REG,SEA,1,0,0,0,0,0,0,0,0,0,0,0,0,,,0,,0,0,0,0,0,0,,0,0,0,0,0,0,0,0,0,0,,0,,0,0,0,0,0,0,0,0,0,0,0,0,0,0,0,0,0,0,0,0,0,0,0,0,0,1,5,0,0,0,0,0,0,0,0,,,0,0,0,0,0,0,0,0,0,0,0,0,,,,0,0,0,0,0,0,0,,0,0,0,0,,0,0
00-0036802,J.Rhattigan,Jon Rhattigan,LB,LB,"https://static.www.nfl.com/image/upload/f_auto,q_auto/league/im8y1u3b8ptowjxz56en",2023,REG,SEA,10,0,0,0,0,0,0,0,0,0,0,0,0,,,0,,0,0,0,0,0,0,,0,0,0,0,0,0,0,0,0,0,,0,,0,0,0,0,8,3,6,0,0,0,0,0,0,0,0,0,0,0,0,0,0,0,0,0,0,2,20,0,0,0,0,0,0,0,0,,,0,0,0,0,0,0,0,0,0,0,0,0,,,,0,0,0,0,0,0,0,,0,0,0,0,,0,0
00-0036813,C.Elliss,Christian Elliss,LB,LB,"https://static.www.nfl.com/image/upload/f_auto,q_auto/league/g78euyfj7wtinnylus04",2023,REG,NE,8,0,0,0,0,0,0,0,0,0,0,0,0,,,0,,0,0,0,0,0,0,,0,0,0,0,0,0,0,0,0,0,,0,,0,0,0,0,15,0,8,2,9,0,0,0,0,0,0,0,0,0,0,0,0,0,0,0,0,0,0,0,0,0,0,0,0,0,0,,,0,0,0,0,0,0,0,0,0,0,0,0,,,,0,0,0,0,0,0,0,,0,0,0,0,,0,0
00-0036816,R.Patterson,Riley Patterson,K,SPEC,"https://static.www.nfl.com/image/upload/f_auto,q_auto/league/gzvyb1u3dueikfy3otlq",2023,REG,CLE,15,0,0,0,0,0,0,0,0,0,0,0,0,,,0,,0,0,0,0,0,0,,0,0,0,0,0,0,0,0,0,0,,0,,0,0,0,0,0,0,0,0,0,0,0,0,0,0,0,0,0,0,0,0,0,0,0,0,0,0,0,0,0,0,0,16,18,2,0,52,0.888888888888889,0,2,11,2,1,0,0,1,0,0,1,0,38;37;24;33;37;30;36;44;31;33;52;33;41;26;32;33,52;26,,560,78,0,41,44,3,0,0.931818181818182,1,1,0,0,41,0,0
00-0036833,R.Neuzil,Ryan Neuzil,C,OL,"https://static.www.nfl.com/image/upload/f_auto,q_auto/league/zhgrjqtmbyx5lzwaflbr",2023,REG,ATL,1,0,0,0,0,0,0,0,0,0,0,0,0,,,0,,0,0,0,0,0,0,,0,0,0,0,0,0,0,0,0,0,,0,,0,0,0,0,0,0,0,0,0,0,0,0,0,0,0,0,0,0,0,0,0,1,0,0,0,0,0,0,0,0,0,0,0,0,0,,,0,0,0,0,0,0,0,0,0,0,0,0,,,,0,0,0,0,0,0,0,,0,0,0,0,,0,0
00-0036839,Ki.Smith,Kion Smith,OT,OL,"https://static.www.nfl.com/image/upload/f_auto,q_auto/league/rawjlqbe9aroo9cqkpfv",2023,REG,MIA,1,0,0,0,0,0,0,0,0,0,0,0,0,,,0,,0,0,0,0,0,0,,0,0,0,0,0,0,0,0,0,0,,0,,0,0,0,0,0,0,0,0,0,0,0,0,0,0,0,0,0,0,0,0,0,0,0,0,0,1,4,0,0,0,0,0,0,0,0,,,0,0,0,0,0,0,0,0,0,0,0,0,,,,0,0,0,0,0,0,0,,0,0,0,0,,0,0
00-0036841,A.Trammell,Austin Trammell,WR,WR,"https://static.www.nfl.com/image/upload/f_auto,q_auto/league/wycm0dz06421rredzyrq",2023,REG,LA,15,0,0,0,0,0,0,0,0,0,0,0,0,,,0,,0,0,0,0,0,0,,0,4,7,29,0,0,0,25,35,2,-3.00542641925858,0,1.16,0.0126126126126126,0.00554692700244065,0.0228017678206274,0,1,0,0,0,0,0,0,0,0,0,0,0,0,3,0,0,2,2,0,0,0,0,0,25,183,6,101,0,0,0,0,,,0,0,0,0,0,0,0,0,0,0,0,0,,,,0,0,0,0,0,0,0,,0,0,0,0,,2.9,6.9
00-0036842,K.Nwangwu,Kene Nwangwu,RB,RB,"https://static.www.nfl.com/image/upload/f_auto,q_auto/league/rlnqgz517fsohrndgjrb",2023,REG,MIN,8,0,0,0,0,0,0,0,0,0,0,0,0,,,0,,5,13,0,0,0,0,-0.822951464913786,0,0,0,0,0,0,0,0,0,0,,0,,0,0,0,0,1,0,0,0,0,0,0,0,0,0,0,0,0,0,0,0,0,0,0,0,0,0,0,0,0,15,380,0,0,0,0,,,0,0,0,0,0,0,0,0,0,0,0,0,,,,0,0,0,0,0,0,0,,0,0,0,0,,1.3,1.3
00-0036843,I.Loudermilk,Isaiahh Loudermilk,DT,DL,"https://static.www.nfl.com/image/upload/f_auto,q_auto/league/ezdwpy005v0doz6sobcp",2023,REG,PIT,11,0,0,0,0,0,0,0,0,0,0,0,0,,,0,,0,0,0,0,0,0,,0,0,0,0,0,0,0,0,0,0,,0,,0,0,0,0,5,3,8,0,0,0,0,0,1,0,0,2,0,0,0,0,0,0,0,0,0,0,0,0,0,0,0,0,0,0,0,,,0,0,0,0,0,0,0,0,0,0,0,0,,,,0,0,0,0,0,0,0,,0,0,0,0,,0,0
00-0036844,G.Wallow,Garret Wallow,LB,LB,"https://static.www.nfl.com/image/upload/f_auto,q_auto/league/jf7xnestp0wmq0lbezxs",2023,REG,TEN,3,0,0,0,0,0,0,0,0,0,0,0,0,,,0,,0,0,0,0,0,0,,0,0,0,0,0,0,0,0,0,0,,0,,0,0,0,0,4,1,1,0,0,0,0,0,0,0,0,0,0,0,0,0,0,0,0,0,0,1,15,0,0,0,0,0,0,0,0,,,0,0,0,0,0,0,0,0,0,0,0,0,,,,0,0,0,0,0,0,0,,0,0,0,0,,0,0
00-0036847,P.Harvin,Pressley Harvin III,P,SPEC,"https://static.www.nfl.com/image/private/f_auto,q_auto/league/hwshwvpedy2bdkznmi6d",2023,REG,PIT,15,0,0,0,0,0,0,0,0,0,0,0,0,,,0,,0,0,0,0,0,0,,0,0,0,0,0,0,0,0,0,0,,0,,0,0,0,0,0,0,0,0,0,0,0,0,0,0,0,0,0,0,0,0,0,0,0,0,0,0,0,0,0,0,0,0,0,0,0,,,0,0,0,0,0,0,0,0,0,0,0,0,,,,0,0,0,0,0,0,0,,0,0,0,0,,0,0
00-0036849,T.Atwell,Tutu Atwell,WR,WR,"https://static.www.nfl.com/image/upload/f_auto,q_auto/league/twlslcaa7c2wblveaafu",2023,REG,LA,14,0,0,0,0,0,0,0,0,0,0,0,0,1.053,,1,,5,31,0,0,0,2,1.97137294901768,0,39,67,483,3,0,0,767,104,26,9.33420872066969,1,0.629726205997392,0.120720720720721,0.170179720434879,0.300206885385496,0,2,0,0,0,0,0,0,0,0,0,0,0,0,0,0,0,0,0,0,0,0,0,0,0,0,0,0,0,0,0,0,,,0,0,0,0,0,0,0,0,0,0,0,0,,,,0,0,0,0,0,0,0,,0,0,0,0,,73.4,112.4
00-0036850,C.Sample,Cameron Sample,DE,DL,"https://static.www.nfl.com/image/private/f_auto,q_auto/league/kvkvhvbvcebjkevxjdhd",2023,REG,CIN,14,0,0,0,0,0,0,0,0,0,0,0,0,,,0,,0,0,0,0,0,0,,0,0,0,0,0,0,0,0,0,0,,0,,0,0,0,0,15,3,11,1,9,0,1.5,9,8,0,0,1,0,0,0,0,0,0,0,0,0,0,0,0,0,0,0,0,0,0,0,,,0,0,0,0,0,0,0,0,0,0,0,0,,,,0,0,0,0,0,0,0,,0,0,0,0,,0,0
00-0036854,E.McPherson,Evan McPherson,K,SPEC,"https://static.www.nfl.com/image/upload/f_auto,q_auto/league/cpvujaqwscupzvbbx7oe",2023,REG,CIN,17,0,0,0,0,0,0,0,0,0,0,0,0,,,0,,0,0,0,0,0,0,,0,0,0,0,0,0,0,0,0,0,,0,,0,0,0,0,0,0,0,0,0,0,0,0,0,0,0,0,0,0,0,0,0,0,0,0,0,0,0,0,0,0,0,26,31,5,0,56,0.838709677419355,0,5,6,8,7,0,0,0,0,0,5,0,42;27;49;53;48;54;21;40;40;52;56;20;50;31;50;26;47;54;48;32;35;34;29;35;34;45,51;56;50;53;57,,1052,267,0,40,40,0,0,1,2,2,0,0,48;29,0,0
00-0036855,E.Brown,Earnest Brown IV,DE,DL,"https://static.www.nfl.com/image/upload/f_auto,q_auto/league/nqyyjsk3zyn0t7lttprh",2023,REG,LA,3,0,0,0,0,0,0,0,0,0,0,0,0,,,0,,0,0,0,0,0,0,,0,0,0,0,0,0,0,0,0,0,,0,,0,0,0,0,1,1,3,0,0,0,0,0,0,0,0,0,0,0,0,0,0,0,0,0,0,0,0,0,0,0,0,0,0,0,0,,,0,0,0,0,0,0,0,0,0,0,0,0,,,,0,0,0,0,0,0,0,,0,0,0,0,,0,0
00-0036857,C.Evans,Chris Evans,RB,RB,"https://static.www.nfl.com/image/upload/f_auto,q_auto/league/r7f5vinm6aqdzxtjf4yx",2023,REG,CIN,3,0,0,0,0,0,0,0,0,0,0,0,0,,,0,,2,12,0,0,0,0,-0.65153782418929,0,1,1,-1,0,0,0,-1,0,0,-1.34762418596074,0,1,0.00168918918918919,-0.000257864878803507,0.00235327836862133,0,2,0,0,0,0,0,0,0,0,0,0,0,0,0,0,0,0,0,0,0,0,0,0,0,0,2,45,0,0,0,0,,,0,0,0,0,0,0,0,0,0,0,0,0,,,,0,0,0,0,0,0,0,,0,0,0,0,,1.1,2.1
00-0036860,J.Funk,Jake Funk,RB,RB,"https://static.www.nfl.com/image/upload/f_auto,q_auto/league/xkegujg1754uei9oomoz",2023,REG,IND,1,0,0,0,0,0,0,0,0,0,0,0,0,,,0,,2,10,0,0,0,0,-0.883889150689356,0,1,1,12,0,0,0,0,12,1,1.41381733224262,0,0,0.00183150183150183,0,0.00274725274725275,0,0,0,0,0,0,0,0,0,0,0,0,0,0,0,0,0,0,0,0,0,0,0,0,0,0,0,0,0,0,0,0,,,0,0,0,0,0,0,0,0,0,0,0,0,,,,0,0,0,0,0,0,0,,0,0,0,0,,2.2,3.2
00-0036862,B.Skowronek,Ben Skowronek,WR,WR,"https://static.www.nfl.com/image/upload/f_auto,q_auto/league/drojmh3dbpuagobvilzv",2023,REG,LA,13,0,0,0,0,0,0,0,0,0,0,0,0,,,0,,2,9,0,0,0,1,-1.71923585818149,0,8,12,66,1,0,0,88,30,3,1.42528552061412,0,0.75,0.0216216216216216,0.0195251830485911,0.0461000605664462,0,10,1,2,0,0,0,0,0,0,0,0,0,0,0,0,0,0,0,0,0,0,5,38,0,0,0,0,0,0,0,0,,,0,0,0,0,0,0,0,0,0,0,0,0,,,,0,0,0,0,0,0,0,,0,0,0,0,,13.5,21.5
00-0036866,J.Hudson,James Hudson,OT,OL,"https://static.www.nfl.com/image/upload/f_auto,q_auto/league/awncy5wgubdzptt9ici9",2023,REG,CLE,5,0,0,0,0,0,0,0,0,0,0,0,0,,,0,,0,0,0,0,0,0,,0,0,0,0,0,0,0,0,0,0,,0,,0,0,0,0,1,0,0,0,0,0,0,0,0,0,0,0,0,0,0,0,0,0,0,0,0,7,45,0,0,0,0,0,0,0,0,,,0,0,0,0,0,0,0,0,0,0,0,0,,,,0,0,0,0,0,0,0,,0,0,0,0,,0,0
00-0036867,C.Rumph,Chris Rumph II,DE,DL,"https://static.www.nfl.com/image/upload/f_auto,q_auto/league/ayrvlbmyxlvek7afcioc",2023,REG,LAC,4,0,0,0,0,0,0,0,0,0,0,0,0,,,0,,0,0,0,0,0,0,,0,0,0,0,0,0,0,0,0,0,,0,,0,0,0,0,2,2,1,0,0,0,0,0,0,0,0,0,0,0,0,0,0,0,1,1,0,0,0,0,0,0,0,0,0,0,0,,,0,0,0,0,0,0,0,0,0,0,0,0,,,,0,0,0,0,0,0,0,,0,0,0,0,,0,0
00-0036869,D.Moore,Dan Moore Jr.,OT,OL,"https://static.www.nfl.com/image/upload/f_auto,q_auto/league/boxltktohmx9eqfrjr9c",2023,REG,PIT,3,0,0,0,0,0,0,0,0,0,0,0,0,,,0,,0,0,0,0,0,0,,0,0,0,0,0,0,0,0,0,0,,0,,0,0,0,0,0,0,0,0,0,0,0,0,0,0,0,0,0,0,0,0,1,1,0,0,0,2,20,0,0,0,0,0,0,0,0,,,0,0,0,0,0,0,0,0,0,0,0,0,,,,0,0,0,0,0,0,0,,0,0,0,0,,0,0
00-0036870,B.Johnson,Buddy Johnson,LB,LB,"https://static.www.nfl.com/image/upload/f_auto,q_auto/league/aa4htfuz4uxcprkmmvii",2023,REG,DAL,1,0,0,0,0,0,0,0,0,0,0,0,0,,,0,,0,0,0,0,0,0,,0,0,0,0,0,0,0,0,0,0,,0,,0,0,0,0,3,0,1,0,0,0,0,0,0,0,0,0,0,0,0,0,0,0,0,0,0,0,0,0,0,0,0,0,0,0,0,,,0,0,0,0,0,0,0,0,0,0,0,0,,,,0,0,0,0,0,0,0,,0,0,0,0,,0,0
00-0036871,N.Hobbs,Nate Hobbs,CB,DB,"https://static.www.nfl.com/image/upload/f_auto,q_auto/league/tqngf0urgkjrrqtx0kzl",2023,REG,LV,13,0,0,0,0,0,0,0,0,0,0,0,0,,,0,,0,0,0,0,0,0,,0,0,0,0,0,0,0,0,0,0,,0,,0,0,0,0,52,7,27,4,17,1,1,8,2,1,10,7,0,0,0,0,0,0,0,0,0,3,35,0,0,0,0,0,0,0,0,,,0,0,0,0,0,0,0,0,0,0,0,0,,,,0,0,0,0,0,0,0,,0,0,0,0,,0,0
00-0036874,P.Surtain,Pat Surtain II,CB,DB,"https://static.www.nfl.com/image/upload/f_auto,q_auto/league/soec8zk3n5jvxvywq1gm",2023,REG,DEN,17,0,0,0,0,0,0,0,0,0,0,0,0,,,0,,0,0,0,0,0,0,,0,0,0,0,0,0,0,0,0,0,,0,,0,0,0,0,53,6,10,0,0,0,0,0,0,1,0,12,0,0,0,0,0,0,0,0,0,6,57,0,0,0,0,0,0,0,0,,,0,0,0,0,0,0,0,0,0,0,0,0,,,,0,0,0,0,0,0,0,,0,0,0,0,,0,0
00-0036875,R.Stevenson,Rhamondre Stevenson,RB,RB,"https://static.www.nfl.com/image/upload/f_auto,q_auto/league/ed09migntlyy8ntgvcu1",2023,REG,NE,12,0,0,0,0,0,0,0,0,0,0,0,0,,,0,,156,619,4,1,1,38,-12.8549788641084,0,38,51,238,0,0,0,13,261,8,-18.0166308368448,0,18.3076923076923,0.0942698706099815,0.003173828125,0.143626485602472,0,0,0,0,0,0,0,0,0,0,0,0,0,0,0,0,0,0,0,0,0,0,0,0,0,0,0,0,0,0,0,0,,,0,0,0,0,0,0,0,0,0,0,0,0,,,,0,0,0,0,0,0,0,,0,0,0,0,,107.7,145.7
00-0036876,K.Granson,Kylen Granson,TE,TE,"https://static.www.nfl.com/image/upload/f_auto,q_auto/league/ysbxmdw4da30q3kjb571",2023,REG,IND,15,0,0,0,0,0,0,0,0,0,0,0,0,,,0,,1,2,0,0,0,1,2.84027085918933,0,30,50,368,1,0,0,402,128,19,11.4604410775344,0,0.915422885572139,0.0915750915750916,0.0944770857814336,0.203496597409641,0,5,0,1,0,0,0,0,0,0,0,0,0,0,0,0,0,0,0,0,0,0,2,10,0,0,0,0,0,0,0,0,,,0,0,0,0,0,0,0,0,0,0,0,0,,,,0,0,0,0,0,0,0,,0,0,0,0,,43,73
00-0036877,J.Darden,Jaelon Darden,WR,WR,"https://static.www.nfl.com/image/upload/f_auto,q_auto/league/po3sqw0b1qwonkg80lrf",2023,REG,CLE,1,0,0,0,0,0,0,0,0,0,0,0,0,,,0,,0,0,0,0,0,0,,0,0,0,0,0,0,0,0,0,0,,0,,0,0,0,0,0,0,0,0,0,0,0,0,0,0,0,0,0,0,0,0,0,0,0,0,0,0,0,4,39,2,42,0,0,0,0,,,0,0,0,0,0,0,0,0,0,0,0,0,,,,0,0,0,0,0,0,0,,0,0,0,0,,0,0
00-0036878,J.Robinson,Janarius Robinson,DE,DL,"https://static.www.nfl.com/image/upload/f_auto,q_auto/league/ph291rxrgooqvaulao4i",2023,REG,LV,5,0,0,0,0,0,0,0,0,0,0,0,0,,,0,,0,0,0,0,0,0,,0,0,0,0,0,0,0,0,0,0,,0,,0,0,0,0,4,1,3,1,9,0,1,9,2,0,0,0,0,0,0,0,0,0,0,0,0,2,10,0,0,0,0,0,0,0,0,,,0,0,0,0,0,0,0,0,0,0,0,0,,,,0,0,0,0,0,0,0,,0,0,0,0,,0,0
00-0036880,P.Sewell,Penei Sewell,OT,OL,"https://static.www.nfl.com/image/upload/f_auto,q_auto/league/bfdl9aba5nufevjfckeb",2023,REG,DET,4,0,0,0,0,0,0,0,0,0,0,0,0,,,0,,0,0,0,0,0,0,,0,0,0,0,0,0,0,0,0,0,,0,,0,0,0,0,0,0,0,0,0,0,0,0,0,0,0,0,0,0,0,0,1,1,0,0,0,6,50,0,0,0,0,0,0,0,0,,,0,0,0,0,0,0,0,0,0,0,0,0,,,,0,0,0,0,0,0,0,,0,0,0,0,,0,0
00-0036881,J.Tufele,Jay Tufele,DT,DL,"https://static.www.nfl.com/image/upload/f_auto,q_auto/league/w0b0txntjiv6diob9u5k",2023,REG,CIN,7,0,0,0,0,0,0,0,0,0,0,0,0,,,0,,0,0,0,0,0,0,,0,0,0,0,0,0,0,0,0,0,,0,,0,0,0,0,3,1,7,0,0,0,0,0,0,0,0,0,0,0,0,0,0,0,0,0,0,0,0,0,0,0,0,0,0,0,0,,,0,0,0,0,0,0,0,0,0,0,0,0,,,,0,0,0,0,0,0,0,,0,0,0,0,,0,0
00-0036882,J.Cox,Jabril Cox,LB,LB,"https://static.www.nfl.com/image/private/f_auto,q_auto/league/ige3g4uhygy4v2w34xja",2023,REG,WAS,2,0,0,0,0,0,0,0,0,0,0,0,0,,,0,,0,0,0,0,0,0,,0,0,0,0,0,0,0,0,0,0,,0,,0,0,0,0,2,0,0,0,0,0,0,0,0,0,0,0,0,0,0,0,0,0,0,0,0,0,0,0,0,0,0,0,0,0,0,,,0,0,0,0,0,0,0,0,0,0,0,0,,,,0,0,0,0,0,0,0,,0,0,0,0,,0,0
00-0036884,Ma.Wilson,Marco Wilson,CB,DB,"https://static.www.nfl.com/image/upload/f_auto,q_auto/league/mcmzfcisg5pkfulsp0tr",2023,REG,NE,12,0,0,0,0,0,0,0,0,0,0,0,0,,,0,,0,0,0,0,0,0,,0,0,0,0,0,0,0,0,0,0,,0,,0,0,0,0,40,1,12,0,0,0,0,0,0,0,0,4,0,0,0,0,0,0,0,0,0,4,62,0,0,0,0,0,0,0,0,,,0,0,0,0,0,0,0,0,0,0,0,0,,,,0,0,0,0,0,0,0,,0,0,0,0,,0,0
00-0036885,T.Brown,Tre Brown,CB,DB,"https://static.www.nfl.com/image/upload/f_auto,q_auto/league/rsa4qgvqzrmqgonwf3co",2023,REG,SEA,14,0,0,0,0,0,0,0,0,0,0,0,0,,,0,,0,0,0,0,0,0,,0,0,0,0,0,0,0,0,0,0,,0,,0,0,0,0,25,4,5,2,8,2,1,5,1,2,40,6,1,0,0,0,0,0,0,0,0,8,63,0,0,0,0,0,0,0,0,,,0,0,0,0,0,0,0,0,0,0,0,0,,,,0,0,0,0,0,0,0,,0,0,0,0,,0,0
00-0036887,L.Farrell,Luke Farrell,TE,TE,"https://static.www.nfl.com/image/upload/f_auto,q_auto/league/sccmpo8xbzdbjasmwcfj",2023,REG,JAX,10,0,0,0,0,0,0,0,0,0,0,0,0,,,0,,0,0,0,0,0,0,,0,13,15,155,0,0,0,71,96,5,8.01235174539033,0,2.1830985915493,0.0247116968698517,0.0142541658301546,0.0470454613858858,0,2,0,0,0,0,0,0,0,0,0,0,0,0,0,0,0,0,0,0,0,0,3,15,0,0,0,0,0,0,0,0,,,0,0,0,0,0,0,0,0,0,0,0,0,,,,0,0,0,0,0,0,0,,0,0,0,0,,15.5,28.5
00-0036888,D.Hamlin,Damar Hamlin,SAF,DB,"https://static.www.nfl.com/image/upload/f_auto,q_auto/league/y3up9bdo5vczbq5zskxo",2023,REG,BUF,2,0,0,0,0,0,0,0,0,0,0,0,0,,,0,,0,0,0,0,0,0,,0,0,0,0,0,0,0,0,0,0,,0,,0,0,0,0,2,0,0,0,0,0,0,0,0,0,0,0,0,0,0,0,0,0,0,0,0,0,0,0,0,0,0,0,0,0,0,,,0,0,0,0,0,0,0,0,0,0,0,0,,,,0,0,0,0,0,0,0,,0,0,0,0,,0,0
00-0036893,N.Harris,Najee Harris,RB,RB,"https://static.www.nfl.com/image/upload/f_auto,q_auto/league/grfxgbvqnzz40r7rdtvk",2023,REG,PIT,17,0,0,0,0,0,0,0,0,0,0,0,0,,,0,,255,1035,8,2,1,51,-25.8921119177821,0,29,38,170,0,0,0,9,175,9,-1.4201432877162,0,18.8888888888889,0.0785123966942149,0.0023778071334214,0.119433060034717,0,0,0,0,0,0,0,0,0,0,0,0,0,0,0,0,0,0,0,0,0,0,0,0,0,0,0,0,0,0,0,0,,,0,0,0,0,0,0,0,0,0,0,0,0,,,,0,0,0,0,0,0,0,,0,0,0,0,,166.5,195.5
00-0036894,P.Freiermuth,Pat Freiermuth,TE,TE,"https://static.www.nfl.com/image/upload/f_auto,q_auto/league/vmwioi77upc9hqwaskfa",2023,REG,PIT,11,0,0,0,0,0,0,0,0,0,0,0,0,,,0,,0,0,0,0,0,0,,0,32,47,308,2,0,0,311,145,17,9.54455986729572,1,0.990353697749196,0.0971074380165289,0.0821664464993395,0.203177669574331,0,2,0,1,0,0,1,0,0,0,0,0,0,0,0,0,0,0,0,0,0,0,3,20,0,0,0,0,0,0,0,0,,,0,0,0,0,0,0,0,0,0,0,0,0,,,,0,0,0,0,0,0,0,,0,0,0,0,,44.8,76.8
00-0036896,V.Dimukeje,Victor Dimukeje,LB,LB,"https://static.www.nfl.com/image/upload/f_auto,q_auto/league/timanef1mpwuc1cqmptm",2023,REG,ARI,13,0,0,0,0,0,0,0,0,0,0,0,0,,,0,,0,0,0,0,0,0,,0,0,0,0,0,0,0,0,0,0,,0,,0,0,0,0,21,0,11,5,32,1,4,27.5,8,0,0,1,0,0,0,0,0,0,0,0,0,0,0,0,0,0,0,0,0,0,0,,,0,0,0,0,0,0,0,0,0,0,0,0,,,,0,0,0,0,0,0,0,,0,0,0,0,,0,0
00-0036898,D.Mills,Davis Mills,QB,QB,"https://static.www.nfl.com/image/upload/f_auto,q_auto/league/v3bofeusytvkogvqichy",2023,REG,HOU,5,18,39,173,2,0,2,-13,0,0,313,74,12,-5.02957749835332,-19.542079850247,1,0.552715654952077,2,9,0,0,0,0,0.575884140504059,0,0,0,0,0,0,0,0,0,0,,0,,0,0,0,0,0,0,0,0,0,0,0,0,0,0,0,0,0,0,0,0,0,0,0,0,0,0,0,0,0,0,0,0,0,0,0,,,0,0,0,0,0,0,0,0,0,0,0,0,,,,0,0,0,0,0,0,0,,0,0,0,0,,17.82,17.82
00-0036900,J.Chase,Ja'Marr Chase,WR,WR,"https://static.www.nfl.com/image/upload/f_auto,q_auto/league/qya3dtjb5kgofcuj2tuw",2023,REG,CIN,16,1,1,-7,0,0,0,0,0,0,-7,0,0,-2.10285701858811,17.8540647029877,0,0,3,-6,0,0,0,0,-2.73797785793431,0,100,145,1216,7,1,0,1254,541,63,60.5472326947734,0,0.96969696969697,0.244932432432432,0.323362558019598,0.593752439262367,0,2,0,0,0,0,0,0,0,0,0,0,0,0,0,0,0,1,1,0,0,0,0,0,0,0,0,0,0,0,0,0,,,0,0,0,0,0,0,0,0,0,0,0,0,,,,0,0,0,0,0,0,0,,0,0,0,0,,162.72,262.72
00-0036901,E.Stokes,Eric Stokes,CB,DB,"https://static.www.nfl.com/image/upload/f_auto,q_auto/league/utosvktgajhtqd2px9xp",2023,REG,GB,2,0,0,0,0,0,0,0,0,0,0,0,0,,,0,,0,0,0,0,0,0,,0,0,0,0,0,0,0,0,0,0,,0,,0,0,0,0,4,1,1,0,0,0,0,0,0,0,0,0,0,0,0,0,0,0,0,0,0,0,0,0,0,0,0,0,0,0,0,,,0,0,0,0,0,0,0,0,0,0,0,0,,,,0,0,0,0,0,0,0,,0,0,0,0,,0,0
00-0036902,J.Ossai,Joseph Ossai,DE,DL,"https://static.www.nfl.com/image/upload/f_auto,q_auto/league/ixgqo1gn6f79bhhoyirq",2023,REG,CIN,10,0,0,0,0,0,0,0,0,0,0,0,0,,,0,,0,0,0,0,0,0,,0,0,0,0,0,0,0,0,0,0,,0,,0,0,0,0,5,1,4,1,3,0,1,0,7,0,0,1,0,0,0,0,0,0,0,0,0,0,0,0,0,0,0,0,0,0,0,,,0,0,0,0,0,0,0,0,0,0,0,0,,,,0,0,0,0,0,0,0,,0,0,0,0,,0,0
00-0036903,B.Brown,Bobby Brown III,DT,DL,"https://static.www.nfl.com/image/upload/f_auto,q_auto/league/f3fspidlfqws3asws3gw",2023,REG,LA,10,0,0,0,0,0,0,0,0,0,0,0,0,,,0,,0,0,0,0,0,0,,0,0,0,0,0,0,0,0,0,0,,0,,0,0,0,0,13,3,15,2,8,0,0.5,2.5,1,0,0,0,0,0,0,0,0,0,0,0,0,0,0,0,0,0,0,0,0,0,0,,,0,0,0,0,0,0,0,0,0,0,0,0,,,,0,0,0,0,0,0,0,,0,0,0,0,,0,0
00-0036904,R.Rochell,Robert Rochell,CB,DB,"https://static.www.nfl.com/image/upload/f_auto,q_auto/league/oqn1nnmeqppzkymivtfe",2023,REG,GB,4,0,0,0,0,0,0,0,0,0,0,0,0,,,0,,0,0,0,0,0,0,,0,0,0,0,0,0,0,0,0,0,,0,,0,0,0,0,3,1,0,0,0,0,0,0,0,0,0,0,0,0,0,0,0,0,0,0,0,0,0,0,0,0,0,0,0,0,0,,,0,0,0,0,0,0,0,0,0,0,0,0,,,,0,0,0,0,0,0,0,,0,0,0,0,,0,0
00-0036905,L.Borom,Larry Borom,G,OL,"https://static.www.nfl.com/image/upload/f_auto,q_auto/league/n9k0wubk028m5ecfwg8x",2023,REG,CHI,2,0,0,0,0,0,0,0,0,0,0,0,0,,,0,,0,0,0,0,0,0,,0,0,0,0,0,0,0,0,0,0,,0,,0,0,0,0,0,0,0,0,0,0,0,0,0,0,0,0,0,0,0,0,0,0,0,0,0,4,30,0,0,0,0,0,0,0,0,,,0,0,0,0,0,0,0,0,0,0,0,0,,,,0,0,0,0,0,0,0,,0,0,0,0,,0,0
00-0036906,K.Herbert,Khalil Herbert,RB,RB,"https://static.www.nfl.com/image/upload/f_auto,q_auto/league/gjwksf9ygntjmtceeerh",2023,REG,CHI,12,0,0,0,0,0,0,0,0,0,0,0,0,,,0,,132,611,2,0,0,26,-1.56944654025513,1,20,31,134,1,1,1,17,138,9,-16.8167716783316,0,7.88235294117647,0.0649895178197065,0.00450331125827815,0.100636594610354,0,0,0,0,0,0,0,0,0,0,0,0,0,0,0,0,0,0,0,0,0,0,0,0,0,0,0,0,0,0,0,0,,,0,0,0,0,0,0,0,0,0,0,0,0,,,,0,0,0,0,0,0,0,,0,0,0,0,,92.5,112.5
00-0036909,K.Tonga,Khyiris Tonga,DT,DL,"https://static.www.nfl.com/image/upload/f_auto,q_auto/league/sd2nd0xkekkuf2hrlcjq",2023,REG,MIN,7,0,0,0,0,0,0,0,0,0,0,0,0,,,0,,0,0,0,0,0,0,,0,0,0,0,0,0,0,0,0,0,,0,,0,0,0,0,8,1,6,1,4,0,0,0,2,0,0,0,0,0,0,0,0,0,0,0,0,0,0,0,0,0,0,0,0,0,0,,,0,0,0,0,0,0,0,0,0,0,0,0,,,,0,0,0,0,0,0,0,,0,0,0,0,,0,0
00-0036912,D.Smith,DeVonta Smith,WR,WR,"https://static.www.nfl.com/image/upload/f_auto,q_auto/league/vj2fz8veorg1k5qthnjm",2023,REG,PHI,16,0,0,0,0,0,0,0,0,0,0,0,0,,,0,,0,0,0,0,0,0,,0,81,112,1066,7,1,1,1350,294,47,34.021787702106,0,0.78962962962963,0.213333333333333,0.27869529314616,0.515086705202312,0,2,0,0,0,0,0,0,0,0,0,0,0,0,0,0,0,0,0,0,0,0,1,10,0,0,0,0,0,0,0,0,,,0,0,0,0,0,0,0,0,0,0,0,0,,,,0,0,0,0,0,0,0,,0,0,0,0,,146.6,227.6
00-0036913,K.Toney,Kadarius Toney,WR,WR,"https://static.www.nfl.com/image/upload/f_auto,q_auto/league/nuwjpint0g5wejogudt4",2023,REG,KC,13,0,1,0,0,0,0,0,0,0,16,0,0,-0.446093429578468,-55.4279386997223,0,0,11,31,0,0,0,2,-4.55490440671565,0,27,38,169,1,1,0,112,128,12,-8.35674006300352,0,1.50892857142857,0.0634390651085142,0.0273504273504274,0.11430389680807,0,0,0,0,0,0,0,0,0,0,0,0,0,0,0,0,0,1,1,0,0,0,1,5,6,58,0,0,0,0,0,0,,,0,0,0,0,0,0,0,0,0,0,0,0,,,,0,0,0,0,0,0,0,,0,0,0,0,,26,53
00-0036914,G.Rousseau,Greg Rousseau,DE,DL,"https://static.www.nfl.com/image/upload/f_auto,q_auto/league/oljb2xg9fry8gnuqz66k",2023,REG,BUF,16,0,0,0,0,0,0,0,0,0,0,0,0,,,0,,0,0,0,0,0,0,,0,0,0,0,0,0,0,0,0,0,,0,,0,0,0,0,27,3,12,13,47,1,5,33.5,18,0,0,4,0,0,0,0,0,0,1,1,0,0,0,0,0,0,0,0,0,0,0,,,0,0,0,0,0,0,0,0,0,0,0,0,,,,0,0,0,0,0,0,0,,0,0,0,0,,0,0
00-0036915,J.Owusu-Koramoah,Jeremiah Owusu-Koramoah,LB,LB,"https://static.www.nfl.com/image/private/f_auto,q_auto/league/evmul3yfbefvmy1tc1ns",2023,REG,CLE,16,0,0,0,0,0,0,0,0,0,0,0,0,,,0,,0,0,0,0,0,0,,0,0,0,0,0,0,0,0,0,0,,0,,0,0,0,0,60,12,29,15,75,1,3.5,34.5,5,2,8,6,0,0,0,0,0,0,0,0,0,1,5,0,0,0,0,0,0,0,0,,,0,0,0,0,0,0,0,0,0,0,0,0,,,,0,0,0,0,0,0,0,,0,0,0,0,,0,0
00-0036916,M.Williams,Milton Williams,DE,DL,"https://static.www.nfl.com/image/upload/f_auto,q_auto/league/pne778olspa9ercg4e56",2023,REG,PHI,15,0,0,0,0,0,0,0,0,0,0,0,0,,,0,,0,0,0,0,0,0,,0,0,0,0,0,0,0,0,0,0,,0,,0,0,0,0,18,3,21,3,6,1,0.5,3,7,0,0,1,0,0,0,0,0,0,0,0,0,1,15,0,0,0,0,0,0,0,0,,,0,0,0,0,0,0,0,0,0,0,0,0,,,,0,0,0,0,0,0,0,,0,0,0,0,,0,0
00-0036919,K.Gainwell,Kenneth Gainwell,RB,RB,"https://static.www.nfl.com/image/upload/f_auto,q_auto/league/f74x1ywy7oo5kq81vblh",2023,REG,PHI,16,1,1,17,0,0,0,0,0,0,17,0,1,1.23450584860984,44.0214991569519,0,1,84,364,2,3,1,19,-11.6461177837263,1,30,37,183,0,0,0,71,175,11,2.57053866777735,0,2.57746478873239,0.0704761904761905,0.0146573080099092,0.115974401321222,0,1,0,0,0,0,0,0,0,0,0,0,0,0,0,0,0,0,0,0,0,0,0,0,0,0,1,19,0,0,0,0,,,0,0,0,0,0,0,0,0,0,0,0,0,,,,0,0,0,0,0,0,0,,0,0,0,0,,67.38,97.38
00-0036920,M.Tuipulotu,Marlon Tuipulotu,DT,DL,"https://static.www.nfl.com/image/upload/f_auto,q_auto/league/ho9eokvcqvge4qdld2ie",2023,REG,PHI,8,0,0,0,0,0,0,0,0,0,0,0,0,,,0,,0,0,0,0,0,0,,0,0,0,0,0,0,0,0,0,0,,0,,0,0,0,0,9,4,9,3,8,0,2,7,2,0,0,0,0,0,0,0,0,0,0,0,0,0,0,0,0,0,0,0,0,0,0,,,0,0,0,0,0,0,0,0,0,0,0,0,,,,0,0,0,0,0,0,0,,0,0,0,0,,0,0
00-0036922,P.Johnson,Patrick Johnson,LB,LB,"https://static.www.nfl.com/image/upload/f_auto,q_auto/league/qtngv13hh6rm4kfc52jt",2023,REG,PHI,6,0,0,0,0,0,0,0,0,0,0,0,0,,,0,,0,0,0,0,0,0,,0,0,0,0,0,0,0,0,0,0,,0,,0,0,0,0,3,2,2,0,0,0,0,0,0,0,0,0,0,0,0,0,0,0,0,0,0,1,5,0,0,0,0,0,0,0,0,,,0,0,0,0,0,0,0,0,0,0,0,0,,,,0,0,0,0,0,0,0,,0,0,0,0,,0,0
00-0036924,Mi.Carter,Michael Carter,RB,RB,"https://static.www.nfl.com/image/upload/f_auto,q_auto/league/e1y7zhd7w3xbthodfa3m",2023,REG,ARI,15,0,0,0,0,0,0,0,0,0,0,0,0,,,0,,30,187,0,0,0,9,3.05642689730009,0,24,31,101,1,0,0,34,87,5,-14.7549419559848,0,2.97058823529412,0.0550621669626998,0.0085,0.0885432504440497,0,1,0,0,0,0,0,0,0,0,0,0,0,0,0,0,0,0,0,0,0,0,2,18,0,0,0,0,0,0,0,0,,,0,0,0,0,0,0,0,0,0,0,0,0,,,,0,0,0,0,0,0,0,,0,0,0,0,,34.8,58.8
00-0036926,P.Turner,Payton Turner,DE,DL,"https://static.www.nfl.com/image/upload/f_auto,q_auto/league/lh1skysdf0gyqhkasque",2023,REG,NO,2,0,0,0,0,0,0,0,0,0,0,0,0,,,0,,0,0,0,0,0,0,,0,0,0,0,0,0,0,0,0,0,,0,,0,0,0,0,0,0,1,0,0,0,0,0,2,0,0,0,0,0,0,0,0,0,1,1,0,0,0,0,0,0,0,0,0,0,0,,,0,0,0,0,0,0,0,0,0,0,0,0,,,,0,0,0,0,0,0,0,,0,0,0,0,,0,0
00-0036927,P.Werner,Pete Werner,LB,LB,"https://static.www.nfl.com/image/upload/f_auto,q_auto/league/nqs87jnlklns7tm7w5jj",2023,REG,NO,16,0,0,0,0,0,0,0,0,0,0,0,0,,,0,,0,0,0,0,0,0,,0,0,0,0,0,0,0,0,0,0,,0,,0,0,0,0,52,8,33,4,7,0,0.5,4,1,1,0,1,0,0,0,0,0,0,2,2,0,3,16,0,0,0,0,0,0,0,0,,,0,0,0,0,0,0,0,0,0,0,0,0,,,,0,0,0,0,0,0,0,,0,0,0,0,,0,0
00-0036928,K.Trask,Kyle Trask,QB,QB,"https://static.www.nfl.com/image/upload/f_auto,q_auto/league/xd0hbsqzz2xhh392woow",2023,REG,TB,2,0,1,0,0,0,0,0,0,0,3,0,0,-1.88030287302347,-47.0438033342362,0,0,1,-1,0,0,0,0,-1.71969620726304,0,0,0,0,0,0,0,0,0,0,,0,,0,0,0,0,0,0,0,0,0,0,0,0,0,0,0,0,0,0,0,0,0,0,0,0,0,0,0,0,0,0,0,0,0,0,0,,,0,0,0,0,0,0,0,0,0,0,0,0,,,,0,0,0,0,0,0,0,,0,0,0,0,,-0.1,-0.1
00-0036930,L.Young,Landon Young,OT,OL,"https://static.www.nfl.com/image/upload/f_auto,q_auto/league/xdlyslqtyq9dgyvhj9sw",2023,REG,NO,1,0,0,0,0,0,0,0,0,0,0,0,0,,,0,,0,0,0,0,0,0,,0,0,0,0,0,0,0,0,0,0,,0,,0,0,0,0,0,0,0,0,0,0,0,0,0,0,0,0,0,0,0,0,0,0,0,0,0,1,10,0,0,0,0,0,0,0,0,,,0,0,0,0,0,0,0,0,0,0,0,0,,,,0,0,0,0,0,0,0,,0,0,0,0,,0,0
00-0036932,M.Parsons,Micah Parsons,DE,DL,"https://static.www.nfl.com/image/upload/f_auto,q_auto/league/igbkpnpsezgrvngnf5ck",2023,REG,DAL,16,0,0,0,0,0,0,0,0,0,0,0,0,,,0,,0,0,0,0,0,0,,0,0,0,0,0,0,0,0,0,0,,0,,0,0,0,0,28,8,28,16,111,1,14,115,33,0,0,2,0,0,0,0,0,0,1,1,0,6,29,0,0,0,0,0,0,0,0,,,0,0,0,0,0,0,0,0,0,0,0,0,,,,0,0,0,0,0,0,0,,0,0,0,0,,0,0
00-0036933,Z.Collins,Zaven Collins,LB,LB,"https://static.www.nfl.com/image/upload/f_auto,q_auto/league/kyzjrpamx2gfuumvpxai",2023,REG,ARI,17,0,0,0,0,0,0,0,0,0,0,0,0,,,0,,0,0,0,0,0,0,,0,0,0,0,0,0,0,0,0,0,,0,,0,0,0,0,19,8,14,4,31,0,3.5,30.5,6,1,1,3,0,0,0,0,0,0,1,1,0,0,0,0,0,0,0,0,0,0,0,,,0,0,0,0,0,0,0,0,0,0,0,0,,,,0,0,0,0,0,0,0,,0,0,0,0,,0,0
00-0036934,J.Phillips,Jaelan Phillips,LB,LB,"https://static.www.nfl.com/image/upload/f_auto,q_auto/league/etpp0zmoctw8uweix07f",2023,REG,MIA,8,0,0,0,0,0,0,0,0,0,0,0,0,,,0,,0,0,0,0,0,0,,0,0,0,0,0,0,0,0,0,0,,0,,0,0,0,0,23,5,15,7,39,0,6.5,36.5,11,1,5,2,0,0,0,0,0,0,0,0,0,0,0,0,0,0,0,0,0,0,0,,,0,0,0,0,0,0,0,0,0,0,0,0,,,,0,0,0,0,0,0,0,,0,0,0,0,,0,0
00-0036935,K.Joseph,Kelvin Joseph,CB,DB,"https://static.www.nfl.com/image/upload/f_auto,q_auto/league/mdrpjtcjzd8gfzuwuy8r",2023,REG,SEA,3,0,0,0,0,0,0,0,0,0,0,0,0,,,0,,0,0,0,0,0,0,,0,0,0,0,0,0,0,0,0,0,,0,,0,0,0,0,3,0,0,0,0,0,0,0,0,0,0,0,0,0,0,0,0,0,0,0,0,0,0,0,0,0,0,0,0,0,0,,,0,0,0,0,0,0,0,0,0,0,0,0,,,,0,0,0,0,0,0,0,,0,0,0,0,,0,0
00-0036936,R.Moore,Rondale Moore,WR,WR,"https://static.www.nfl.com/image/upload/f_auto,q_auto/league/v9s3rloekxbv6seesizb",2023,REG,ARI,17,0,0,0,0,0,0,0,0,0,0,0,0,,,0,,28,178,1,0,0,6,0.948192097072024,0,40,62,352,1,1,0,322,216,17,-4.29601392434738,0,1.09316770186335,0.114814814814815,0.0769230769230769,0.226068376068376,0,1,0,0,0,0,0,0,0,0,0,0,0,0,0,0,0,2,2,0,0,0,0,0,1,11,0,0,0,0,0,0,,,0,0,0,0,0,0,0,0,0,0,0,0,,,,0,0,0,0,0,0,0,,0,0,0,0,,65,105
00-0036937,P.Adebo,Paulson Adebo,CB,DB,"https://static.www.nfl.com/image/upload/f_auto,q_auto/league/syndlzqvjmmeplufohl8",2023,REG,NO,15,0,0,0,0,0,0,0,0,0,0,0,0,,,0,,0,0,0,0,0,0,,0,0,0,0,0,0,0,0,0,0,,0,,0,0,0,0,51,9,16,0,0,2,0,0,0,4,32,18,0,0,0,0,0,0,2,2,0,7,92,0,0,0,0,0,0,0,0,,,0,0,0,0,0,0,0,0,0,0,0,0,,,,0,0,0,0,0,0,0,,0,0,0,0,,0,0
00-0036938,R.Weaver,Rashad Weaver,LB,LB,"https://static.www.nfl.com/image/upload/f_auto,q_auto/league/vt5dzhhhkf7aus8yofpf",2023,REG,TEN,10,0,0,0,0,0,0,0,0,0,0,0,0,,,0,,0,0,0,0,0,0,,0,0,0,0,0,0,0,0,0,0,,0,,0,0,0,0,10,1,9,3,16,0,0,0,0,0,0,1,0,0,0,0,0,0,0,0,0,0,0,0,0,0,0,0,0,0,0,,,0,0,0,0,0,0,0,0,0,0,0,0,,,,0,0,0,0,0,0,0,,0,0,0,0,,0,0
00-0036940,O.Oweh,Odafe Oweh,LB,LB,"https://static.www.nfl.com/image/upload/f_auto,q_auto/league/xjfiyufnofknncgkmbyy",2023,REG,BAL,11,0,0,0,0,0,0,0,0,0,0,0,0,,,0,,0,0,0,0,0,0,,0,0,0,0,0,0,0,0,0,0,,0,,0,0,0,0,15,5,3,4,19,2,5,32,12,0,0,0,0,0,0,0,0,0,0,0,0,3,22,0,0,0,0,0,0,0,0,,,0,0,0,0,0,0,0,0,0,0,0,0,,,,0,0,0,0,0,0,0,,0,0,0,0,,0,0
00-0036941,A.Cisco,Andre Cisco,SAF,DB,"https://static.www.nfl.com/image/upload/f_auto,q_auto/league/sdk8jvmv30mvetujj7bs",2023,REG,JAX,15,0,0,0,0,0,0,0,0,0,0,0,0,,,0,,0,0,0,0,0,0,,0,0,0,0,0,0,0,0,0,0,,0,,0,0,0,0,35,7,20,1,1,1,0.5,3.5,1,4,68,5,0,1,0,0,0,0,0,0,0,2,30,0,0,0,0,0,0,0,0,,,0,0,0,0,0,0,0,0,0,0,0,0,,,,0,0,0,0,0,0,0,,0,0,0,0,,0,0
00-0036942,O.Odighizuwa,Osa Odighizuwa,DT,DL,"https://static.www.nfl.com/image/upload/f_auto,q_auto/league/xjx8vxlafv4i0hmvtrje",2023,REG,DAL,16,0,0,0,0,0,0,0,0,0,0,0,0,,,0,,0,0,0,0,0,0,,0,0,0,0,0,0,0,0,0,0,,0,,0,0,0,0,15,11,20,8,37,0,3,18,13,0,0,0,0,0,0,0,0,0,0,0,0,2,6,0,0,0,0,0,0,0,0,,,0,0,0,0,0,0,0,0,0,0,0,0,,,,0,0,0,0,0,0,0,,0,0,0,0,,0,0
00-0036943,M.Fraboni,Mitchell Fraboni,LS,SPEC,"https://static.www.nfl.com/image/upload/f_auto,q_auto/league/csvbeqtitr9ixpgdt0fu",2023,REG,DEN,6,0,0,0,0,0,0,0,0,0,0,0,0,,,0,,0,0,0,0,0,0,,0,0,0,0,0,0,0,0,0,0,,0,,0,0,0,0,2,0,4,0,0,1,0,0,0,0,0,0,0,0,0,0,0,0,0,0,0,0,0,0,0,0,0,0,0,0,0,,,0,0,0,0,0,0,0,0,0,0,0,0,,,,0,0,0,0,0,0,0,,0,0,0,0,,0,0
00-0036944,J.Horn,Jaycee Horn,CB,DB,"https://static.www.nfl.com/image/upload/f_auto,q_auto/league/lvqdczrm0ebvb8m3n5fu",2023,REG,CAR,6,0,0,0,0,0,0,0,0,0,0,0,0,,,0,,0,0,0,0,0,0,,0,0,0,0,0,0,0,0,0,0,,0,,0,0,0,0,17,3,7,0,0,0,0,0,0,0,0,5,0,0,0,0,0,0,0,0,0,0,0,0,0,0,0,0,0,0,0,,,0,0,0,0,0,0,0,0,0,0,0,0,,,,0,0,0,0,0,0,0,,0,0,0,0,,0,0
00-0036945,J.Fields,Justin Fields,QB,QB,"https://static.www.nfl.com/image/upload/f_auto,q_auto/league/fbteankooq2c33yquq2j",2023,REG,CHI,13,227,370,2562,16,9,44,-285,7,3,2961,1224,121,-38.1904767138459,0.792793191112248,0,0.865248226950355,124,657,4,3,1,44,25.8147520918759,0,0,0,0,0,0,0,0,0,0,,0,,0,0,0,0,0,0,0,0,0,0,0,0,0,0,0,0,0,0,0,0,1,2,0,0,0,1,11,0,0,0,0,0,0,0,0,,,0,0,0,0,0,0,0,0,0,0,0,0,,,,0,0,0,0,0,0,0,,0,0,0,0,,230.18,230.18
00-0036947,J.Mayfield,Jalen Mayfield,OT,OL,"https://static.www.nfl.com/image/upload/f_auto,q_auto/league/fxz80fliscm47ruoytmh",2023,REG,NYG,1,0,0,0,0,0,0,0,0,0,0,0,0,,,0,,0,0,0,0,0,0,,0,0,0,0,0,0,0,0,0,0,,0,,0,0,0,0,0,0,0,0,0,0,0,0,0,0,0,0,0,0,0,0,0,0,0,0,0,2,18,0,0,0,0,0,0,0,0,,,0,0,0,0,0,0,0,0,0,0,0,0,,,,0,0,0,0,0,0,0,,0,0,0,0,,0,0
00-0036948,T.Graham,Ta'Quon Graham,DT,DL,"https://static.www.nfl.com/image/upload/f_auto,q_auto/league/guxpxgrm0ulryqybspna",2023,REG,ATL,13,0,0,0,0,0,0,0,0,0,0,0,0,,,0,,0,0,0,0,0,0,,0,0,0,0,0,0,0,0,0,0,,0,,0,0,0,0,4,2,17,1,2,1,1,6,2,0,0,0,0,0,0,0,0,0,0,0,0,1,5,0,0,0,0,0,0,0,0,,,0,0,0,0,0,0,0,0,0,0,0,0,,,,0,0,0,0,0,0,0,,0,0,0,0,,0,0
00-0036952,J.Cooper,Jonathon Cooper,LB,LB,"https://static.www.nfl.com/image/upload/f_auto,q_auto/league/rzjdnsaz0sfs9v4xetov",2023,REG,DEN,17,0,0,0,0,0,0,0,0,0,0,0,0,,,0,,0,0,0,0,0,0,,0,0,0,0,0,0,0,0,0,0,,0,,0,0,0,0,34,10,28,7,45,1,8.5,65.5,13,1,4,2,0,0,0,0,0,0,2,2,1,2,20,0,0,0,0,0,0,0,0,,,0,0,0,0,0,0,0,0,0,0,0,0,,,,0,0,0,0,0,0,0,,0,0,0,0,,0,0
00-0036953,T.Jenkins,Teven Jenkins,G,OL,"https://static.www.nfl.com/image/upload/f_auto,q_auto/league/i0oiehuaelpnrtrlfmfl",2023,REG,CHI,3,0,0,0,0,0,0,0,0,0,0,0,0,,,0,,0,0,0,0,0,0,,0,0,0,0,0,0,0,0,0,0,,0,,0,0,0,0,0,0,0,0,0,0,0,0,0,0,0,0,0,0,0,0,1,1,0,0,0,3,24,0,0,0,0,0,0,0,0,,,0,0,0,0,0,0,0,0,0,0,0,0,,,,0,0,0,0,0,0,0,,0,0,0,0,,0,0
00-0036954,L.Onwuzurike,Levi Onwuzurike,DT,DL,"https://static.www.nfl.com/image/upload/f_auto,q_auto/league/tcn8qpvseaumyfvt8ty3",2023,REG,DET,6,0,0,0,0,0,0,0,0,0,0,0,0,,,0,,0,0,0,0,0,0,,0,0,0,0,0,0,0,0,0,0,,0,,0,0,0,0,4,0,1,1,11,0,1,11,2,0,0,0,0,0,0,0,0,0,0,0,0,0,0,0,0,0,0,0,0,0,0,,,0,0,0,0,0,0,0,0,0,0,0,0,,,,0,0,0,0,0,0,0,,0,0,0,0,,0,0
00-0036955,T.Marshall,Terrace Marshall Jr.,WR,WR,"https://static.www.nfl.com/image/upload/f_auto,q_auto/league/a2yarai1371wellve3nq",2023,REG,CAR,8,0,0,0,0,0,0,0,0,0,0,0,0,,,0,,0,0,0,0,0,0,,0,19,33,139,0,1,0,238,48,8,-7.20890952675029,0,0.584033613445378,0.0617977528089888,0.0531012940651495,0.129867535059088,0,1,0,0,0,0,0,0,0,0,0,0,0,0,0,0,0,1,1,0,0,0,1,5,0,0,0,0,0,0,0,0,,,0,0,0,0,0,0,0,0,0,0,0,0,,,,0,0,0,0,0,0,0,,0,0,0,0,,13.9,32.9
00-0036957,D.Dalman,Drew Dalman,C,OL,"https://static.www.nfl.com/image/upload/f_auto,q_auto/league/dbs2xvntmad015bo7qxe",2023,REG,ATL,3,0,0,0,0,0,0,0,0,0,0,0,0,,,0,,0,0,0,0,0,0,,0,0,0,0,0,0,0,0,0,0,,0,,0,0,0,0,0,0,1,0,0,0,0,0,0,0,0,0,0,0,0,0,0,0,0,0,0,2,20,0,0,0,0,0,0,0,0,,,0,0,0,0,0,0,0,0,0,0,0,0,,,,0,0,0,0,0,0,0,,0,0,0,0,,0,0
00-0036959,M.Bandy,Michael Bandy,WR,WR,"https://static.www.nfl.com/image/upload/f_auto,q_auto/league/chfu1cqtulkawqq1mulx",2023,REG,DEN,1,0,0,0,0,0,0,0,0,0,0,0,0,,,0,,0,0,0,0,0,0,,0,0,0,0,0,0,0,0,0,0,,0,,0,0,0,0,0,0,0,0,0,0,0,0,0,0,0,0,0,0,0,0,0,0,0,0,0,0,0,0,0,0,0,0,0,0,0,,,0,0,0,0,0,0,0,0,0,0,0,0,,,,0,0,0,0,0,0,0,,0,0,0,0,,0,0
00-0036961,R.Grant,Richie Grant,SAF,DB,"https://static.www.nfl.com/image/upload/f_auto,q_auto/league/hzzmvmlmkqe6sn4g1d4j",2023,REG,ATL,17,0,0,0,0,0,0,0,0,0,0,0,0,,,0,,0,0,0,0,0,0,,0,0,0,0,0,0,0,0,0,0,,0,,0,0,0,0,59,7,37,2,19,2,3,19,5,1,4,6,0,0,0,0,0,0,0,0,0,0,0,0,0,0,0,0,0,0,0,,,0,0,0,0,0,0,0,0,0,0,0,0,,,,0,0,0,0,0,0,0,,0,0,0,0,,0,0
00-0036962,T.Moehrig,Tre'von Moehrig,SAF,DB,"https://static.www.nfl.com/image/upload/f_auto,q_auto/league/cyprwi2vzj1a3oitgseo",2023,REG,LV,17,0,0,0,0,0,0,0,0,0,0,0,0,,,0,,0,0,0,0,0,0,,0,0,0,0,0,0,0,0,0,0,,0,,0,0,0,0,54,11,18,1,13,0,2,13,2,3,41,8,0,0,0,0,0,0,0,0,0,0,0,0,0,0,0,0,0,0,0,,,0,0,0,0,0,0,0,0,0,0,0,0,,,,0,0,0,0,0,0,0,,0,0,0,0,,0,0
00-0036963,A.St. Brown,Amon-Ra St. Brown,WR,WR,"https://static.www.nfl.com/image/upload/f_auto,q_auto/league/fd8nwhm6pvxfyzphzl6i",2023,REG,DET,16,0,0,0,0,0,1,-8,0,0,0,0,0,-1.97457417356782,,0,,4,24,0,0,0,2,1.2350343442522,0,119,164,1515,10,1,1,1271,668,75,71.3439331420671,0,1.19197482297404,0.285714285714286,0.311062163485071,0.646314943010978,0,2,0,2,0,0,1,0,0,0,0,0,0,0,0,0,0,0,0,0,0,0,1,10,0,0,0,0,0,0,0,0,,,0,0,0,0,0,0,0,0,0,0,0,0,,,,0,0,0,0,0,0,0,,0,0,0,0,,211.9,330.9
00-0036964,D.Barnes,Derrick Barnes,LB,LB,"https://static.www.nfl.com/image/upload/f_auto,q_auto/league/jksvb5xfttcodlgvlyjo",2023,REG,DET,16,0,0,0,0,0,0,0,0,0,0,0,0,,,0,,0,0,0,0,0,0,,0,0,0,0,0,0,0,0,0,0,,0,,0,0,0,0,37,5,39,4,18,1,1,12,5,0,0,0,0,0,0,0,0,0,0,0,0,0,0,0,0,0,0,0,0,0,0,,,0,0,0,0,0,0,0,0,0,0,0,0,,,,0,0,0,0,0,0,0,,0,0,0,0,,0,0
00-0036967,J.Tryon,Joe Tryon-Shoyinka,DE,DL,"https://static.www.nfl.com/image/upload/f_auto,q_auto/league/it6wkxysejicc83azqkd",2023,REG,TB,16,0,0,0,0,0,0,0,0,0,0,0,0,,,0,,0,0,0,0,0,0,,0,0,0,0,0,0,0,0,0,0,,0,,0,0,0,0,20,8,17,6,36,1,5,39,7,0,0,1,0,0,0,0,0,0,1,1,0,5,31,0,0,0,0,0,0,0,0,,,0,0,0,0,0,0,0,0,0,0,0,0,,,,0,0,0,0,0,0,0,,0,0,0,0,,0,0
00-0036970,K.Pitts,Kyle Pitts,TE,TE,"https://static.www.nfl.com/image/upload/f_auto,q_auto/league/tbec213me3pszzszecqo",2023,REG,ATL,17,0,0,0,0,0,0,0,0,0,0,0,0,,,0,,1,-4,0,0,0,0,-1.65120376320556,0,53,90,667,3,0,0,1029,134,35,17.3775567942668,0,0.648202137998056,0.177165354330709,0.236823935558113,0.431524786386742,0,2,0,0,0,0,0,0,0,0,0,0,0,0,0,0,0,0,0,0,0,0,2,15,0,0,0,0,0,0,0,0,,,0,0,0,0,0,0,0,0,0,0,0,0,,,,0,0,0,0,0,0,0,,0,0,0,0,,84.3,137.3
00-0036971,T.Lawrence,Trevor Lawrence,QB,QB,"https://static.www.nfl.com/image/upload/f_auto,q_auto/league/d75srntioly7fq0z8vip",2023,REG,JAX,16,370,564,4016,21,14,35,-224,8,5,4613,1778,179,-0.063686143732318,0.90325108418862,1,0.870583134619553,70,339,4,3,2,26,1.38924204823232,0,0,0,0,0,0,0,0,0,0,,0,,0,0,0,0,1,0,0,0,0,0,0,0,0,0,0,0,0,0,0,0,3,5,0,0,0,2,30,0,0,0,0,0,0,0,0,,,0,0,0,0,0,0,0,0,0,0,0,0,,,,0,0,0,0,0,0,0,,0,0,0,0,,262.54,262.54
00-0036972,M.Jones,Mac Jones,QB,QB,"https://static.www.nfl.com/image/upload/f_auto,q_auto/league/v5sg1z9qvdpjeapblndz",2023,REG,NE,11,224,345,2120,10,12,22,-127,2,1,2410,1211,100,-54.7016012815912,-2.89277357865224,0,0.879668049792531,26,96,0,1,1,12,-5.37046359783764,0,0,0,0,0,0,0,0,0,0,,0,,0,0,0,0,0,0,1,0,0,0,0,0,0,0,0,0,0,0,0,0,0,1,0,0,0,0,0,0,0,0,0,0,0,0,0,,,0,0,0,0,0,0,0,0,0,0,0,0,,,,0,0,0,0,0,0,0,,0,0,0,0,,106.4,106.4
00-0036973,T.Etienne,Travis Etienne,RB,RB,"https://static.www.nfl.com/image/upload/f_auto,q_auto/league/gc0iljgj34piecyfueyd",2023,REG,JAX,17,0,0,0,0,0,0,0,0,0,0,0,0,,,0,,267,1008,11,0,0,53,-32.6885888526717,2,58,73,476,1,0,0,-67,523,23,9.62261076419912,0,-7.1044776119403,0.120263591433278,-0.0134511142340895,0.170979607186055,0,2,0,0,0,0,0,0,0,0,0,0,0,0,0,0,0,0,0,0,0,0,1,5,0,0,0,0,0,0,0,0,,,0,0,0,0,0,0,0,0,0,0,0,0,,,,0,0,0,0,0,0,0,,0,0,0,0,,224.4,282.4
00-0036974,Ty.Campbell,Tyson Campbell,CB,DB,"https://static.www.nfl.com/image/upload/f_auto,q_auto/league/qhtmkkoqakioplm2vfrw",2023,REG,JAX,11,0,0,0,0,0,0,0,0,0,0,0,0,,,0,,0,0,0,0,0,0,,0,0,0,0,0,0,0,0,0,0,,0,,0,0,0,0,37,5,19,2,5,1,0,0,0,1,0,5,0,0,0,0,0,0,0,0,0,1,5,0,0,0,0,0,0,0,0,,,0,0,0,0,0,0,0,0,0,0,0,0,,,,0,0,0,0,0,0,0,,0,0,0,0,,0,0
00-0036975,W.Little,Walker Little,OT,OL,"https://static.www.nfl.com/image/upload/f_auto,q_auto/league/rcvi4hvhzassjkeya7z9",2023,REG,JAX,4,0,0,0,0,0,0,0,0,0,0,0,0,,,0,,0,0,0,0,0,0,,0,0,0,0,0,0,0,0,0,0,,0,,0,0,0,0,0,0,0,0,0,0,0,0,0,0,0,0,0,0,0,0,0,0,0,0,0,7,50,0,0,0,0,0,0,0,0,,,0,0,0,0,0,0,0,0,0,0,0,0,,,,0,0,0,0,0,0,0,,0,0,0,0,,0,0
00-0036976,S.Brown,Spencer Brown,OT,OL,"https://static.www.nfl.com/image/upload/f_auto,q_auto/league/q2lsfuxunzzgso9rtldu",2023,REG,BUF,7,0,0,0,0,0,0,0,0,0,0,0,0,,,0,,0,0,0,0,0,0,,0,0,0,0,0,0,0,0,0,0,,0,,0,0,0,0,0,0,0,0,0,0,0,0,0,0,0,0,0,0,0,0,0,0,0,0,0,7,55,0,0,0,0,0,0,0,0,,,0,0,0,0,0,0,0,0,0,0,0,0,,,,0,0,0,0,0,0,0,,0,0,0,0,,0,0
00-0036977,B.Cleveland,Ben Cleveland,G,OL,"https://static.www.nfl.com/image/upload/f_auto,q_auto/league/y36gxknbgsy3gt9wwzbl",2023,REG,BAL,1,0,0,0,0,0,0,0,0,0,0,0,0,,,0,,0,0,0,0,0,0,,0,0,0,0,0,0,0,0,0,0,,0,,0,0,0,0,0,0,0,0,0,0,0,0,0,0,0,0,0,0,0,0,0,0,0,0,0,1,5,0,0,0,0,0,0,0,0,,,0,0,0,0,0,0,0,0,0,0,0,0,,,,0,0,0,0,0,0,0,,0,0,0,0,,0,0
00-0036978,R.Perkins,Ronnie Perkins,LB,LB,"https://static.www.nfl.com/image/upload/f_auto,q_auto/league/llkcfiijnugusu8gdgr4",2023,REG,DEN,7,0,0,0,0,0,0,0,0,0,0,0,0,,,0,,0,0,0,0,0,0,,0,0,0,0,0,0,0,0,0,0,,0,,0,0,0,0,6,3,4,1,2,0,0,0,1,0,0,0,0,0,0,0,0,0,0,0,0,1,5,0,0,0,0,0,0,0,0,,,0,0,0,0,0,0,0,0,0,0,0,0,,,,0,0,0,0,0,0,0,,0,0,0,0,,0,0
00-0036979,A.Vera-Tucker,Alijah Vera-Tucker,G,OL,"https://static.www.nfl.com/image/upload/f_auto,q_auto/league/ybjzt1nrjtnflpjhnirs",2023,REG,NYJ,1,0,0,0,0,0,0,0,0,0,0,0,0,,,0,,0,0,0,0,0,0,,0,0,0,0,0,0,0,0,0,0,,0,,0,0,0,0,0,0,0,0,0,0,0,0,0,0,0,0,0,0,0,0,0,0,0,0,0,1,5,0,0,0,0,0,0,0,0,,,0,0,0,0,0,0,0,0,0,0,0,0,,,,0,0,0,0,0,0,0,,0,0,0,0,,0,0
00-0036980,E.Moore,Elijah Moore,WR,WR,"https://static.www.nfl.com/image/upload/f_auto,q_auto/league/hglegw8qqnvb8fghc8cq",2023,REG,CLE,16,0,0,0,0,0,0,0,0,0,0,0,0,,,0,,9,11,0,1,1,3,-10.2629560535424,0,59,104,640,2,1,1,1155,191,29,-1.74874023357779,0,0.554112554112554,0.174204355108878,0.217965653896962,0.41388249039119,0,2,0,0,0,0,0,0,0,0,0,0,0,0,0,0,0,1,2,0,0,0,1,10,2,23,0,0,0,0,0,0,,,0,0,0,0,0,0,0,0,0,0,0,0,,,,0,0,0,0,0,0,0,,0,0,0,0,,73.1,132.1
00-0036981,C.Barmore,Christian Barmore,DT,DL,"https://static.www.nfl.com/image/upload/f_auto,q_auto/league/r2qnczxwkpqhk8is5jkv",2023,REG,NE,17,0,0,0,0,0,0,0,0,0,0,0,0,,,0,,0,0,0,0,0,0,,0,0,0,0,0,0,0,0,0,0,,0,,0,0,0,0,34,5,25,11,62,1,8.5,60.5,16,0,0,6,0,0,0,0,0,0,0,0,0,2,30,0,0,0,0,0,0,0,0,,,0,0,0,0,0,0,0,0,0,0,0,0,,,,0,0,0,0,0,0,0,,0,0,0,0,,0,0
00-0036982,C.Golston,Chauncey Golston,DE,DL,"https://static.www.nfl.com/image/upload/f_auto,q_auto/league/sxmy7rxufyanqn2mpsba",2023,REG,DAL,14,0,0,0,0,0,0,0,0,0,0,0,0,,,0,,0,0,0,0,0,0,,0,0,0,0,0,0,0,0,0,0,1.053,1,,0,0,0,0,10,1,14,1,1,1,1.5,12,3,0,0,0,0,0,0,0,0,0,0,0,0,2,20,0,0,0,0,0,0,0,0,,,0,0,0,0,0,0,0,0,0,0,0,0,,,,0,0,0,0,0,0,0,,0,0,0,0,,2,2
00-0036983,K.Green,Kendrick Green,G,OL,"https://static.www.nfl.com/image/upload/f_auto,q_auto/league/b8rtjagcsjnnwczsin7u",2023,REG,HOU,1,0,0,0,0,0,0,0,0,0,0,0,0,,,0,,0,0,0,0,0,0,,0,0,0,0,0,0,0,0,0,0,,0,,0,0,0,0,0,0,0,0,0,0,0,0,0,0,0,0,0,0,0,0,0,0,0,0,0,1,10,0,0,0,0,0,0,0,0,,,0,0,0,0,0,0,0,0,0,0,0,0,,,,0,0,0,0,0,0,0,,0,0,0,0,,0,0
00-0036984,T.Sermon,Trey Sermon,RB,RB,"https://static.www.nfl.com/image/upload/f_auto,q_auto/league/eqhl3xiczodsyqlmsxvr",2023,REG,IND,8,0,0,0,0,0,0,0,0,0,0,0,0,,,0,,35,160,0,0,0,7,-1.11249512267622,0,3,6,13,0,0,0,11,6,0,-3.03990648639514,0,1.18181818181818,0.010989010989011,0.00258519388954172,0.0182931522061957,0,0,0,0,0,0,0,0,0,0,0,0,0,0,0,0,0,0,0,0,0,0,0,0,0,0,0,0,0,0,0,0,,,0,0,0,0,0,0,0,0,0,0,0,0,,,,0,0,0,0,0,0,0,,0,0,0,0,,17.3,20.3
00-0036985,R.Hainsey,Robert Hainsey,C,OL,"https://static.www.nfl.com/image/upload/f_auto,q_auto/league/gaphcunqg5idsedj7rjv",2023,REG,TB,9,0,0,0,0,0,0,0,0,0,0,0,0,,,0,,0,0,0,0,0,0,,0,0,0,-3,0,0,0,0,-3,0,,0,0,0,0,0,0,0,0,0,0,0,0,0,0,0,0,0,0,0,0,0,0,2,2,0,0,0,7,40,0,0,0,0,0,0,0,0,,,0,0,0,0,0,0,0,0,0,0,0,0,,,,0,0,0,0,0,0,0,,0,0,0,0,,-0.3,-0.3
00-0036986,N.Wright,Nahshon Wright,CB,DB,"https://static.www.nfl.com/image/upload/f_auto,q_auto/league/muwpbl5yr0o4yvkcxtu3",2023,REG,DAL,5,0,0,0,0,0,0,0,0,0,0,0,0,,,0,,0,0,0,0,0,0,,0,0,0,0,0,0,0,0,0,0,,0,,0,0,0,0,3,0,2,0,0,0,0,0,0,0,0,1,0,0,0,0,0,0,0,0,0,2,16,0,0,0,0,0,0,0,0,,,0,0,0,0,0,0,0,0,0,0,0,0,,,,0,0,0,0,0,0,0,,0,0,0,0,,0,0
00-0036987,B.Stephens,Brandon Stephens,CB,DB,"https://static.www.nfl.com/image/upload/f_auto,q_auto/league/xvwpf9u0s2yj7ldppaen",2023,REG,BAL,16,0,0,0,0,0,0,0,0,0,0,0,0,,,0,,0,0,0,0,0,0,,0,0,0,0,0,0,0,0,0,0,,0,,0,0,0,0,53,4,17,2,3,0,0,0,0,2,56,11,0,0,0,0,0,0,0,0,0,4,74,0,0,0,0,0,0,0,0,,,0,0,0,0,0,0,0,0,0,0,0,0,,,,0,0,0,0,0,0,0,,0,0,0,0,,0,0
00-0036988,J.Palmer,Josh Palmer,WR,WR,"https://static.www.nfl.com/image/upload/f_auto,q_auto/league/woswdfrtxnsfgzsjvsxx",2023,REG,LAC,10,0,0,0,0,0,0,0,0,0,0,0,0,,,0,,1,6,0,0,0,0,0.22556858509779,0,38,61,581,2,1,1,693,196,22,8.45443665769036,0,0.838383838383838,0.0993485342019544,0.14641876188464,0.251515934622179,0,1,0,0,0,0,0,0,0,0,0,0,0,0,0,0,0,0,0,0,0,0,1,5,0,0,0,0,0,0,0,0,,,0,0,0,0,0,0,0,0,0,0,0,0,,,,0,0,0,0,0,0,0,,0,0,0,0,,68.7,106.7
00-0036989,M.Koonce,Malcolm Koonce,DE,DL,"https://static.www.nfl.com/image/upload/f_auto,q_auto/league/cujkqhjibrywjodwgfyp",2023,REG,LV,15,0,0,0,0,0,0,0,0,0,0,0,0,,,0,,0,0,0,0,0,0,,0,0,0,0,0,0,0,0,0,0,,0,,0,0,0,0,29,3,11,8,37,3,8,52,17,0,0,0,0,0,0,0,0,0,0,0,0,0,0,0,0,0,0,0,0,0,0,,,0,0,0,0,0,0,0,0,0,0,0,0,,,,0,0,0,0,0,0,0,,0,0,0,0,,0,0
00-0036990,D.Deablo,Divine Deablo,LB,LB,"https://static.www.nfl.com/image/upload/f_auto,q_auto/league/btw2sohcblkqvpsrctio",2023,REG,LV,15,0,0,0,0,0,0,0,0,0,0,0,0,,,0,,0,0,0,0,0,0,,0,0,0,0,0,0,0,0,0,0,,0,,0,0,0,0,55,10,41,3,19,0,1,7,2,0,0,2,0,0,0,0,0,0,1,1,0,1,15,0,0,0,0,0,0,0,0,,,0,0,0,0,0,0,0,0,0,0,0,0,,,,0,0,0,0,0,0,0,,0,0,0,0,,0,0
00-0036991,A.Rodgers,Amari Rodgers,WR,WR,"https://static.www.nfl.com/image/private/f_auto,q_auto/league/g85ohsk2pgbf7xz2f1a8",2023,REG,IND,1,0,0,0,0,0,0,0,0,0,0,0,0,,,0,,0,0,0,0,0,0,,0,0,2,0,0,0,0,30,0,0,-2.00355665071402,0,0,0.00366300366300366,0.00705052878965923,0.010429875647267,0,0,0,0,0,0,0,0,0,0,0,0,0,0,0,0,0,0,0,0,0,0,0,0,0,0,0,0,0,0,0,0,,,0,0,0,0,0,0,0,0,0,0,0,0,,,,0,0,0,0,0,0,0,,0,0,0,0,,0,0
00-0036992,E.Molden,Elijah Molden,CB,DB,"https://static.www.nfl.com/image/upload/f_auto,q_auto/league/yxq6pkgcvnln5riyonff",2023,REG,TEN,14,0,0,0,0,0,0,0,0,0,0,0,0,,,0,,0,0,0,0,0,0,,0,0,0,0,0,0,0,0,0,0,,0,,0,0,0,0,40,7,26,1,16,1,0,0,0,1,44,4,1,0,0,0,0,0,1,1,0,2,10,0,0,0,0,0,0,0,0,,,0,0,0,0,0,0,0,0,0,0,0,0,,,,0,0,0,0,0,0,0,,0,0,0,0,,0,0
00-0036993,I.Melifonwu,Ifeatu Melifonwu,SAF,DB,"https://static.www.nfl.com/image/upload/f_auto,q_auto/league/ftt7jc1nr0hmf1xmzyh2",2023,REG,DET,9,0,0,0,0,0,0,0,0,0,0,0,0,,,0,,0,0,0,0,0,0,,0,0,0,0,0,0,0,0,0,0,,0,,0,0,0,0,21,3,9,3,23,1,3,30,5,2,35,8,0,0,0,0,0,0,0,0,0,1,10,0,0,0,0,0,0,0,0,,,0,0,0,0,0,0,0,0,0,0,0,0,,,,0,0,0,0,0,0,0,,0,0,0,0,,0,0
00-0036994,E.Jones,Ernest Jones,LB,LB,"https://static.www.nfl.com/image/upload/f_auto,q_auto/league/zn0pz6okty7vbj5ryryt",2023,REG,LA,15,0,0,0,0,0,0,0,0,0,0,0,0,,,0,,0,0,0,0,0,0,,0,0,0,0,0,0,0,0,0,0,,0,,0,0,0,0,56,18,71,12,35,0,4.5,19.5,6,0,0,6,0,0,0,0,0,0,0,0,0,1,2,0,0,0,0,0,0,0,0,,,0,0,0,0,0,0,0,0,0,0,0,0,,,,0,0,0,0,0,0,0,,0,0,0,0,,0,0
00-0036995,B.Browning,Baron Browning,LB,LB,"https://static.www.nfl.com/image/upload/f_auto,q_auto/league/nd86rlr1op1wgkbpfcxv",2023,REG,DEN,10,0,0,0,0,0,0,0,0,0,0,0,0,,,0,,0,0,0,0,0,0,,0,0,0,0,0,0,0,0,0,0,,0,,0,0,0,0,14,5,6,3,17,2,4.5,28.5,9,0,0,2,0,0,0,0,0,0,0,0,0,4,29,0,0,0,0,0,0,0,0,,,0,0,0,0,0,0,0,0,0,0,0,0,,,,0,0,0,0,0,0,0,,0,0,0,0,,0,0
00-0036996,G.Newsome,Greg Newsome II,CB,DB,"https://static.www.nfl.com/image/upload/f_auto,q_auto/league/zyfy3onrys9i6ounvai8",2023,REG,CLE,14,0,0,0,0,0,0,0,0,0,0,0,0,,,0,,0,0,0,0,0,0,,0,0,0,0,0,0,0,0,0,0,,0,,0,0,0,0,30,4,15,4,10,0,0.5,2.5,1,2,34,14,1,0,0,0,0,0,0,0,0,3,54,0,0,0,0,0,0,0,0,,,0,0,0,0,0,0,0,0,0,0,0,0,,,,0,0,0,0,0,0,0,,0,0,0,0,,0,0
00-0036997,J.Williams,Javonte Williams,RB,RB,"https://static.www.nfl.com/image/upload/f_auto,q_auto/league/hwzske22c4wrlf27qrih",2023,REG,DEN,16,0,0,0,0,0,0,0,0,0,0,0,0,,,0,,217,774,3,0,0,42,-37.7981038689783,1,47,58,228,2,1,1,-99,301,10,-4.70279326457228,1,-2.3030303030303,0.121593291404612,-0.0263718700053277,0.163929628103189,0,0,0,0,0,0,0,0,0,0,0,0,0,0,0,0,0,0,0,0,0,0,1,10,0,0,0,0,0,0,0,0,,,0,0,0,0,0,0,0,0,0,0,0,0,,,,0,0,0,0,0,0,0,,0,0,0,0,,132.2,179.2
00-0036998,J.Holland,Jevon Holland,SAF,DB,"https://static.www.nfl.com/image/upload/f_auto,q_auto/league/zuvtkp7vhs3iqvpj9nen",2023,REG,MIA,12,0,0,0,0,0,0,0,0,0,0,0,0,,,0,,0,0,0,0,0,0,,0,0,0,0,0,0,0,0,0,0,,0,,0,0,0,0,44,8,22,2,10,3,0,0,0,1,99,4,1,0,0,0,0,0,1,1,0,0,0,0,0,0,0,0,0,0,0,,,0,0,0,0,0,0,0,0,0,0,0,0,,,,0,0,0,0,0,0,0,,0,0,0,0,,0,0
00-0037000,M.Rice,Monty Rice,LB,LB,"https://static.www.nfl.com/image/upload/f_auto,q_auto/league/rrcuqfoaipif1vrlobuz",2023,REG,TEN,10,0,0,0,0,0,0,0,0,0,0,0,0,,,0,,0,0,0,0,0,0,,0,0,0,0,0,0,0,0,0,0,,0,,0,0,0,0,11,3,12,0,0,0,0,0,1,0,0,0,0,0,0,0,0,0,0,0,0,2,15,0,0,0,0,0,0,0,0,,,0,0,0,0,0,0,0,0,0,0,0,0,,,,0,0,0,0,0,0,0,,0,0,0,0,,0,0
00-0037001,Q.Meinerz,Quinn Meinerz,G,OL,"https://static.www.nfl.com/image/upload/f_auto,q_auto/league/wataecqih21xww0giu06",2023,REG,DEN,4,0,0,0,0,0,0,0,0,0,0,0,0,,,0,,0,0,0,0,0,0,,0,0,0,0,0,0,0,0,0,0,,0,,0,0,0,0,1,0,0,0,0,0,0,0,0,0,0,0,0,0,0,0,1,1,0,0,0,4,29,0,0,0,0,0,0,0,0,,,0,0,0,0,0,0,0,0,0,0,0,0,,,,0,0,0,0,0,0,0,,0,0,0,0,,0,0
00-0037002,L.Dickerson,Landon Dickerson,G,OL,"https://static.www.nfl.com/image/upload/f_auto,q_auto/league/xmdowvfxum5huo9ahemm",2023,REG,PHI,7,0,0,0,0,0,0,0,0,0,0,0,0,,,0,,0,0,0,0,0,0,,0,0,0,0,0,0,0,0,0,0,,0,,0,0,0,0,1,0,0,0,0,0,0,0,0,0,0,0,0,0,0,0,0,0,0,0,0,7,39,0,0,0,0,0,0,0,0,,,0,0,0,0,0,0,0,0,0,0,0,0,,,,0,0,0,0,0,0,0,,0,0,0,0,,0,0
00-0037003,C.Surratt,Chazz Surratt,LB,LB,"https://static.www.nfl.com/image/upload/f_auto,q_auto/league/wvgrytpf6ymlzcmxcnch",2023,REG,NYJ,5,0,0,0,0,0,0,0,0,0,0,0,0,,,0,,0,0,0,0,0,0,,0,0,0,0,0,0,0,0,0,0,,0,,0,0,0,0,5,1,2,0,0,0,0,0,0,0,0,0,0,0,0,0,0,0,0,0,0,1,15,0,0,0,0,0,0,0,0,,,0,0,0,0,0,0,0,0,0,0,0,0,,,,0,0,0,0,0,0,0,,0,0,0,0,,0,0
00-0037004,H.Long,Hunter Long,TE,TE,"https://static.www.nfl.com/image/upload/f_auto,q_auto/league/n1kvmijdfpyv1dwlwqa6",2023,REG,LA,1,0,0,0,0,0,0,0,0,0,0,0,0,,,0,,0,0,0,0,0,0,,0,0,0,0,0,0,0,0,0,0,,0,,0,0,0,0,0,0,1,0,0,0,0,0,0,0,0,0,0,0,0,0,0,0,0,0,0,0,0,0,0,0,0,0,0,0,0,,,0,0,0,0,0,0,0,0,0,0,0,0,,,,0,0,0,0,0,0,0,,0,0,0,0,,0,0
00-0037005,T.Tremble,Tommy Tremble,TE,TE,"https://static.www.nfl.com/image/upload/f_auto,q_auto/league/j0atbeflgj05pldxfon6",2023,REG,CAR,15,0,0,0,0,0,0,0,0,0,0,0,0,,,0,,0,0,0,0,0,0,,0,23,32,194,3,0,0,204,95,10,2.10533442688757,0,0.950980392156863,0.0599250936329588,0.0455153949129853,0.121748416888528,0,3,0,1,0,0,0,0,0,0,0,0,0,0,0,0,0,1,1,0,0,0,3,16,0,0,0,0,0,0,0,0,,,0,0,0,0,0,0,0,0,0,0,0,0,,,,0,0,0,0,0,0,0,,0,0,0,0,,37.4,60.4
00-0037007,P.Jones,Patrick Jones II,LB,LB,"https://static.www.nfl.com/image/upload/f_auto,q_auto/league/yj0r18rgx7oishozdalv",2023,REG,MIN,13,0,0,0,0,0,0,0,0,0,0,0,0,,,0,,0,0,0,0,0,0,,0,0,0,0,0,0,0,0,0,0,,0,,0,0,0,0,19,3,10,4,17,0,1,11,8,0,0,0,0,0,0,0,0,0,0,0,0,2,20,0,0,0,0,0,0,0,0,,,0,0,0,0,0,0,0,0,0,0,0,0,,,,0,0,0,0,0,0,0,,0,0,0,0,,0,0
00-0037008,A.Thomas,Ambry Thomas,CB,DB,"https://static.www.nfl.com/image/upload/f_auto,q_auto/league/amjpcxjbfudtvtargzfa",2023,REG,SF,13,0,0,0,0,0,0,0,0,0,0,0,0,,,0,,0,0,0,0,0,0,,0,0,0,0,0,0,0,0,0,0,,0,,0,0,0,0,35,0,8,0,0,1,0,0,0,1,2,7,0,0,0,0,0,0,1,1,0,3,43,0,0,0,0,0,0,0,0,,,0,0,0,0,0,0,0,0,0,0,0,0,,,,0,0,0,0,0,0,0,,0,0,0,0,,0,0
00-0037009,R.Slater,Rashawn Slater,OT,OL,"https://static.www.nfl.com/image/upload/f_auto,q_auto/league/o3c6u8ug6sw7mpdeojqk",2023,REG,LAC,8,0,0,0,0,0,0,0,0,0,0,0,0,,,0,,0,0,0,0,0,0,,0,0,0,0,0,0,0,0,0,0,,0,,0,0,0,0,1,0,1,0,0,0,0,0,0,0,0,0,0,0,0,0,0,0,0,0,0,7,69,0,0,0,0,0,0,0,0,,,0,0,0,0,0,0,0,0,0,0,0,0,,,,0,0,0,0,0,0,0,,0,0,0,0,,0,0
00-0037010,L.Eichenberg,Liam Eichenberg,OT,OL,"https://static.www.nfl.com/image/upload/f_auto,q_auto/league/q1witqmianbqxz4lmtur",2023,REG,MIA,5,0,0,0,0,0,0,0,0,0,0,0,0,,,0,,0,0,0,0,0,0,,0,0,0,0,0,0,0,0,0,0,,0,,0,0,0,0,1,0,0,0,0,0,0,0,0,0,0,0,0,0,0,0,0,0,0,0,0,5,45,0,0,0,0,0,0,0,0,,,0,0,0,0,0,0,0,0,0,0,0,0,,,,0,0,0,0,0,0,0,,0,0,0,0,,0,0
00-0037011,T.McKitty,Tre' McKitty,TE,TE,"https://static.www.nfl.com/image/upload/f_auto,q_auto/league/hcsuglnch88wtxp9emcv",2023,REG,LAC,1,0,0,0,0,0,0,0,0,0,0,0,0,,,0,,0,0,0,0,0,0,,0,0,0,0,0,0,0,0,0,0,,0,,0,0,0,0,0,0,0,0,0,0,0,0,0,0,0,0,0,0,0,0,0,0,0,0,0,1,10,0,0,0,0,0,0,0,0,,,0,0,0,0,0,0,0,0,0,0,0,0,,,,0,0,0,0,0,0,0,,0,0,0,0,,0,0
00-0037013,Z.Wilson,Zach Wilson,QB,QB,"https://static.www.nfl.com/image/upload/f_auto,q_auto/league/i17xpbsar7evcypbhtel",2023,REG,NYJ,12,221,368,2271,8,7,46,-340,7,4,2672,1113,104,-101.194151591588,-3.12737126565883,1,0.849925149700599,36,211,0,4,3,10,-16.8575269966512,1,0,0,0,0,0,0,0,0,0,,0,,0,0,0,0,1,0,0,0,0,0,0,0,0,0,0,0,0,0,0,0,1,4,0,0,0,1,10,0,0,0,0,0,0,0,0,,,0,0,0,0,0,0,0,0,0,0,0,0,,,,0,0,0,0,0,0,0,,0,0,0,0,,119.94,119.94
00-0037034,D.Alford,Dee Alford,CB,DB,"https://static.www.nfl.com/image/upload/f_auto,q_auto/league/ekj8kwdcwmajijqt1ce2",2023,REG,ATL,14,0,0,0,0,0,0,0,0,0,0,0,0,,,0,,0,0,0,0,0,0,,0,0,0,0,0,0,0,0,0,0,,0,,0,0,0,0,22,3,16,2,6,0,0,0,0,0,0,6,0,3,0,96,1,1,1,1,0,4,45,20,160,2,13,0,0,0,0,,,0,0,0,0,0,0,0,0,0,0,0,0,,,,0,0,0,0,0,0,0,,0,0,0,0,,0,0
00-0037039,D.Allen,Devon Allen,WR,WR,"https://static.www.nfl.com/image/private/f_auto,q_auto/league/tilktuhfb5feav8gwtdn",2023,REG,PHI,1,0,0,0,0,0,0,0,0,0,0,0,0,,,0,,0,0,0,0,0,0,,0,0,0,0,0,0,0,0,0,0,,0,,0,0,0,0,0,0,0,0,0,0,0,0,0,0,0,0,0,0,0,0,0,0,0,0,0,0,0,0,0,1,17,0,0,0,0,,,0,0,0,0,0,0,0,0,0,0,0,0,,,,0,0,0,0,0,0,0,,0,0,0,0,,0,0
00-0037043,A.Barno,Amare Barno,LB,LB,"https://static.www.nfl.com/image/upload/f_auto,q_auto/league/nsjj3aui2wuogyxgtvlm",2023,REG,CAR,10,0,0,0,0,0,0,0,0,0,0,0,0,,,0,,0,0,0,0,0,0,,0,0,0,0,0,0,0,0,0,0,,0,,0,0,0,0,10,3,8,0,0,0,0,0,0,0,0,0,0,0,0,0,0,0,0,0,0,1,15,0,0,0,0,0,0,0,0,,,0,0,0,0,0,0,0,0,0,0,0,0,,,,0,0,0,0,0,0,0,,0,0,0,0,,0,0
00-0037051,E.Garcia,Elijah Garcia,DE,DL,"https://static.www.nfl.com/image/upload/f_auto,q_auto/league/mdhtfrrfmfeop2secu2c",2023,REG,DEN,3,0,0,0,0,0,0,0,0,0,0,0,0,,,0,,0,0,0,0,0,0,,0,0,0,0,0,0,0,0,0,0,,0,,0,0,0,0,1,0,3,0,0,1,1,4,1,0,0,0,0,0,0,0,0,0,0,0,0,0,0,0,0,0,0,0,0,0,0,,,0,0,0,0,0,0,0,0,0,0,0,0,,,,0,0,0,0,0,0,0,,0,0,0,0,,0,0
00-0037057,K.Thomas,Keir Thomas,LB,LB,"https://static.www.nfl.com/image/upload/f_auto,q_auto/league/wtzpz7bs64wypd4sgrya",2023,REG,LA,6,0,0,0,0,0,0,0,0,0,0,0,0,,,0,,0,0,0,0,0,0,,0,0,0,0,0,0,0,0,0,0,,0,,0,0,0,0,2,1,3,0,0,0,0,0,2,0,0,0,0,0,0,0,0,0,0,0,0,1,5,0,0,0,0,0,0,0,0,,,0,0,0,0,0,0,0,0,0,0,0,0,,,,0,0,0,0,0,0,0,,0,0,0,0,,0,0
00-0037073,J.Davis,Jordan Davis,DT,DL,"https://static.www.nfl.com/image/upload/f_auto,q_auto/league/tcepyh61e1ct4vhdeaer",2023,REG,PHI,16,0,0,0,0,0,0,0,0,0,0,0,0,,,0,,0,0,0,0,0,0,,0,0,0,0,0,0,0,0,0,0,,0,,0,0,0,0,15,3,27,1,7,1,2.5,14.5,5,0,0,1,0,0,0,0,0,0,0,0,0,0,0,0,0,0,0,0,0,0,0,,,0,0,0,0,0,0,0,0,0,0,0,0,,,,0,0,0,0,0,0,0,,0,0,0,0,,0,0
00-0037074,Q.Walker,Quay Walker,LB,LB,"https://static.www.nfl.com/image/upload/f_auto,q_auto/league/dkqnq4ccxwrr7u34aqrz",2023,REG,GB,14,0,0,0,0,0,0,0,0,0,0,0,0,,,0,,0,0,0,0,0,0,,0,0,0,0,0,0,0,0,0,0,,0,,0,0,0,0,46,13,59,4,20,0,2.5,16.5,5,1,37,3,1,0,0,0,0,0,0,0,0,2,22,0,0,0,0,0,0,0,0,,,0,0,0,0,0,0,0,0,0,0,0,0,,,,0,0,0,0,0,0,0,,0,0,0,0,,0,0
00-0037075,D.Wyatt,Devonte Wyatt,DT,DL,"https://static.www.nfl.com/image/upload/f_auto,q_auto/league/p1oupvtm9kcm0wpuhape",2023,REG,GB,17,0,0,0,0,0,0,0,0,0,0,0,0,,,0,,0,0,0,0,0,0,,0,0,0,0,0,0,0,0,0,0,,0,,0,0,0,0,18,0,18,6,37,0,5.5,35.5,11,0,0,0,0,0,0,0,0,0,1,1,0,3,22,0,0,0,0,0,0,0,0,,,0,0,0,0,0,0,0,0,0,0,0,0,,,,0,0,0,0,0,0,0,,0,0,0,0,,0,0
00-0037077,S.Howell,Sam Howell,QB,QB,"https://static.www.nfl.com/image/upload/f_auto,q_auto/league/umfyh2tmtggjep6nt44c",2023,REG,WAS,17,388,612,3946,21,21,65,-449,3,1,4588,2019,180,-103.555177627519,-0.427237766630509,1,0.860069747166521,48,263,5,1,1,19,24.684257094321,1,1,1,4,0,0,0,1,3,0,-0.305893969547469,0,4,0.00166389351081531,0.000209775540172016,0.00264268314434337,0,0,0,0,0,0,0,0,0,0,0,0,0,0,0,0,0,0,0,0,0,0,2,20,0,0,0,0,0,0,0,0,,,0,0,0,0,0,0,0,0,0,0,0,0,,,,0,0,0,0,0,0,0,,0,0,0,0,,256.54,257.54
00-0037078,C.Turner,Cole Turner,TE,TE,"https://static.www.nfl.com/image/upload/f_auto,q_auto/league/etikvhuu6qxktyrwthid",2023,REG,WAS,8,0,0,0,0,0,0,0,0,0,0,0,0,,,0,,0,0,0,0,0,0,,0,11,15,120,0,0,0,102,50,4,-0.00512866155581748,0,1.17647058823529,0.0249584026622296,0.0213971050975456,0.0524155775616264,0,0,1,0,0,0,0,0,0,0,0,0,0,0,0,0,0,0,0,0,0,0,0,0,0,0,0,0,0,0,0,0,,,0,0,0,0,0,0,0,0,0,0,0,0,,,,0,0,0,0,0,0,0,,0,0,0,0,,12,23
00-0037079,T.Woolen,Riq Woolen,CB,DB,"https://static.www.nfl.com/image/upload/f_auto,q_auto/league/rup4lbocfzdeohfrzfq9",2023,REG,SEA,15,0,0,0,0,0,0,0,0,0,0,0,0,,,0,,0,0,0,0,0,0,,0,0,0,0,0,0,0,0,0,0,,0,,0,0,0,0,38,4,11,1,5,0,0,0,0,2,0,11,0,0,0,0,0,0,2,2,0,8,122,0,0,0,0,0,0,0,0,,,0,0,0,0,0,0,0,0,0,0,0,0,,,,0,0,0,0,0,0,0,,0,0,0,0,,0,0
00-0037080,T.Smith,Tyreke Smith,LB,LB,"https://static.www.nfl.com/image/upload/f_auto,q_auto/league/ax8zb9twn9ku6g0ozmmv",2023,REG,SEA,1,0,0,0,0,0,0,0,0,0,0,0,0,,,0,,0,0,0,0,0,0,,0,0,0,0,0,0,0,0,0,0,,0,,0,0,0,0,0,0,1,0,0,0,0,0,0,0,0,0,0,0,0,0,0,0,0,0,0,0,0,0,0,0,0,0,0,0,0,,,0,0,0,0,0,0,0,0,0,0,0,0,,,,0,0,0,0,0,0,0,,0,0,0,0,,0,0
00-0037081,B.Jones,Braxton Jones,OT,OL,"https://static.www.nfl.com/image/upload/f_auto,q_auto/league/mjifvwkjowxkcdn61opd",2023,REG,CHI,5,0,0,0,0,0,0,0,0,0,0,0,0,,,0,,0,0,0,0,0,0,,0,0,0,0,0,0,0,0,0,0,,0,,0,0,0,0,0,0,0,0,0,0,0,0,0,0,0,0,0,0,0,0,1,1,0,0,0,8,55,0,0,0,0,0,0,0,0,,,0,0,0,0,0,0,0,0,0,0,0,0,,,,0,0,0,0,0,0,0,,0,0,0,0,,0,0
00-0037082,D.Robinson,Dominique Robinson,DE,DL,"https://static.www.nfl.com/image/upload/f_auto,q_auto/league/ces5sntijczc3q0pabay",2023,REG,CHI,8,0,0,0,0,0,0,0,0,0,0,0,0,,,0,,0,0,0,0,0,0,,0,0,0,0,0,0,0,0,0,0,,0,,0,0,0,0,2,3,7,0,0,0,0.5,4.5,1,0,0,1,0,0,0,0,0,0,0,0,0,2,10,0,0,0,0,0,0,0,0,,,0,0,0,0,0,0,0,0,0,0,0,0,,,,0,0,0,0,0,0,0,,0,0,0,0,,0,0
00-0037083,K.Enagbare,Kingsley Enagbare,DE,DL,"https://static.www.nfl.com/image/upload/f_auto,q_auto/league/ty3h4h6l190fjiwmczlt",2023,REG,GB,16,0,0,0,0,0,0,0,0,0,0,0,0,,,0,,0,0,0,0,0,0,,0,0,0,0,0,0,0,0,0,0,,0,,0,0,0,0,21,6,10,7,15,1,2,9,6,0,0,1,0,0,0,0,0,0,1,1,0,5,43,0,0,0,0,0,0,0,0,,,0,0,0,0,0,0,0,0,0,0,0,0,,,,0,0,0,0,0,0,0,,0,0,0,0,,0,0
00-0037086,G.Calcaterra,Grant Calcaterra,TE,TE,"https://static.www.nfl.com/image/upload/f_auto,q_auto/league/xzfqqlmavruytirlmg3n",2023,REG,PHI,3,0,0,0,0,0,0,0,0,0,0,0,0,,,0,,0,0,0,0,0,0,,0,4,4,39,0,0,0,7,32,3,3.08250066079199,0,5.57142857142857,0.00761904761904762,0.00144508670520231,0.012440132122213,0,0,0,2,0,0,0,0,0,0,0,0,0,0,0,0,0,0,0,0,0,0,0,0,0,0,0,0,0,0,0,0,,,0,0,0,0,0,0,0,0,0,0,0,0,,,,0,0,0,0,0,0,0,,0,0,0,0,,3.9,7.9
00-0037089,J.Carter,Ja'Tyre Carter,G,OL,"https://static.www.nfl.com/image/upload/f_auto,q_auto/league/cxsihmay85rgzyckkfxw",2023,REG,CHI,1,0,0,0,0,0,0,0,0,0,0,0,0,,,0,,0,0,0,0,0,0,,0,0,0,0,0,0,0,0,0,0,,0,,0,0,0,0,0,0,0,0,0,0,0,0,0,0,0,0,0,0,0,0,0,0,0,0,0,1,5,0,0,0,0,0,0,0,0,,,0,0,0,0,0,0,0,0,0,0,0,0,,,,0,0,0,0,0,0,0,,0,0,0,0,,0,0
00-0037090,T.Carpenter,Tariq Carpenter,SAF,DB,"https://static.www.nfl.com/image/private/f_auto,q_auto/league/haxai0dhieaxqgxngxmz",2023,REG,PIT,2,0,0,0,0,0,0,0,0,0,0,0,0,,,0,,0,0,0,0,0,0,,0,0,0,0,0,0,0,0,0,0,,0,,0,0,0,0,1,0,1,0,0,0,0,0,0,0,0,0,0,0,0,0,0,0,0,0,0,1,10,0,0,0,0,0,0,0,0,,,0,0,0,0,0,0,0,0,0,0,0,0,,,,0,0,0,0,0,0,0,,0,0,0,0,,0,0
00-0037091,B.Melton,Bo Melton,CB,DB,"https://static.www.nfl.com/image/upload/f_auto,q_auto/league/yt6xe5fxszt0byq1uszm",2023,REG,GB,4,0,0,0,0,0,0,0,0,0,0,0,0,,,0,,3,21,0,0,0,2,1.37489034805913,0,16,24,218,1,0,0,267,37,13,8.5401992232493,0,0.816479400749064,0.0427807486631016,0.0540485829959514,0.102005131091818,0,1,0,0,0,0,0,0,0,0,0,0,0,0,0,0,0,0,0,0,0,0,0,0,0,0,0,0,0,0,0,0,,,0,0,0,0,0,0,0,0,0,0,0,0,,,,0,0,0,0,0,0,0,,0,0,0,0,,29.9,45.9
00-0037092,C.Paul,Chris Paul,G,OL,"https://static.www.nfl.com/image/upload/f_auto,q_auto/league/mr885ffyaer4nyo820dq",2023,REG,WAS,1,0,0,0,0,0,0,0,0,0,0,0,0,,,0,,0,0,0,0,0,0,,0,0,0,0,0,0,0,0,0,0,,0,,0,0,0,0,0,0,0,0,0,0,0,0,0,0,0,0,0,0,0,0,0,0,0,0,0,1,5,0,0,0,0,0,0,0,0,,,0,0,0,0,0,0,0,0,0,0,0,0,,,,0,0,0,0,0,0,0,,0,0,0,0,,0,0
00-0037093,D.Young,Dareke Young,WR,WR,"https://static.www.nfl.com/image/upload/f_auto,q_auto/league/umjr6zhpksws2vpfo0qe",2023,REG,SEA,1,0,0,0,0,0,0,0,0,0,0,0,0,,,0,,0,0,0,0,0,0,,0,0,0,0,0,0,0,0,0,0,,0,,0,0,0,0,0,0,1,0,0,0,0,0,0,0,0,0,0,0,0,0,0,0,0,0,0,0,0,0,0,0,0,0,0,0,0,,,0,0,0,0,0,0,0,0,0,0,0,0,,,,0,0,0,0,0,0,0,,0,0,0,0,,0,0
00-0037095,C.Holmes,Christian Holmes,CB,DB,"https://static.www.nfl.com/image/upload/f_auto,q_auto/league/fllrp6z0frnaxrydis0e",2023,REG,WAS,8,0,0,0,0,0,0,0,0,0,0,0,0,,,0,,0,0,0,0,0,0,,0,0,0,0,0,0,0,0,0,0,,0,,0,0,0,0,3,0,5,0,0,0,0,0,0,0,0,1,0,0,0,0,0,0,0,0,0,5,30,0,0,0,0,0,0,0,0,,,0,0,0,0,0,0,0,0,0,0,0,0,,,,0,0,0,0,0,0,0,,0,0,0,0,,0,0
00-0037096,E.Hicks,Elijah Hicks,SAF,DB,"https://static.www.nfl.com/image/upload/f_auto,q_auto/league/uxf5ugo9enwnd8vyxwyv",2023,REG,CHI,10,0,0,0,0,0,0,0,0,0,0,0,0,,,0,,0,0,0,0,0,0,,0,0,0,0,0,0,0,0,0,0,,0,,0,0,0,0,17,3,15,0,0,0,0,0,0,0,0,1,0,0,0,0,0,0,0,0,0,0,0,0,0,0,0,0,0,0,0,,,0,0,0,0,0,0,0,0,0,0,0,0,,,,0,0,0,0,0,0,0,,0,0,0,0,,0,0
00-0037097,T.Gill,Trenton Gill,P,SPEC,"https://static.www.nfl.com/image/upload/f_auto,q_auto/league/qtiapxqfyetzyf3ndpts",2023,REG,CHI,17,0,0,0,0,0,0,0,0,0,0,0,0,,,0,,0,0,0,0,0,0,,0,0,0,0,0,0,0,0,0,0,,0,,0,0,0,0,1,0,0,0,0,0,0,0,0,0,0,0,0,0,0,0,0,0,0,0,0,0,0,0,0,0,0,0,0,0,0,,,0,0,0,0,0,0,0,0,0,0,0,0,,,,0,0,0,0,0,0,0,,0,0,0,0,,0,0
00-0037098,S.Toure,Samori Toure,WR,WR,"https://static.www.nfl.com/image/upload/f_auto,q_auto/league/k6s7xiugz2wgqjc7zsny",2023,REG,GB,8,0,0,0,0,0,0,0,0,0,0,0,0,,,0,,0,0,0,0,0,0,,0,8,18,78,0,0,0,316,18,4,-2.53404390609864,1,0.246835443037975,0.0320855614973262,0.0639676113360324,0.092905670181212,0,1,0,0,0,0,0,0,0,0,0,0,0,0,1,0,0,0,0,0,0,0,1,5,1,0,0,0,0,0,0,0,,,0,0,0,0,0,0,0,0,0,0,0,0,,,,0,0,0,0,0,0,0,,0,0,0,0,,9.8,17.8
00-0037106,Ja.Jones,Jaylon Jones,DB,DB,"https://static.www.nfl.com/image/upload/f_auto,q_auto/league/xzmtw9ip1b8psz4u9nd0",2023,REG,CHI,9,0,0,0,0,0,0,0,0,0,0,0,0,,,0,,0,0,0,0,0,0,,0,0,0,0,0,0,0,0,0,0,,0,,0,0,0,0,16,2,5,1,2,0,0,0,1,0,0,0,0,0,0,0,0,0,0,0,0,3,26,0,0,0,0,0,0,0,0,,,0,0,0,0,0,0,0,0,0,0,0,0,,,,0,0,0,0,0,0,0,,0,0,0,0,,0,0
00-0037109,J.Sanborn,Jack Sanborn,LB,LB,"https://static.www.nfl.com/image/upload/f_auto,q_auto/league/zlvowg4wze6yjwccibk2",2023,REG,CHI,16,0,0,0,0,0,0,0,0,0,0,0,0,,,0,,0,0,0,0,0,0,,0,0,0,0,0,0,0,0,0,0,,0,,0,0,0,0,32,11,22,4,12,0,1,5,1,1,42,2,0,0,0,0,0,0,0,0,0,1,15,0,0,0,0,0,0,0,0,,,0,0,0,0,0,0,0,0,0,0,0,0,,,,0,0,0,0,0,0,0,,0,0,0,0,,0,0
00-0037120,T.Goodson,Tyler Goodson,RB,RB,"https://static.www.nfl.com/image/upload/f_auto,q_auto/league/fvuevf0apxtfjwdj7l0e",2023,REG,IND,6,0,0,0,0,0,0,0,0,0,0,0,0,,,0,,13,87,0,0,0,4,-2.68572790917425,0,6,9,34,0,0,0,-4,51,1,-4.94770822182181,0,-8.5,0.0164835164835165,-0.000940070505287897,0.0240672253715732,0,0,0,0,0,0,0,0,0,0,0,0,0,0,0,0,0,0,0,0,0,0,0,0,0,0,0,0,0,0,0,0,,,0,0,0,0,0,0,0,0,0,0,0,0,,,,0,0,0,0,0,0,0,,0,0,0,0,,12.1,18.1
00-0037129,J.Blackwell,Josh Blackwell,CB,DB,"https://static.www.nfl.com/image/upload/f_auto,q_auto/league/cigs4edcf8auxzzv5klc",2023,REG,CHI,7,0,0,0,0,0,0,0,0,0,0,0,0,,,0,,0,0,0,0,0,0,,0,0,0,0,0,0,0,0,0,0,,0,,0,0,0,0,5,1,2,0,0,1,0,0,0,0,0,0,0,0,0,0,0,0,0,0,0,1,9,0,0,0,0,0,0,0,0,,,0,0,0,0,0,0,0,0,0,0,0,0,,,,0,0,0,0,0,0,0,,0,0,0,0,,0,0
00-0037130,R.Blankenship,Reed Blankenship,SAF,DB,"https://static.www.nfl.com/image/upload/f_auto,q_auto/league/fot7g8gs7nv4ecavlisf",2023,REG,PHI,15,0,0,0,0,0,0,0,0,0,0,0,0,,,0,,0,0,0,0,0,0,,0,0,0,0,0,0,0,0,0,0,,0,,0,0,0,0,76,3,34,2,3,0,0,0,1,3,17,11,0,0,0,0,0,0,1,1,0,1,15,0,0,0,0,0,0,0,0,,,0,0,0,0,0,0,0,0,0,0,0,0,,,,0,0,0,0,0,0,0,,0,0,0,0,,0,0
00-0037132,B.Covey,Britain Covey,WR,WR,"https://static.www.nfl.com/image/upload/f_auto,q_auto/league/ccxa0mqgouhyluizjbwt",2023,REG,PHI,15,0,0,0,0,0,0,0,0,0,0,0,0,,,0,,0,0,0,0,0,0,,0,4,6,42,0,0,0,52,26,2,0.560594191543159,0,0.807692307692308,0.0114285714285714,0.0107349298100743,0.0246573080099092,0,0,0,0,0,0,0,0,0,0,0,0,0,0,2,0,0,1,1,0,0,0,0,0,29,417,1,30,0,0,0,0,,,0,0,0,0,0,0,0,0,0,0,0,0,,,,0,0,0,0,0,0,0,,0,0,0,0,,4.2,8.2
00-0037136,M.Goodrich,Mario Goodrich,CB,DB,"https://static.www.nfl.com/image/upload/f_auto,q_auto/league/uap7tsrlmrnvb8ptf02n",2023,REG,PHI,2,0,0,0,0,0,0,0,0,0,0,0,0,,,0,,0,0,0,0,0,0,,0,0,0,0,0,0,0,0,0,0,,0,,0,0,0,0,3,0,2,0,0,0,0,0,0,0,0,0,0,0,0,0,0,0,0,0,0,0,0,0,0,0,0,0,0,0,0,,,0,0,0,0,0,0,0,0,0,0,0,0,,,,0,0,0,0,0,0,0,,0,0,0,0,,0,0
00-0037137,J.Jobe,Josh Jobe,CB,DB,"https://static.www.nfl.com/image/upload/f_auto,q_auto/league/tfksoqwgf4axolfjv6zi",2023,REG,PHI,11,0,0,0,0,0,0,0,0,0,0,0,0,,,0,,0,0,0,0,0,0,,0,0,0,0,0,0,0,0,0,0,,0,,0,0,0,0,20,0,2,0,0,1,0,0,0,0,0,4,0,0,0,0,0,0,0,0,0,5,65,0,0,0,0,0,0,0,0,,,0,0,0,0,0,0,0,0,0,0,0,0,,,,0,0,0,0,0,0,0,,0,0,0,0,,0,0
00-0037141,J.Blount,Joey Blount,SAF,DB,"https://static.www.nfl.com/image/upload/f_auto,q_auto/league/hij1v5bnlk5wecmnefkd",2023,REG,ARI,6,0,0,0,0,0,0,0,0,0,0,0,0,,,0,,0,0,0,0,0,0,,0,0,0,0,0,0,0,0,0,0,,0,,0,0,0,0,2,1,4,0,0,2,0,0,0,1,0,1,0,0,0,0,0,0,0,0,0,1,5,0,0,0,0,0,0,0,0,,,0,0,0,0,0,0,0,0,0,0,0,0,,,,0,0,0,0,0,0,0,,0,0,0,0,,0,0
00-0037155,T.Adams,Tony Adams,SAF,DB,"https://static.www.nfl.com/image/upload/f_auto,q_auto/league/lajc14lel9fjm8p6flnc",2023,REG,NYJ,15,0,0,0,0,0,0,0,0,0,0,0,0,,,0,,0,0,0,0,0,0,,0,0,0,0,0,0,0,0,0,0,,0,,0,0,0,0,42,12,28,4,5,0,0,0,0,3,50,5,0,0,0,0,0,0,0,0,0,2,22,0,0,0,0,0,0,0,0,,,0,0,0,0,0,0,0,0,0,0,0,0,,,,0,0,0,0,0,0,0,,0,0,0,0,,0,0
00-0037156,I.Charles,Irvin Charles,WR,WR,"https://static.www.nfl.com/image/upload/f_auto,q_auto/league/heeyyjyf5prqas5tmwvk",2023,REG,NYJ,6,0,0,0,0,0,0,0,0,0,0,0,0,,,0,,0,0,0,0,0,0,,0,0,1,0,0,0,0,4,0,0,-1.51792374905199,0,0,0.00177619893428064,0.001,0.00336429840142096,0,6,0,1,0,0,0,0,0,0,0,0,0,0,0,0,0,0,0,0,0,0,1,5,0,0,0,0,0,0,0,0,,,0,0,0,0,0,0,0,0,0,0,0,0,,,,0,0,0,0,0,0,0,,0,0,0,0,,0,0
00-0037157,Z.Knight,Bam Knight,RB,RB,"https://static.www.nfl.com/image/upload/f_auto,q_auto/league/mjxnlzlnnwlfqayeybut",2023,REG,DET,2,0,0,0,0,0,0,0,0,0,0,0,0,,,0,,3,13,0,0,0,0,-0.205319102387875,0,1,1,8,0,0,0,-5,13,0,0.609827129286714,0,-1.6,0.00174216027874564,-0.00122369065100343,0.00175665696241607,0,0,0,0,0,0,0,0,0,0,0,0,0,0,0,0,0,0,0,0,0,0,0,0,0,0,1,22,0,0,0,0,,,0,0,0,0,0,0,0,0,0,0,0,0,,,,0,0,0,0,0,0,0,,0,0,0,0,,2.1,3.1
00-0037179,J.Moon,Jeremiah Moon,LB,LB,"https://static.www.nfl.com/image/upload/f_auto,q_auto/league/x2he3hockgnqfmxlxctw",2023,REG,BAL,5,0,0,0,0,0,0,0,0,0,0,0,0,,,0,,0,0,0,0,0,0,,0,0,0,0,0,0,0,0,0,0,,0,,0,0,0,0,4,2,6,0,0,2,0,0,0,0,0,0,0,0,0,0,0,0,0,0,0,0,0,0,0,0,0,0,0,0,0,,,0,0,0,0,0,0,0,0,0,0,0,0,,,,0,0,0,0,0,0,0,,0,0,0,0,,0,0
00-0037190,A.Gardner,Sauce Gardner,CB,DB,"https://static.www.nfl.com/image/upload/f_auto,q_auto/league/tzp7ta7zvziaahtuxhlc",2023,REG,NYJ,16,0,0,0,0,0,0,0,0,0,0,0,0,,,0,,0,0,0,0,0,0,,0,0,0,0,0,0,0,0,0,0,,0,,0,0,0,0,39,2,16,2,3,1,0,0,0,0,0,12,0,0,0,0,0,0,0,0,0,5,50,0,0,0,0,0,0,0,0,,,0,0,0,0,0,0,0,0,0,0,0,0,,,,0,0,0,0,0,0,0,,0,0,0,0,,0,0
00-0037191,T.McDuffie,Trent McDuffie,CB,DB,"https://static.www.nfl.com/image/upload/f_auto,q_auto/league/nkb7xmyxy4uxe4qhablh",2023,REG,KC,16,0,0,0,0,0,0,0,0,0,0,0,0,,,0,,0,0,0,0,0,0,,0,0,0,0,0,0,0,0,0,0,,0,,0,0,0,0,56,4,20,2,15,5,3,24,9,0,0,7,0,0,0,0,0,0,0,0,0,1,11,0,0,0,0,0,0,0,0,,,0,0,0,0,0,0,0,0,0,0,0,0,,,,0,0,0,0,0,0,0,,0,0,0,0,,0,0
00-0037192,G.Karlaftis,George Karlaftis,DE,DL,"https://static.www.nfl.com/image/upload/f_auto,q_auto/league/hxs6hihwuusxydnr8skh",2023,REG,KC,16,0,0,0,0,0,0,0,0,0,0,0,0,,,0,,0,0,0,0,0,0,,0,0,0,0,0,0,0,0,0,0,,0,,0,0,0,0,28,1,18,7,50,1,10.5,55.5,17,0,0,3,0,0,0,0,0,0,0,0,0,0,0,0,0,0,0,0,0,0,0,,,0,0,0,0,0,0,0,0,0,0,0,0,,,,0,0,0,0,0,0,0,,0,0,0,0,,0,0
00-0037193,B.Cook,Bryan Cook,SAF,DB,"https://static.www.nfl.com/image/upload/f_auto,q_auto/league/ge8j9sel1xacfl2plnol",2023,REG,KC,12,0,0,0,0,0,0,0,0,0,0,0,0,,,0,,0,0,0,0,0,0,,0,0,0,0,0,0,0,0,0,0,,0,,0,0,0,0,22,4,16,0,0,0,0,0,0,1,9,2,0,0,0,0,0,0,2,3,1,1,4,0,0,0,0,0,0,0,0,,,0,0,0,0,0,0,0,0,0,0,0,0,,,,0,0,0,0,0,0,0,,0,0,0,0,,0,0
00-0037195,Ja.Watson,Jaylen Watson,CB,DB,"https://static.www.nfl.com/image/upload/f_auto,q_auto/league/vxmoq9pwno4z14gldecd",2023,REG,KC,14,0,0,0,0,0,0,0,0,0,0,0,0,,,0,,0,0,0,0,0,0,,0,0,0,0,0,0,0,0,0,0,,0,,0,0,0,0,28,0,5,2,17,0,2,17,2,0,0,6,0,0,0,0,0,0,0,0,0,3,55,0,0,0,0,0,0,0,0,,,0,0,0,0,0,0,0,0,0,0,0,0,,,,0,0,0,0,0,0,0,,0,0,0,0,,0,0
00-0037196,R.Walker,Rasheed Walker,OT,OL,"https://static.www.nfl.com/image/upload/f_auto,q_auto/league/txizso7r4uhuocg4uhks",2023,REG,GB,6,0,0,0,0,0,0,0,0,0,0,0,0,,,0,,0,0,0,0,0,0,,0,0,0,0,0,0,0,0,0,0,,0,,0,0,0,0,1,0,0,0,0,0,0,0,0,0,0,0,0,0,0,0,0,0,0,0,0,6,34,0,0,0,0,0,0,0,0,,,0,0,0,0,0,0,0,0,0,0,0,0,,,,0,0,0,0,0,0,0,,0,0,0,0,,0,0
00-0037197,I.Pacheco,Isiah Pacheco,RB,RB,"https://static.www.nfl.com/image/upload/f_auto,q_auto/league/tqshteijt4xhgk2ei9sx",2023,REG,KC,14,0,0,0,0,0,0,0,0,0,0,0,0,,,0,,205,935,7,1,1,55,-4.71448246583156,0,44,49,244,2,0,0,-113,359,12,1.82196975019597,0,-2.15929203539823,0.0818030050083473,-0.0275946275946276,0.103388268196282,0,0,0,0,0,0,0,0,0,0,0,0,0,0,0,0,0,0,1,0,0,0,1,15,0,0,0,0,0,0,0,0,,,0,0,0,0,0,0,0,0,0,0,0,0,,,,0,0,0,0,0,0,0,,0,0,0,0,,169.9,213.9
00-0037203,L.Ray,LaBryan Ray,DT,DL,"https://static.www.nfl.com/image/upload/f_auto,q_auto/league/sa3cqqnsfpbh8hbn6ga3",2023,REG,CAR,11,0,0,0,0,0,0,0,0,0,0,0,0,,,0,,0,0,0,0,0,0,,0,0,0,0,0,0,0,0,0,0,,0,,0,0,0,0,6,1,12,0,0,0,0,0,0,0,0,0,0,0,0,0,0,0,0,0,0,0,0,0,0,0,0,0,0,0,0,,,0,0,0,0,0,0,0,0,0,0,0,0,,,,0,0,0,0,0,0,0,,0,0,0,0,,0,0
00-0037205,B.Schooler,Brenden Schooler,SAF,DB,"https://static.www.nfl.com/image/upload/f_auto,q_auto/league/lawgvaccr2r2susesv1g",2023,REG,NE,11,0,0,0,0,0,0,0,0,0,0,0,0,,,0,,0,0,0,0,0,0,,0,0,0,0,0,0,0,0,0,0,,0,,0,0,0,0,11,0,2,0,0,0,0,0,0,0,0,0,0,0,0,0,1,1,1,1,0,5,45,0,0,0,0,0,0,0,0,,,0,0,0,0,0,0,0,0,0,0,0,0,,,,0,0,0,0,0,0,0,,0,0,0,0,,0,0
00-0037208,J.Cochrane,Jack Cochrane,LB,LB,"https://static.www.nfl.com/image/upload/f_auto,q_auto/league/oh1dnddhxhzozoatq0z9",2023,REG,KC,9,0,0,0,0,0,0,0,0,0,0,0,0,,,0,,0,0,0,0,0,0,,0,0,0,0,0,0,0,0,0,0,,0,,0,0,0,0,16,5,7,0,0,0,0,0,0,0,0,1,0,0,0,0,0,0,0,0,0,1,10,0,0,0,0,0,0,0,0,,,0,0,0,0,0,0,0,0,0,0,0,0,,,,0,0,0,0,0,0,0,,0,0,0,0,,0,0
00-0037216,J.Ross,Justyn Ross,WR,WR,"https://static.www.nfl.com/image/private/f_auto,q_auto/league/sdhlpsccscg6u97qy3ef",2023,REG,KC,6,0,0,0,0,0,0,0,0,0,0,0,0,,,0,,0,0,0,0,0,0,,0,6,11,53,0,0,0,117,15,2,1.10943818523083,0,0.452991452991453,0.0183639398998331,0.0285714285714286,0.0475459098497496,0,0,0,0,0,0,0,0,0,0,0,0,0,0,0,0,0,0,0,0,0,0,1,10,0,0,0,0,0,0,0,0,,,0,0,0,0,0,0,0,0,0,0,0,0,,,,0,0,0,0,0,0,0,,0,0,0,0,,5.3,11.3
00-0037224,C.Dicker,Cameron Dicker,K,SPEC,"https://static.www.nfl.com/image/upload/f_auto,q_auto/league/vd4nd1hoax82j7fi2bx0",2023,REG,LAC,17,0,0,0,0,0,0,0,0,0,0,0,0,,,0,,0,0,0,0,0,0,,0,0,0,0,0,0,0,0,0,0,,0,,0,0,0,0,1,0,0,0,0,0,0,0,0,0,0,0,0,0,0,0,0,0,0,0,0,0,0,0,0,0,0,31,33,1,1,55,0.939393939393939,0,7,8,9,7,0,0,0,0,0,1,0,50;25;27;30;33;33;24;55;43;53;46;55;38;48;25;26;39;38;38;20;40;47;45;53;36;50;52;49;40;43;20,53,50,1221,53,50,35,35,0,0,1,0,0,0,0,,0,0
00-0037225,C.Glaser,Chris Glaser,G,OL,"https://static.www.nfl.com/image/upload/f_auto,q_auto/league/nbj7uqxggjsqlu6adnil",2023,REG,NYJ,3,0,0,0,0,0,0,0,0,0,0,0,0,,,0,,0,0,0,0,0,0,,0,0,0,0,0,0,0,0,0,0,,0,,0,0,0,0,0,0,0,0,0,0,0,0,0,0,0,0,0,0,0,0,0,1,0,0,0,2,10,0,0,0,0,0,0,0,0,,,0,0,0,0,0,0,0,0,0,0,0,0,,,,0,0,0,0,0,0,0,,0,0,0,0,,0,0
00-0037228,J.Warren,Jaylen Warren,RB,RB,"https://static.www.nfl.com/image/upload/f_auto,q_auto/league/f3txbqdarbabqtq4sx98",2023,REG,PIT,17,0,0,0,0,0,0,0,0,0,0,0,0,,,0,,149,784,4,3,1,37,-4.0288537087702,0,61,74,370,0,1,1,-115,482,19,-13.4326333251704,0,-3.21739130434783,0.152892561983471,-0.0303830911492735,0.208070679170715,0,0,0,0,0,0,0,0,0,0,0,0,0,0,0,0,0,0,0,0,0,0,0,0,0,0,0,0,0,0,0,0,,,0,0,0,0,0,0,0,0,0,0,0,0,,,,0,0,0,0,0,0,0,,0,0,0,0,,135.4,196.4
00-0037229,I.Ekwonu,Ikem Ekwonu,OT,OL,"https://static.www.nfl.com/image/upload/f_auto,q_auto/league/fcta66ia7jfaml7vssru",2023,REG,CAR,8,0,0,0,0,0,0,0,0,0,0,0,0,,,0,,0,0,0,0,0,0,,0,0,0,0,0,0,0,0,0,0,,0,,0,0,0,0,1,0,1,0,0,0,0,0,0,0,0,0,0,0,0,0,0,0,0,0,0,10,54,0,0,0,0,0,0,0,0,,,0,0,0,0,0,0,0,0,0,0,0,0,,,,0,0,0,0,0,0,0,,0,0,0,0,,0,0
00-0037235,T.Walker,Travon Walker,DE,DL,"https://static.www.nfl.com/image/upload/f_auto,q_auto/league/dg4shgrhcxlmhrdaifiu",2023,REG,JAX,17,0,0,0,0,0,0,0,0,0,0,0,0,,,0,,0,0,0,0,0,0,,0,0,0,0,0,0,0,0,0,0,,0,,0,0,0,0,21,6,25,10,69,0,10,77.5,19,0,0,2,0,0,0,0,0,0,1,1,0,4,20,0,0,0,0,0,0,0,0,,,0,0,0,0,0,0,0,0,0,0,0,0,,,,0,0,0,0,0,0,0,,0,0,0,0,,0,0
00-0037236,A.Hutchinson,Aidan Hutchinson,DE,DL,"https://static.www.nfl.com/image/upload/f_auto,q_auto/league/mnv2cpjveex9rtrkkaly",2023,REG,DET,17,0,0,0,0,0,0,0,0,0,0,0,0,,,0,,0,0,0,0,0,0,,0,0,0,0,0,0,0,0,0,0,,0,,0,0,0,0,32,4,15,12,76,3,11.5,98.5,33,1,6,7,0,0,0,0,0,0,2,2,0,2,15,0,0,0,0,0,0,0,0,,,0,0,0,0,0,0,0,0,0,0,0,0,,,,0,0,0,0,0,0,0,,0,0,0,0,,0,0
00-0037237,D.Stingley,Derek Stingley Jr.,CB,DB,"https://static.www.nfl.com/image/upload/f_auto,q_auto/league/wkzinciyrrmsqdlda8lj",2023,REG,HOU,10,0,0,0,0,0,0,0,0,0,0,0,0,,,0,,0,0,0,0,0,0,,0,0,0,0,0,0,0,0,0,0,,0,,0,0,0,0,26,2,11,0,0,0,0,0,0,5,17,13,0,0,0,0,0,0,0,0,0,1,17,0,0,0,0,0,0,0,0,,,0,0,0,0,0,0,0,0,0,0,0,0,,,,0,0,0,0,0,0,0,,0,0,0,0,,0,0
00-0037238,D.London,Drake London,WR,WR,"https://static.www.nfl.com/image/upload/f_auto,q_auto/league/np91pvk7mczra1iyjkmo",2023,REG,ATL,16,1,1,22,0,0,0,0,0,0,12,10,1,1.84401460189838,33.694064617157,0,1.83333333333333,0,0,0,0,0,0,,0,69,110,905,2,0,0,1264,188,45,11.8698758383816,1,0.715981012658228,0.216535433070866,0.290909090909091,0.528439513242663,0,3,0,0,0,0,0,0,0,0,0,0,0,0,0,0,0,0,0,0,0,0,1,5,0,0,0,0,0,0,0,0,,,0,0,0,0,0,0,0,0,0,0,0,0,,,,0,0,0,0,0,0,0,,0,0,0,0,,105.38,174.38
00-0037239,C.Olave,Chris Olave,WR,WR,"https://static.www.nfl.com/image/upload/f_auto,q_auto/league/vrrmyvpvujynckag9jop",2023,REG,NO,16,0,0,0,0,0,0,0,0,0,0,0,0,,,0,,0,0,0,0,0,0,,0,87,138,1123,5,0,0,1834,347,57,43.3984927947194,1,0.612322791712105,0.238341968911917,0.365629984051037,0.613453942203601,0,1,0,0,0,0,0,0,0,0,0,0,0,0,0,0,0,0,0,0,0,0,2,10,0,0,0,0,0,0,0,0,,,0,0,0,0,0,0,0,0,0,0,0,0,,,,0,0,0,0,0,0,0,,0,0,0,0,,144.3,231.3
00-0037240,J.Williams,Jameson Williams,WR,WR,"https://static.www.nfl.com/image/upload/f_auto,q_auto/league/gpjarmglg1jhwq5wr1uu",2023,REG,DET,12,0,0,0,0,0,0,0,0,0,0,0,0,,,0,,3,29,1,0,0,1,2.50430905527901,0,24,42,354,2,1,0,665,105,14,13.6310202101595,0,0.532330827067669,0.0731707317073171,0.162750856583456,0.223681697169395,0,0,0,0,0,0,0,0,0,0,0,0,0,0,0,0,0,0,0,0,0,0,0,0,0,0,0,0,0,0,0,0,,,0,0,0,0,0,0,0,0,0,0,0,0,,,,0,0,0,0,0,0,0,,0,0,0,0,,56.3,80.3
00-0037241,T.Penning,Trevor Penning,OT,OL,"https://static.www.nfl.com/image/upload/f_auto,q_auto/league/ph1yzzisvtcuhbjb4uct",2023,REG,NO,4,0,0,0,0,0,0,0,0,0,0,0,0,,,0,,0,0,0,0,0,0,,0,0,0,0,0,0,0,0,0,0,,0,,0,0,0,0,0,0,0,0,0,0,0,0,0,0,0,0,0,0,0,0,0,0,0,0,0,5,38,0,0,0,0,0,0,0,0,,,0,0,0,0,0,0,0,0,0,0,0,0,,,,0,0,0,0,0,0,0,,0,0,0,0,,0,0
00-0037242,K.Elam,Kaiir Elam,CB,DB,"https://static.www.nfl.com/image/upload/f_auto,q_auto/league/ye7stldje2waxyyjukvw",2023,REG,BUF,2,0,0,0,0,0,0,0,0,0,0,0,0,,,0,,0,0,0,0,0,0,,0,0,0,0,0,0,0,0,0,0,,0,,0,0,0,0,9,1,4,0,0,0,0,0,0,0,0,0,0,0,0,0,0,0,0,0,0,1,9,0,0,0,0,0,0,0,0,,,0,0,0,0,0,0,0,0,0,0,0,0,,,,0,0,0,0,0,0,0,,0,0,0,0,,0,0
00-0037243,Tyl.Smith,Tyler Smith,OT,OL,"https://static.www.nfl.com/image/upload/f_auto,q_auto/league/hem9gdkwxuowfcvomvfx",2023,REG,DAL,10,0,0,0,0,0,0,0,0,0,0,0,0,,,0,,0,0,0,0,0,0,,0,0,0,0,0,0,0,0,0,0,,0,,0,0,0,0,2,0,1,0,0,0,0,0,0,0,0,0,0,0,0,0,0,0,0,0,0,10,80,0,0,0,0,0,0,0,0,,,0,0,0,0,0,0,0,0,0,0,0,0,,,,0,0,0,0,0,0,0,,0,0,0,0,,0,0
00-0037244,D.Lloyd,Devin Lloyd,LB,LB,"https://static.www.nfl.com/image/upload/f_auto,q_auto/league/f4iyy3k80fzfzsgavxon",2023,REG,JAX,15,0,0,0,0,0,0,0,0,0,0,0,0,,,0,,0,0,0,0,0,0,,0,0,0,0,0,0,0,0,0,0,,0,,0,0,0,0,58,17,52,2,3,0,0,0,1,0,0,7,0,0,0,0,0,0,2,2,0,3,34,0,0,0,0,0,0,0,0,,,0,0,0,0,0,0,0,0,0,0,0,0,,,,0,0,0,0,0,0,0,,0,0,0,0,,0,0
00-0037245,L.Cine,Lewis Cine,SAF,DB,"https://static.www.nfl.com/image/upload/f_auto,q_auto/league/fexshg85k40kqtwvmuou",2023,REG,MIN,1,0,0,0,0,0,0,0,0,0,0,0,0,,,0,,0,0,0,0,0,0,,0,0,0,0,0,0,0,0,0,0,,0,,0,0,0,0,0,0,1,0,0,0,0,0,0,0,0,0,0,0,0,0,0,0,0,0,0,0,0,0,0,0,0,0,0,0,0,,,0,0,0,0,0,0,0,0,0,0,0,0,,,,0,0,0,0,0,0,0,,0,0,0,0,,0,0
00-0037246,J.Pitre,Jalen Pitre,SAF,DB,"https://static.www.nfl.com/image/upload/f_auto,q_auto/league/nq8a3zanbbjoihquklor",2023,REG,HOU,14,0,0,0,0,0,0,0,0,0,0,0,0,,,0,,0,0,0,0,0,0,,0,0,0,0,0,0,0,0,0,0,,0,,0,0,0,0,43,15,26,5,19,1,0,0,2,0,0,5,0,0,0,0,0,0,1,1,0,2,9,0,0,0,0,0,0,0,0,,,0,0,0,0,0,0,0,0,0,0,0,0,,,,0,0,0,0,0,0,0,,0,0,0,0,,0,0
00-0037247,G.Pickens,George Pickens,WR,WR,"https://static.www.nfl.com/image/upload/f_auto,q_auto/league/cbpyykoguf7rsxezqzvk",2023,REG,PIT,17,0,0,0,0,0,0,0,0,0,0,0,0,,,0,,3,18,0,0,0,2,0.727427636855282,0,63,106,1140,5,3,0,1428,388,43,28.6047359987493,0,0.798319327731092,0.21900826446281,0.377278731836196,0.592607508979552,0,0,0,1,0,0,0,0,0,0,0,0,0,0,0,0,0,1,1,0,0,0,4,50,0,0,1,7,0,0,0,0,,,0,0,0,0,0,0,0,0,0,0,0,0,,,,0,0,0,0,0,0,0,,0,0,0,0,,145.8,208.8
00-0037248,J.Cook,James Cook,RB,RB,"https://static.www.nfl.com/image/upload/f_auto,q_auto/league/anjbznqb9i21wzcgrtbs",2023,REG,BUF,17,0,0,0,0,0,0,0,0,0,0,0,0,,,0,,237,1122,2,3,1,54,-7.3022381060924,0,44,54,445,4,1,1,137,398,16,16.3692055470968,0,3.24817518248175,0.0990825688073395,0.0272799681401832,0.167719830909137,0,1,0,0,0,0,0,0,0,0,0,0,0,0,0,0,0,1,1,0,0,0,0,0,0,0,0,0,0,0,0,0,,,0,0,0,0,0,0,0,0,0,0,0,0,,,,0,0,0,0,0,0,0,,0,0,0,0,,188.7,232.7
00-0037249,N.Bonitto,Nik Bonitto,LB,LB,"https://static.www.nfl.com/image/upload/f_auto,q_auto/league/y1ptokk7b6jovbe2gtss",2023,REG,DEN,15,0,0,0,0,0,0,0,0,0,0,0,0,,,0,,0,0,0,0,0,0,,0,0,0,0,0,0,0,0,0,0,,0,,0,0,0,0,14,9,7,10,49,1,8,57.5,20,0,0,2,0,0,0,0,0,0,0,0,0,1,15,0,0,0,0,0,0,0,0,,,0,0,0,0,0,0,0,0,0,0,0,0,,,,0,0,0,0,0,0,0,,0,0,0,0,,0,0
00-0037250,M.Emerson,Martin Emerson,CB,DB,"https://static.www.nfl.com/image/upload/f_auto,q_auto/league/va7yfx0xoniri3fuxr0u",2023,REG,CLE,16,0,0,0,0,0,0,0,0,0,0,0,0,,,0,,0,0,0,0,0,0,,0,0,0,0,0,0,0,0,0,0,,0,,0,0,0,0,42,3,14,0,0,0,0,0,0,4,25,14,0,0,0,0,0,0,0,0,0,10,110,0,0,0,0,0,0,0,0,,,0,0,0,0,0,0,0,0,0,0,0,0,,,,0,0,0,0,0,0,0,,0,0,0,0,,0,0
00-0037251,A.Wright,Alex Wright,DE,DL,"https://static.www.nfl.com/image/upload/f_auto,q_auto/league/rwvd1sputd9x1dziyznz",2023,REG,CLE,13,0,0,0,0,0,0,0,0,0,0,0,0,,,0,,0,0,0,0,0,0,,0,0,0,0,0,0,0,0,0,0,,0,,0,0,0,0,12,4,9,4,24,2,5,38,5,0,0,2,0,0,0,0,0,0,1,1,0,4,18,0,0,0,0,0,0,0,0,,,0,0,0,0,0,0,0,0,0,0,0,0,,,,0,0,0,0,0,0,0,,0,0,0,0,,0,0
00-0037252,G.Dulcich,Greg Dulcich,TE,TE,"https://static.www.nfl.com/image/upload/f_auto,q_auto/league/kirfnwuge3eam1s0ycne",2023,REG,DEN,2,0,0,0,0,0,0,0,0,0,0,0,0,,,0,,0,0,0,0,0,0,,0,3,4,25,0,0,0,23,5,2,-4.15756115486147,0,1.08695652173913,0.00838574423480084,0.00612679808204582,0.0168673750096333,0,0,0,0,0,0,0,0,0,0,0,0,0,0,0,0,0,0,0,0,0,0,0,0,0,0,0,0,0,0,0,0,,,0,0,0,0,0,0,0,0,0,0,0,0,,,,0,0,0,0,0,0,0,,0,0,0,0,,2.5,5.5
00-0037253,Ma.Jones,Marcus Jones,CB,DB,"https://static.www.nfl.com/image/upload/f_auto,q_auto/league/bwy0az1y2vgvirna4bye",2023,REG,NE,2,0,0,0,0,0,0,0,0,0,0,0,0,,,0,,0,0,0,0,0,0,,0,0,0,0,0,0,0,0,0,0,,0,,0,0,0,0,3,1,1,0,0,0,0,0,0,0,0,0,0,2,0,0,0,0,1,1,0,0,0,3,21,0,0,0,0,0,0,,,0,0,0,0,0,0,0,0,0,0,0,0,,,,0,0,0,0,0,0,0,,0,0,0,0,,0,0
00-0037254,T.Bernard,Terrel Bernard,LB,LB,"https://static.www.nfl.com/image/upload/f_auto,q_auto/league/ryvz6uol9kymdgslc0rh",2023,REG,BUF,17,0,0,0,0,0,0,0,0,0,0,0,0,,,0,,0,0,0,0,0,0,,0,0,0,0,0,0,0,0,0,0,,0,,0,0,0,0,68,16,59,8,33,0,6.5,32,9,3,2,5,0,0,0,0,0,0,3,3,0,3,18,0,0,0,0,0,0,0,0,,,0,0,0,0,0,0,0,0,0,0,0,0,,,,0,0,0,0,0,0,0,,0,0,0,0,,0,0
00-0037255,D.Parham,Dylan Parham,G,OL,"https://static.www.nfl.com/image/upload/f_auto,q_auto/league/wcuxehe604u11ay7hbpm",2023,REG,LV,5,0,0,0,0,0,0,0,0,0,0,0,0,,,0,,0,0,0,0,0,0,,0,0,0,0,0,0,0,0,0,0,,0,,0,0,0,0,0,0,0,0,0,0,0,0,0,0,0,0,0,0,0,0,1,1,0,0,0,5,45,0,0,0,0,0,0,0,0,,,0,0,0,0,0,0,0,0,0,0,0,0,,,,0,0,0,0,0,0,0,,0,0,0,0,,0,0
00-0037256,R.White,Rachaad White,RB,RB,"https://static.www.nfl.com/image/upload/f_auto,q_auto/league/sxugbms8ketvgmilnlu3",2023,REG,TB,17,0,0,0,0,0,0,0,0,0,0,0,0,,,0,,272,990,6,2,1,49,-44.9865455430542,0,64,70,549,3,1,1,-33,611,23,23.2180965126343,0,-16.6363636363636,0.127272727272727,-0.00678314491264132,0.186160889470242,0,1,0,0,0,0,0,0,0,0,0,0,0,0,0,0,0,3,3,0,0,0,2,15,0,0,0,0,0,0,0,0,,,0,0,0,0,0,0,0,0,0,0,0,0,,,,0,0,0,0,0,0,0,,0,0,0,0,,203.9,267.9
00-0037257,Dav.Bell,David Bell,WR,WR,"https://static.www.nfl.com/image/private/f_auto,q_auto/league/otv2kkn3lxonp9z43bdj",2023,REG,CLE,9,0,0,0,0,0,0,0,0,0,0,0,0,,,0,,0,0,0,0,0,0,,0,14,23,167,3,0,0,142,73,9,8.86204493499827,0,1.17605633802817,0.0385259631490787,0.0267975089639555,0.0765472009983869,0,0,0,0,0,0,0,0,0,0,0,0,0,0,0,0,0,0,0,0,0,0,0,0,0,0,0,0,0,0,0,0,,,0,0,0,0,0,0,0,0,0,0,0,0,,,,0,0,0,0,0,0,0,,0,0,0,0,,34.7,48.7
00-0037258,D.Pierce,Dameon Pierce,RB,RB,"https://static.www.nfl.com/image/upload/f_auto,q_auto/league/lifrupicniyrosy1vj9c",2023,REG,HOU,14,0,0,0,0,0,0,0,0,0,0,0,0,,,0,,145,416,2,0,0,16,-40.7575598804955,0,13,17,101,0,0,0,14,95,3,0.550458080891985,0,7.21428571428571,0.0300353356890459,0.00270426888159166,0.0469459917506831,1,0,0,0,0,0,0,0,0,0,0,0,0,0,0,0,0,0,0,0,0,0,0,0,0,0,7,225,0,0,0,0,,,0,0,0,0,0,0,0,0,0,0,0,0,,,,0,0,0,0,0,0,0,,0,0,0,0,,69.7,82.7
00-0037259,M.McFadden,Micah McFadden,LB,LB,"https://static.www.nfl.com/image/upload/f_auto,q_auto/league/a5tbqialvnrvrvntreuj",2023,REG,NYG,16,0,0,0,0,0,0,0,0,0,0,0,0,,,0,,0,0,0,0,0,0,,0,0,0,0,0,0,0,0,0,0,,0,,0,0,0,0,55,8,38,11,30,0,1,6.5,6,1,5,5,0,0,0,0,0,0,4,4,0,0,0,0,0,0,0,0,0,0,0,,,0,0,0,0,0,0,0,0,0,0,0,0,,,,0,0,0,0,0,0,0,,0,0,0,0,,0,0
00-0037260,D.Davidson,DJ Davidson,DT,DL,"https://static.www.nfl.com/image/upload/f_auto,q_auto/league/qnrdocqxvfswgpfdskkp",2023,REG,NYG,11,0,0,0,0,0,0,0,0,0,0,0,0,,,0,,0,0,0,0,0,0,,0,0,0,0,0,0,0,0,0,0,,0,,0,0,0,0,3,3,7,1,4,0,0.5,3,1,0,0,2,0,0,0,0,0,0,0,0,0,2,10,0,0,0,0,0,0,0,0,,,0,0,0,0,0,0,0,0,0,0,0,0,,,,0,0,0,0,0,0,0,,0,0,0,0,,0,0
00-0037261,K.Shakir,Khalil Shakir,WR,WR,"https://static.www.nfl.com/image/upload/f_auto,q_auto/league/otadttbhvkmavhsonnqm",2023,REG,BUF,16,0,0,0,0,0,0,0,0,0,0,0,0,,,0,,1,10,0,0,0,1,0.538322921725921,0,39,45,611,2,0,0,402,282,26,43.2039825909567,0,1.51990049751244,0.0825688073394496,0.0800477897252091,0.179886663816821,0,0,0,0,0,0,0,0,0,0,0,0,0,0,1,0,0,1,1,0,0,0,1,10,5,37,5,98,0,0,0,0,,,0,0,0,0,0,0,0,0,0,0,0,0,,,,0,0,0,0,0,0,0,,0,0,0,0,,74.1,113.1
00-0037263,T.Allgeier,Tyler Allgeier,RB,RB,"https://static.www.nfl.com/image/upload/f_auto,q_auto/league/buwaomfsz4y6orgb0cyg",2023,REG,ATL,17,0,0,0,0,0,0,0,0,0,0,0,0,,,0,,186,683,4,0,0,41,-22.8513098650159,0,18,23,193,1,0,0,-23,217,6,4.27343593472336,1,-8.39130434782609,0.0452755905511811,-0.00529344073647871,0.0642079773112366,0,0,0,1,0,0,0,0,0,0,0,0,0,0,0,0,0,0,0,0,0,0,0,0,0,0,0,0,0,0,0,0,,,0,0,0,0,0,0,0,0,0,0,0,0,,,,0,0,0,0,0,0,0,,0,0,0,0,,119.6,137.6
00-0037264,D.Turner-Yell,Delarrin Turner-Yell,SAF,DB,"https://static.www.nfl.com/image/upload/f_auto,q_auto/league/p3ngd3m6wcijmxglj06j",2023,REG,DEN,8,0,0,0,0,0,0,0,0,0,0,0,0,,,0,,0,0,0,0,0,0,,0,0,0,0,0,0,0,0,0,0,,0,,0,0,0,0,23,3,8,0,0,0,0,0,1,0,0,1,0,0,0,0,0,0,0,0,0,0,0,0,0,0,0,0,0,0,0,,,0,0,0,0,0,0,0,0,0,0,0,0,,,,0,0,0,0,0,0,0,,0,0,0,0,,0,0
00-0037267,J.Ford,Jerome Ford,RB,RB,"https://static.www.nfl.com/image/private/f_auto,q_auto/league/djggmwo5v8osoboiseo2",2023,REG,CLE,17,0,0,0,0,0,0,0,0,0,0,0,0,,,0,,204,813,4,1,1,38,-36.2895365507281,1,44,63,319,5,0,0,30,304,16,-6.17822492274787,0,10.6333333333333,0.105527638190955,0.00566144555576524,0.162254469175468,0,0,0,0,0,0,0,0,0,0,0,0,0,0,0,0,0,2,2,0,0,0,0,0,0,0,0,0,0,0,0,0,,,0,0,0,0,0,0,0,0,0,0,0,0,,,,0,0,0,0,0,0,0,,0,0,0,0,,167.2,211.2
00-0037268,Z.McCollum,Zyon McCollum,CB,DB,"https://static.www.nfl.com/image/upload/f_auto,q_auto/league/pkpopwwr1bwjvpxwqs94",2023,REG,TB,16,0,0,0,0,0,0,0,0,0,0,0,0,,,0,,0,0,0,0,0,0,,0,0,0,0,0,0,0,0,0,0,,0,,0,0,0,0,41,8,19,0,0,2,0,0,0,0,0,9,0,0,0,0,0,0,0,0,0,3,30,0,0,0,0,0,0,0,0,,,0,0,0,0,0,0,0,0,0,0,0,0,,,,0,0,0,0,0,0,0,,0,0,0,0,,0,0
00-0037269,E.Johnson,Eric Johnson,DT,DL,"https://static.www.nfl.com/image/upload/f_auto,q_auto/league/fsvxbdkpnaondae99zbl",2023,REG,IND,12,0,0,0,0,0,0,0,0,0,0,0,0,,,0,,0,0,0,0,0,0,,0,0,0,0,0,0,0,0,0,0,,0,,0,0,0,0,5,1,9,1,1,0,1,5,3,0,0,0,0,0,0,0,0,0,0,0,0,0,0,0,0,0,0,0,0,0,0,,,0,0,0,0,0,0,0,0,0,0,0,0,,,,0,0,0,0,0,0,0,,0,0,0,0,,0,0
00-0037270,O.Ogbonnia,Otito Ogbonnia,DT,DL,"https://static.www.nfl.com/image/upload/f_auto,q_auto/league/ktcgvykjyamzn8vj2vt1",2023,REG,LAC,7,0,0,0,0,0,0,0,0,0,0,0,0,,,0,,0,0,0,0,0,0,,0,0,0,0,0,0,0,0,0,0,,0,,0,0,0,0,7,3,11,0,0,0,0,0,2,0,0,0,0,0,0,0,0,0,0,0,0,0,0,0,0,0,0,0,0,0,0,,,0,0,0,0,0,0,0,0,0,0,0,0,,,,0,0,0,0,0,0,0,,0,0,0,0,,0,0
00-0037271,D.Jackson,D'Marco Jackson,LB,LB,"https://static.www.nfl.com/image/upload/f_auto,q_auto/league/bwbialh78nao9svr8jqn",2023,REG,NO,7,0,0,0,0,0,0,0,0,0,0,0,0,,,0,,0,0,0,0,0,0,,0,0,0,0,0,0,0,0,0,0,,0,,0,0,0,0,3,0,9,0,0,0,0,0,0,0,0,0,0,0,0,0,0,0,1,1,1,0,0,0,0,0,0,0,0,0,0,,,0,0,0,0,0,0,0,0,0,0,0,0,,,,0,0,0,0,0,0,0,,0,0,0,0,,0,0
00-0037272,M.Washington,Montrell Washington,WR,WR,"https://static.www.nfl.com/image/upload/f_auto,q_auto/league/tmuoypdqpak2ork1rfg0",2023,REG,KC,4,0,0,0,0,0,0,0,0,0,0,0,0,,,0,,0,0,0,0,0,0,,0,0,0,0,0,0,0,0,0,0,,0,,0,0,0,0,0,0,0,0,0,0,0,0,0,0,0,0,0,3,0,0,1,1,0,0,0,0,0,8,61,1,20,0,0,0,0,,,0,0,0,0,0,0,0,0,0,0,0,0,,,,0,0,0,0,0,0,0,,0,0,0,0,,0,0
00-0037273,K.Philips,Kyle Philips,WR,WR,"https://static.www.nfl.com/image/upload/f_auto,q_auto/league/zktgqqc4vywgapt85rmx",2023,REG,TEN,8,0,0,0,0,0,0,0,0,0,0,0,0,,,0,,0,0,0,0,0,0,,0,15,22,181,0,0,0,197,79,9,6.53533885800035,0,0.918781725888325,0.0460251046025105,0.043116655723353,0.0992193159101128,0,0,0,0,0,0,0,0,0,0,0,0,0,0,1,0,0,0,0,0,0,0,0,0,4,23,1,13,0,0,0,0,,,0,0,0,0,0,0,0,0,0,0,0,0,,,,0,0,0,0,0,0,0,,0,0,0,0,,18.1,33.1
00-0037275,D.Bland,DaRon Bland,CB,DB,"https://static.www.nfl.com/image/upload/f_auto,q_auto/league/cl7cnkp2mm58j8o086nm",2023,REG,DAL,17,0,0,0,0,0,0,0,0,0,0,0,0,,,0,,0,0,0,0,0,0,,0,0,0,0,0,0,0,0,0,0,,0,,0,0,0,0,48,5,16,3,5,0,0,0,1,9,209,15,5,0,0,0,0,0,0,0,0,5,67,0,0,0,0,0,0,0,0,,,0,0,0,0,0,0,0,0,0,0,0,0,,,,0,0,0,0,0,0,0,,0,0,0,0,,0,0
00-0037276,T.Chandler,Ty Chandler,RB,RB,"https://static.www.nfl.com/image/upload/f_auto,q_auto/league/i3urodji7vrb11n4pl06",2023,REG,MIN,16,0,0,0,0,0,0,0,0,0,0,0,0,,,0,,102,461,3,0,0,20,0.693466081488367,0,21,25,159,0,0,0,-47,206,7,3.94433855253737,0,-3.38297872340426,0.0412541254125413,-0.00953346855983773,0.0552077601269255,0,1,0,2,0,0,0,0,0,0,0,0,0,0,0,0,0,0,0,0,0,0,0,0,0,0,4,97,0,0,0,0,,,0,0,0,0,0,0,0,0,0,0,0,0,,,,0,0,0,0,0,0,0,,0,0,0,0,,80,101
00-0037277,T.Quitoriano,Teagan Quitoriano,TE,TE,"https://static.www.nfl.com/image/upload/f_auto,q_auto/league/ecx86iiwr69wkwupjvzk",2023,REG,HOU,3,0,0,0,0,0,0,0,0,0,0,0,0,,,0,,0,0,0,0,0,0,,0,2,3,33,0,0,0,15,18,2,2.07266961468849,0,2.2,0.00530035335689046,0.00289743094456249,0.00997873169652943,0,0,0,0,0,0,0,0,0,0,0,0,0,0,0,0,0,0,0,0,0,0,0,0,0,0,0,0,0,0,0,0,,,0,0,0,0,0,0,0,0,0,0,0,0,,,,0,0,0,0,0,0,0,,0,0,0,0,,3.3,5.3
00-0037280,M.Butler,Matthew Butler,DT,DL,"https://static.www.nfl.com/image/upload/f_auto,q_auto/league/nsv9pnp9s8oaxaepftzk",2023,REG,LV,1,0,0,0,0,0,0,0,0,0,0,0,0,,,0,,0,0,0,0,0,0,,0,0,0,0,0,0,0,0,0,0,,0,,0,0,0,0,0,0,1,0,0,0,0,0,0,0,0,0,0,0,0,0,0,0,0,0,0,0,0,0,0,0,0,0,0,0,0,,,0,0,0,0,0,0,0,0,0,0,0,0,,,,0,0,0,0,0,0,0,,0,0,0,0,,0,0
00-0037281,D.Clark,Damone Clark,LB,LB,"https://static.www.nfl.com/image/upload/f_auto,q_auto/league/gmsr31hk1blgplqqkzml",2023,REG,DAL,17,0,0,0,0,0,0,0,0,0,0,0,0,,,0,,0,0,0,0,0,0,,0,0,0,0,0,0,0,0,0,0,,0,,0,0,0,0,50,20,39,3,11,0,0,0,3,0,0,3,0,0,0,0,0,0,1,1,0,1,15,0,0,0,0,0,0,0,0,,,0,0,0,0,0,0,0,0,0,0,0,0,,,,0,0,0,0,0,0,0,,0,0,0,0,,0,0
00-0037282,J.Mitchell,James Mitchell,TE,TE,"https://static.www.nfl.com/image/upload/f_auto,q_auto/league/ragin6kbjyfeffii1hrl",2023,REG,DET,2,0,0,0,0,0,0,0,0,0,0,0,0,,,0,,0,0,0,0,0,0,,0,2,2,28,0,0,0,16,12,1,1.33874902226683,0,1.75,0.00348432055749129,0.00391581008321097,0.00796754789448461,0,0,0,0,0,0,0,0,0,0,0,0,0,0,0,0,0,0,0,0,0,0,1,10,0,0,0,0,0,0,0,0,,,0,0,0,0,0,0,0,0,0,0,0,0,,,,0,0,0,0,0,0,0,,0,0,0,0,,2.8,4.8
00-0037283,J.Ridgeway,John Ridgeway,DT,DL,"https://static.www.nfl.com/image/upload/f_auto,q_auto/league/irpvoorgwwezk7qxrp0m",2023,REG,WAS,14,0,0,0,0,0,0,0,0,0,0,0,0,,,0,,0,0,0,0,0,0,,0,0,0,0,0,0,0,0,0,0,,0,,0,0,0,0,11,5,15,0,0,0,0,0,0,0,0,1,0,0,0,0,0,0,0,0,0,0,0,0,0,0,0,0,0,0,0,,,0,0,0,0,0,0,0,0,0,0,0,0,,,,0,0,0,0,0,0,0,,0,0,0,0,,0,0
00-0037286,K.Harris,Kevin Harris,RB,RB,"https://static.www.nfl.com/image/private/f_auto,q_auto/league/jlqnwxuwbkoscvv9kz5h",2023,REG,NE,4,0,0,0,0,0,0,0,0,0,0,0,0,,,0,,16,65,1,0,0,2,-2.28036905411864,0,3,3,58,0,0,0,-1,59,2,4.87760370835895,0,-58,0.0055452865064695,-0.000244140625,0.00814703132220425,0,0,0,0,0,0,0,0,0,0,0,0,0,0,0,0,0,0,0,0,0,0,0,0,0,0,1,20,0,0,0,0,,,0,0,0,0,0,0,0,0,0,0,0,0,,,,0,0,0,0,0,0,0,,0,0,0,0,,18.3,21.3
00-0037287,V.Lowe,Vederian Lowe,OT,OL,"https://static.www.nfl.com/image/upload/f_auto,q_auto/league/a72w3jazmnecd5nepevf",2023,REG,NE,3,0,0,0,0,0,0,0,0,0,0,0,0,,,0,,0,0,0,0,0,0,,0,0,0,0,0,0,0,0,0,0,,0,,0,0,0,0,0,0,0,0,0,0,0,0,0,0,0,0,0,0,0,0,0,0,1,1,0,2,10,0,0,0,0,0,0,0,0,,,0,0,0,0,0,0,0,0,0,0,0,0,,,,0,0,0,0,0,0,0,,0,0,0,0,,0,0
00-0037288,C.Benford,Christian Benford,CB,DB,"https://static.www.nfl.com/image/upload/f_auto,q_auto/league/nltmhbxql5thc91mk1xy",2023,REG,BUF,15,0,0,0,0,0,0,0,0,0,0,0,0,,,0,,0,0,0,0,0,0,,0,0,0,0,0,0,0,0,0,0,,0,,0,0,0,0,38,5,11,3,4,2,0,0,0,2,8,10,0,0,0,0,0,0,1,1,0,4,17,0,0,0,0,0,0,0,0,,,0,0,0,0,0,0,0,0,0,0,0,0,,,,0,0,0,0,0,0,0,,0,0,0,0,,0,0
00-0037289,M.Rodriguez,Malcolm Rodriguez,LB,LB,"https://static.www.nfl.com/image/upload/f_auto,q_auto/league/ofwspc5nzlzqdvxqvpxc",2023,REG,DET,11,0,0,0,0,0,0,0,0,0,0,0,0,,,0,,0,0,0,0,0,0,,0,1,1,6,0,0,0,6,0,1,0.0505867791362107,0,1,0.00174216027874564,0.00146842878120411,0.00364114056496135,0,14,0,8,0,0,1,0,0,0,0,0,0,0,0,0,0,0,0,0,0,0,0,0,0,0,0,0,0,0,0,0,,,0,0,0,0,0,0,0,0,0,0,0,0,,,,0,0,0,0,0,0,0,,0,0,0,0,,0.6,1.6
00-0037291,J.Nailor,Jalen Nailor,WR,WR,"https://static.www.nfl.com/image/upload/f_auto,q_auto/league/sdsx2pttiiwbfpyuuwiz",2023,REG,MIN,3,0,0,0,0,0,0,0,0,0,0,0,0,,,0,,0,0,0,0,0,0,,0,3,6,29,0,0,0,54,21,1,-2.02553678123513,0,0.537037037037037,0.0099009900990099,0.0109533468559838,0.0225188279477035,0,1,0,0,0,0,0,0,0,0,0,0,0,0,0,0,0,0,0,0,0,0,1,10,0,0,0,0,0,0,0,0,,,0,0,0,0,0,0,0,0,0,0,0,0,,,,0,0,0,0,0,0,0,,0,0,0,0,,2.9,5.9
00-0037292,A.Ogletree,Andrew Ogletree,TE,TE,"https://static.www.nfl.com/image/upload/f_auto,q_auto/league/gw6pbughf5gdn2sm189f",2023,REG,IND,11,0,0,0,0,0,0,0,0,0,0,0,0,,,0,,0,0,0,0,0,0,,0,9,21,147,2,0,0,209,30,8,9.11115194103331,0,0.703349282296651,0.0384615384615385,0.0491186839012926,0.0920753864232125,0,3,0,3,0,0,0,0,0,0,0,0,0,0,0,0,0,0,0,0,0,0,0,0,0,0,0,0,0,0,0,0,,,0,0,0,0,0,0,0,0,0,0,0,0,,,,0,0,0,0,0,0,0,,0,0,0,0,,26.7,35.7
00-0037293,D.Harper,Devin Harper,LB,LB,"https://static.www.nfl.com/image/upload/f_auto,q_auto/league/kmxn7gzhqkoebrktadhh",2023,REG,CIN,5,0,0,0,0,0,0,0,0,0,0,0,0,,,0,,0,0,0,0,0,0,,0,0,0,0,0,0,0,0,0,0,,0,,0,0,0,0,3,1,1,0,0,0,0,0,0,0,0,0,0,0,0,0,0,0,0,0,0,2,25,0,0,0,0,0,0,0,0,,,0,0,0,0,0,0,0,0,0,0,0,0,,,,0,0,0,0,0,0,0,,0,0,0,0,,0,0
00-0037295,J.Salyer,Jamaree Salyer,G,OL,"https://static.www.nfl.com/image/upload/f_auto,q_auto/league/u3uyixtjb60xtwwth40a",2023,REG,LAC,3,0,0,0,0,0,0,0,0,0,0,0,0,,,0,,0,0,0,0,0,0,,0,0,0,0,0,0,0,0,0,0,,0,,0,0,0,0,0,0,0,0,0,0,0,0,0,0,0,0,0,0,0,0,0,0,0,0,0,3,25,0,0,0,0,0,0,0,0,,,0,0,0,0,0,0,0,0,0,0,0,0,,,,0,0,0,0,0,0,0,,0,0,0,0,,0,0
00-0037296,G.Junior,Gregory Junior,CB,DB,"https://static.www.nfl.com/image/upload/f_auto,q_auto/league/opu4jtxbzaa9pndej4cj",2023,REG,JAX,3,0,0,0,0,0,0,0,0,0,0,0,0,,,0,,0,0,0,0,0,0,,0,0,0,0,0,0,0,0,0,0,,0,,0,0,0,0,4,3,4,0,0,0,0,0,0,0,0,1,0,0,0,0,0,0,0,0,0,0,0,0,0,0,0,0,0,0,0,,,0,0,0,0,0,0,0,0,0,0,0,0,,,,0,0,0,0,0,0,0,,0,0,0,0,,0,0
00-0037297,C.Mays,Cade Mays,C,OL,"https://static.www.nfl.com/image/upload/f_auto,q_auto/league/lvwir8l56pkjixweaca4",2023,REG,CAR,5,0,0,0,0,0,0,0,0,0,0,0,0,,,0,,0,0,0,0,0,0,,0,0,0,0,0,0,0,0,0,0,,0,,0,0,0,0,1,0,0,0,0,0,0,0,0,0,0,0,0,0,0,0,0,0,0,0,0,4,29,0,0,0,0,0,0,0,0,,,0,0,0,0,0,0,0,0,0,0,0,0,,,,0,0,0,0,0,0,0,,0,0,0,0,,0,0
00-0037298,S.Roberts,Sam Roberts,DE,DL,"https://static.www.nfl.com/image/upload/f_auto,q_auto/league/lpeonw4s0htacobg1qa4",2023,REG,NE,5,0,0,0,0,0,0,0,0,0,0,0,0,,,0,,0,0,0,0,0,0,,0,0,0,0,0,0,0,0,0,0,,0,,0,0,0,0,2,0,3,0,0,0,0,0,0,0,0,0,0,0,0,0,0,0,0,0,0,1,12,0,0,0,0,0,0,0,0,,,0,0,0,0,0,0,0,0,0,0,0,0,,,,0,0,0,0,0,0,0,,0,0,0,0,,0,0
00-0037299,K.Ingram,Keaontay Ingram,RB,RB,"https://static.www.nfl.com/image/upload/f_auto,q_auto/league/fa4if2wnlgsmjmkcnxke",2023,REG,ARI,7,0,0,0,0,0,0,0,0,0,0,0,0,,,0,,35,74,0,0,0,4,-11.3167110374243,0,4,4,26,0,0,0,-5,31,1,0.33775865577627,0,-5.2,0.00740740740740741,-0.00119445771619685,0.0102749907097733,0,0,0,0,0,0,0,0,0,0,0,0,0,0,0,0,0,0,0,0,0,0,0,0,0,0,0,0,0,0,0,0,,,0,0,0,0,0,0,0,0,0,0,0,0,,,,0,0,0,0,0,0,0,,0,0,0,0,,10,14
00-0037301,Th.Jackson,Theo Jackson,SAF,DB,"https://static.www.nfl.com/image/upload/f_auto,q_auto/league/g9hb4dnu5xp63p5wjvrw",2023,REG,MIN,11,0,0,0,0,0,0,0,0,0,0,0,0,,,0,,0,0,0,0,0,0,,0,0,0,0,0,0,0,0,0,0,,0,,0,0,0,0,12,2,7,0,0,0,0,0,1,1,0,1,0,0,0,0,0,0,0,0,0,0,0,0,0,0,0,0,0,0,0,,,0,0,0,0,0,0,0,0,0,0,0,0,,,,0,0,0,0,0,0,0,,0,0,0,0,,0,0
00-0037303,M.Henningsen,Matt Henningsen,DE,DL,"https://static.www.nfl.com/image/upload/f_auto,q_auto/league/rvb3an0xk8hsda8xytra",2023,REG,DEN,12,0,0,0,0,0,0,0,0,0,0,0,0,,,0,,0,0,0,0,0,0,,0,0,0,0,0,0,0,0,0,0,,0,,0,0,0,0,8,2,9,0,0,0,0,0,1,0,0,2,0,0,0,0,0,0,0,0,0,0,0,0,0,0,0,0,0,0,0,,,0,0,0,0,0,0,0,0,0,0,0,0,,,,0,0,0,0,0,0,0,,0,0,0,0,,0,0
00-0037304,Co.Heyward,Connor Heyward,TE,TE,"https://static.www.nfl.com/image/upload/f_auto,q_auto/league/b9bnasge2v2dtctdtqnf",2023,REG,PIT,14,0,1,0,0,0,0,0,0,0,-4,0,0,-0.25261004906497,-85.4205429553986,0,0,1,0,0,0,0,0,-1.86711403774098,0,23,34,167,0,0,0,175,94,8,-4.15933388719375,0,0.954285714285714,0.0702479338842975,0.0462351387054161,0.137736497920238,0,2,0,1,0,0,0,0,0,0,0,0,0,0,0,0,0,0,0,0,0,0,4,30,0,0,0,0,0,0,0,0,,,0,0,0,0,0,0,0,0,0,0,0,0,,,,0,0,0,0,0,0,0,,0,0,0,0,,16.7,39.7
00-0037306,J.FitzPatrick,John FitzPatrick,TE,TE,"https://static.www.nfl.com/image/upload/f_auto,q_auto/league/kopyksw2p51nivtldayc",2023,REG,ATL,3,0,0,0,0,0,0,0,0,0,0,0,0,,,0,,0,0,0,0,0,0,,0,1,1,12,0,0,0,2,10,1,0.712112442590296,0,6,0.00196850393700787,0.00046029919447641,0.0032749653416453,0,3,1,0,0,0,0,0,0,0,0,0,0,0,0,0,0,0,0,0,0,0,0,0,0,0,0,0,0,0,0,0,,,0,0,0,0,0,0,0,0,0,0,0,0,,,,0,0,0,0,0,0,0,,0,0,0,0,,1.2,2.2
00-0037307,J.Taylor,Ja'Sir Taylor,CB,DB,"https://static.www.nfl.com/image/upload/f_auto,q_auto/league/usnlevporxzqj27zhgwu",2023,REG,LAC,13,0,0,0,0,0,0,0,0,0,0,0,0,,,0,,0,0,0,0,0,0,,0,0,0,0,0,0,0,0,0,0,,0,,0,0,0,0,23,2,7,0,0,0,0,0,2,1,8,8,0,0,0,0,0,0,0,0,0,3,25,0,0,0,0,0,0,0,0,,,0,0,0,0,0,0,0,0,0,0,0,0,,,,0,0,0,0,0,0,0,,0,0,0,0,,0,0
00-0037310,J.Houston,James Houston,DE,DL,"https://static.www.nfl.com/image/upload/f_auto,q_auto/league/wrqp1yxxj1diweafto22",2023,REG,DET,2,0,0,0,0,0,0,0,0,0,0,0,0,,,0,,0,0,0,0,0,0,,0,0,0,0,0,0,0,0,0,0,,0,,0,0,0,0,1,0,0,0,0,0,0,0,1,0,0,0,0,0,0,0,0,0,0,0,0,0,0,0,0,0,0,0,0,0,0,,,0,0,0,0,0,0,0,0,0,0,0,0,,,,0,0,0,0,0,0,0,,0,0,0,0,,0,0
00-0037311,K.Kieft,Ko Kieft,TE,TE,"https://static.www.nfl.com/image/upload/f_auto,q_auto/league/ibtxauqcq4tjq4xsgf6a",2023,REG,TB,10,0,0,0,0,0,0,0,0,0,0,0,0,,,0,,0,0,0,0,0,0,,0,1,5,2,1,0,0,61,2,1,-1.33432855439605,0,0.0327868852459016,0.00909090909090909,0.0125385405960946,0.0224133420536298,0,3,0,4,0,0,0,0,0,0,0,0,0,0,0,0,0,0,0,0,0,0,0,0,0,0,0,0,0,0,0,0,,,0,0,0,0,0,0,0,0,0,0,0,0,,,,0,0,0,0,0,0,0,,0,0,0,0,,6.2,7.2
00-0037312,C.Campbell,Chance Campbell,LB,LB,"https://static.www.nfl.com/image/upload/f_auto,q_auto/league/kgrcvyoj0medjywaud0o",2023,REG,TEN,1,0,0,0,0,0,0,0,0,0,0,0,0,,,0,,0,0,0,0,0,0,,0,0,0,0,0,0,0,0,0,0,,0,,0,0,0,0,1,0,2,0,0,0,0,0,0,0,0,0,0,0,0,0,0,0,0,0,0,0,0,0,0,0,0,0,0,0,0,,,0,0,0,0,0,0,0,0,0,0,0,0,,,,0,0,0,0,0,0,0,,0,0,0,0,,0,0
00-0037313,M.Brown,Montaric Brown,CB,DB,"https://static.www.nfl.com/image/upload/f_auto,q_auto/league/hvnfc3mqxut3v0mufgg5",2023,REG,JAX,8,0,0,0,0,0,0,0,0,0,0,0,0,,,0,,0,0,0,0,0,0,,0,0,0,0,0,0,0,0,0,0,,0,,0,0,0,0,23,2,9,0,0,0,0,0,0,0,0,4,0,0,0,0,0,0,0,0,0,1,5,0,0,0,0,0,0,0,0,,,0,0,0,0,0,0,0,0,0,0,0,0,,,,0,0,0,0,0,0,0,,0,0,0,0,,0,0
00-0037315,C.Goode,Cameron Goode,LB,LB,"https://static.www.nfl.com/image/upload/f_auto,q_auto/league/y9nbijy8p3twagggyodh",2023,REG,MIA,5,0,0,0,0,0,0,0,0,0,0,0,0,,,0,,0,0,0,0,0,0,,0,0,0,0,0,0,0,0,0,0,,0,,0,0,0,0,2,1,3,0,0,0,0,0,2,0,0,0,0,0,0,0,0,0,0,0,0,1,10,0,0,0,0,0,0,0,0,,,0,0,0,0,0,0,0,0,0,0,0,0,,,,0,0,0,0,0,0,0,,0,0,0,0,,0,0
00-0037316,M.Robinson,Mark Robinson,LB,LB,"https://static.www.nfl.com/image/upload/f_auto,q_auto/league/l7u61ekvlhzwchpxcdbo",2023,REG,PIT,11,0,0,0,0,0,0,0,0,0,0,0,0,,,0,,0,0,0,0,0,0,,0,0,0,0,0,0,0,0,0,0,,0,,0,0,0,0,21,1,8,1,8,1,1,8,1,0,0,0,0,0,0,0,0,0,0,0,0,2,15,0,0,0,0,0,0,0,0,,,0,0,0,0,0,0,0,0,0,0,0,0,,,,0,0,0,0,0,0,0,,0,0,0,0,,0,0
00-0037317,N.Muse,Nick Muse,TE,TE,"https://static.www.nfl.com/image/upload/f_auto,q_auto/league/cdidnsvt1we5d7ffnjbo",2023,REG,MIN,1,0,0,0,0,0,0,0,0,0,0,0,0,,,0,,0,0,0,0,0,0,,0,1,1,22,0,0,0,12,10,1,1.35134004242718,0,1.83333333333333,0.00165016501650165,0.00243407707910751,0.00417910148012773,0,0,0,1,0,0,0,0,0,0,0,0,0,0,0,0,0,0,0,0,0,0,0,0,0,0,0,0,0,0,0,0,,,0,0,0,0,0,0,0,0,0,0,0,0,,,,0,0,0,0,0,0,0,,0,0,0,0,,2.2,3.2
00-0037318,B.Spector,Baylon Spector,LB,LB,"https://static.www.nfl.com/image/upload/f_auto,q_auto/league/ekmjqmhpbhtlydc3sfag",2023,REG,BUF,4,0,0,0,0,0,0,0,0,0,0,0,0,,,0,,0,0,0,0,0,0,,0,0,0,0,0,0,0,0,0,0,,0,,0,0,0,0,2,0,4,0,0,0,0,0,0,0,0,0,0,0,0,0,0,0,0,0,0,2,15,0,0,0,0,0,0,0,0,,,0,0,0,0,0,0,0,0,0,0,0,0,,,,0,0,0,0,0,0,0,,0,0,0,0,,0,0
00-0037320,D.Leonard,Deane Leonard,CB,DB,"https://static.www.nfl.com/image/upload/f_auto,q_auto/league/jk2a21dqnjr8ssq5s0tv",2023,REG,LAC,6,0,0,0,0,0,0,0,0,0,0,0,0,,,0,,0,0,0,0,0,0,,0,0,0,0,0,0,0,0,0,0,,0,,0,0,0,0,22,0,6,1,5,1,0,0,0,0,0,3,0,0,0,0,0,0,0,0,0,1,5,0,0,0,0,0,0,0,0,,,0,0,0,0,0,0,0,0,0,0,0,0,,,,0,0,0,0,0,0,0,,0,0,0,0,,0,0
00-0037321,C.Lucas,Chase Lucas,CB,DB,"https://static.www.nfl.com/image/upload/f_auto,q_auto/league/ftkp0eabjmqrbftyddyo",2023,REG,DET,3,0,0,0,0,0,0,0,0,0,0,0,0,,,0,,0,0,0,0,0,0,,0,0,0,0,0,0,0,0,0,0,,0,,0,0,0,0,2,0,1,0,0,0,0,0,0,0,0,0,0,0,0,0,0,0,0,0,0,1,15,0,0,0,0,0,0,0,0,,,0,0,0,0,0,0,0,0,0,0,0,0,,,,0,0,0,0,0,0,0,,0,0,0,0,,0,0
00-0037322,T.Munford,Thayer Munford Jr.,OT,OL,"https://static.www.nfl.com/image/upload/f_auto,q_auto/league/jeao2meaxkgip4pshlww",2023,REG,LV,2,0,0,0,0,0,0,0,0,0,0,0,0,,,0,,0,0,0,0,0,0,,0,0,0,0,0,0,0,0,0,0,,0,,0,0,0,0,1,0,0,0,0,0,0,0,0,0,0,0,0,0,0,0,0,0,0,0,0,1,10,0,0,0,0,0,0,0,0,,,0,0,0,0,0,0,0,0,0,0,0,0,,,,0,0,0,0,0,0,0,,0,0,0,0,,0,0
00-0037323,R.Thomas,Rodney Thomas,SAF,DB,"https://static.www.nfl.com/image/upload/f_auto,q_auto/league/rmch7ilcol08gczhpwp6",2023,REG,IND,13,0,0,0,0,0,0,0,0,0,0,0,0,,,0,,0,0,0,0,0,0,,0,0,0,0,0,0,0,0,0,0,,0,,0,0,0,0,27,3,4,0,0,0,0,0,0,2,5,4,0,0,0,0,0,0,0,0,0,0,0,0,0,0,0,0,0,0,0,,,0,0,0,0,0,0,0,0,0,0,0,0,,,,0,0,0,0,0,0,0,,0,0,0,0,,0,0
00-0037330,J.Luketa,Jesse Luketa,LB,LB,"https://static.www.nfl.com/image/upload/f_auto,q_auto/league/ulrqjbgiw7ukufjd1yez",2023,REG,ARI,9,0,0,0,0,0,0,0,0,0,0,0,0,,,0,,0,0,0,0,0,0,,0,0,0,0,0,0,0,0,0,0,,0,,0,0,0,0,4,0,7,1,6,0,0,0,1,0,0,0,0,0,0,0,0,0,0,0,0,0,0,0,0,0,0,0,0,0,0,,,0,0,0,0,0,0,0,0,0,0,0,0,,,,0,0,0,0,0,0,0,,0,0,0,0,,0,0
00-0037332,Da.Bell,D'Anthony Bell,SAF,DB,"https://static.www.nfl.com/image/upload/f_auto,q_auto/league/ckont3gxmlaebwbbkplr",2023,REG,CLE,8,0,0,0,0,0,0,0,0,0,0,0,0,,,0,,0,0,0,0,0,0,,0,0,0,0,0,0,0,0,0,0,,0,,0,0,0,0,22,3,3,3,7,1,0,0,1,2,8,4,0,0,0,0,0,0,0,0,0,0,0,0,0,0,0,0,0,0,0,,,0,0,0,0,0,0,0,0,0,0,0,0,,,,0,0,0,0,0,0,0,,0,0,0,0,,0,0
00-0037336,B.Hoffman,Brock Hoffman,C,OL,"https://static.www.nfl.com/image/upload/f_auto,q_auto/league/yzgyme4uziotnwqbfn7x",2023,REG,DAL,2,0,0,0,0,0,0,0,0,0,0,0,0,,,0,,0,0,0,0,0,0,,0,0,0,0,0,0,0,0,0,0,,0,,0,0,0,0,0,0,0,0,0,0,0,0,0,0,0,0,0,0,0,0,0,0,0,0,0,2,20,0,0,0,0,0,0,0,0,,,0,0,0,0,0,0,0,0,0,0,0,0,,,,0,0,0,0,0,0,0,,0,0,0,0,,0,0
00-0037353,K.Kohou,Kader Kohou,CB,DB,"https://static.www.nfl.com/image/upload/f_auto,q_auto/league/ngmustpsoeobxhntvpsf",2023,REG,MIA,16,0,0,0,0,0,0,0,0,0,0,0,0,,,0,,0,0,0,0,0,0,,0,0,0,0,0,0,0,0,0,0,,0,,0,0,0,0,47,5,11,5,23,0,1,12,5,0,0,10,0,0,0,0,0,0,1,1,0,2,58,0,0,0,0,0,0,0,0,,,0,0,0,0,0,0,0,0,0,0,0,0,,,,0,0,0,0,0,0,0,,0,0,0,0,,0,0
00-0037356,B.Stille,Ben Stille,DE,DL,"https://static.www.nfl.com/image/upload/f_auto,q_auto/league/wyj9urijpkzuz2noqk2g",2023,REG,ARI,4,0,0,0,0,0,0,0,0,0,0,0,0,,,0,,0,0,0,0,0,0,,0,0,0,0,0,0,0,0,0,0,,0,,0,0,0,0,3,3,2,0,0,0,1,0,1,0,0,0,0,0,0,0,0,0,0,0,0,1,5,0,0,0,0,0,0,0,0,,,0,0,0,0,0,0,0,0,0,0,0,0,,,,0,0,0,0,0,0,0,,0,0,0,0,,0,0
00-0037375,C.Hinton,Christopher Hinton,DT,DL,"https://static.www.nfl.com/image/upload/f_auto,q_auto/league/qgg47ajpbsmv9td5qlrt",2023,REG,LAC,3,0,0,0,0,0,0,0,0,0,0,0,0,,,0,,0,0,0,0,0,0,,0,0,0,0,0,0,0,0,0,0,,0,,0,0,0,0,2,2,6,0,0,0,0,0,0,0,0,0,0,0,0,0,0,0,0,0,0,0,0,0,0,0,0,0,0,0,0,,,0,0,0,0,0,0,0,0,0,0,0,0,,,,0,0,0,0,0,0,0,,0,0,0,0,,0,0
00-0037377,T.Thompson,Trenton Thompson,DB,DB,"https://static.www.nfl.com/image/private/f_auto,q_auto/league/vdvjwtgpiigi8k2xxurx",2023,REG,PIT,5,0,0,0,0,0,0,0,0,0,0,0,0,,,0,,0,0,0,0,0,0,,0,0,0,0,0,0,0,0,0,0,,0,,0,0,0,0,17,2,3,0,0,0,0,0,0,1,6,3,0,0,0,0,0,0,0,0,0,0,0,0,0,0,0,0,0,0,0,,,0,0,0,0,0,0,0,0,0,0,0,0,,,,0,0,0,0,0,0,0,,0,0,0,0,,0,0
00-0037382,B.Johnson,Brandon Johnson,WR,WR,"https://static.www.nfl.com/image/upload/f_auto,q_auto/league/pjdx1jdr9snczoeyevli",2023,REG,DEN,10,0,0,0,0,0,0,0,0,0,0,0,0,,,0,,0,0,0,0,0,0,,0,19,30,284,4,0,0,328,89,12,21.3616545516567,1,0.865853658536585,0.0628930817610063,0.0873734683004795,0.155501050451845,0,0,0,0,0,0,0,0,0,0,0,0,0,0,0,0,0,0,0,0,0,0,3,15,0,0,0,0,0,0,0,0,,,0,0,0,0,0,0,0,0,0,0,0,0,,,,0,0,0,0,0,0,0,,0,0,0,0,,54.4,73.4
00-0037383,K.Mauga,Kana'i Mauga,ILB,LB,"https://static.www.nfl.com/image/upload/f_auto,q_auto/league/lh27qiuvou0wapxxg83j",2023,REG,LV,2,0,0,0,0,0,0,0,0,0,0,0,0,,,0,,0,0,0,0,0,0,,0,0,0,0,0,0,0,0,0,0,,0,,0,0,0,0,1,0,2,0,0,0,0,0,0,0,0,0,0,0,0,0,0,0,0,0,0,0,0,0,0,0,0,0,0,0,0,,,0,0,0,0,0,0,0,0,0,0,0,0,,,,0,0,0,0,0,0,0,,0,0,0,0,,0,0
00-0037384,J.McMillian,Ja'Quan McMillian,CB,DB,"https://static.www.nfl.com/image/upload/f_auto,q_auto/league/kpgabuesfqci0swbrkem",2023,REG,DEN,12,0,0,0,0,0,0,0,0,0,0,0,0,,,0,,0,0,0,0,0,0,,0,0,0,0,0,0,0,0,0,0,,0,,0,0,0,0,31,6,14,5,33,2,2,15,3,2,14,5,0,0,0,0,0,0,2,2,0,1,9,0,0,0,0,0,0,0,0,,,0,0,0,0,0,0,0,0,0,0,0,0,,,,0,0,0,0,0,0,0,,0,0,0,0,,0,0
00-0037392,T.Denbow,Trevor Denbow,DB,DB,"https://static.www.nfl.com/image/upload/f_auto,q_auto/league/wrrbgysos44kvlx19rzb",2023,REG,IND,10,0,0,0,0,0,0,0,0,0,0,0,0,,,0,,0,0,0,0,0,0,,0,0,0,0,0,0,0,0,0,0,,0,,0,0,0,0,6,3,3,0,0,0,0,0,0,0,0,0,0,0,0,0,0,0,0,0,0,0,0,0,0,0,0,0,0,0,0,,,0,0,0,0,0,0,0,0,0,0,0,0,,,,0,0,0,0,0,0,0,,0,0,0,0,,0,0
00-0037393,J.Domann,JoJo Domann,LB,LB,"https://static.www.nfl.com/image/upload/f_auto,q_auto/league/htqh9jv53g4fxryxbd8a",2023,REG,TEN,3,0,0,0,0,0,0,0,0,0,0,0,0,,,0,,0,0,0,0,0,0,,0,0,0,0,0,0,0,0,0,0,,0,,0,0,0,0,1,0,2,0,0,0,0,0,0,0,0,0,0,0,0,0,0,0,0,0,0,1,10,0,0,0,0,0,0,0,0,,,0,0,0,0,0,0,0,0,0,0,0,0,,,,0,0,0,0,0,0,0,,0,0,0,0,,0,0
00-0037395,D.Flowers,Dallis Flowers,CB,DB,"https://static.www.nfl.com/image/upload/f_auto,q_auto/league/ejoqt02yk1eubbibnxre",2023,REG,IND,4,0,0,0,0,0,0,0,0,0,0,0,0,,,0,,0,0,0,0,0,0,,0,0,0,0,0,0,0,0,0,0,,0,,0,0,0,0,11,0,4,1,1,0,0,0,0,0,0,3,0,0,0,0,0,0,0,0,0,0,0,0,0,1,19,0,0,0,0,,,0,0,0,0,0,0,0,0,0,0,0,0,,,,0,0,0,0,0,0,0,,0,0,0,0,,0,0
00-0037396,W.French,Wesley French,C,OL,"https://static.www.nfl.com/image/upload/f_auto,q_auto/league/jd4pp7egjcodrh7e5k1l",2023,REG,IND,1,0,0,0,0,0,0,0,0,0,0,0,0,,,0,,0,0,0,0,0,0,,0,0,0,0,0,0,0,0,0,0,,0,,0,0,0,0,0,0,0,0,0,0,0,0,0,0,0,0,0,0,0,0,0,0,0,0,0,1,4,0,0,0,0,0,0,0,0,,,0,0,0,0,0,0,0,0,0,0,0,0,,,,0,0,0,0,0,0,0,,0,0,0,0,,0,0
00-0037410,J.Corbin,Jashaun Corbin,RB,RB,"https://static.www.nfl.com/image/upload/f_auto,q_auto/league/ovzlcbe1osd6ugfxu55d",2023,REG,NYG,3,0,0,0,0,0,0,0,0,0,0,0,0,,,0,,1,1,0,0,0,1,1.84878979931818,0,3,3,12,0,0,0,-1,13,1,2.79917929961812,0,-12,0.00618556701030928,-0.000264131008980454,0.0090934588091776,0,1,1,1,0,0,0,0,0,0,0,0,0,0,0,0,0,0,0,0,0,0,1,5,0,0,0,0,0,0,0,0,,,0,0,0,0,0,0,0,0,0,0,0,0,,,,0,0,0,0,0,0,0,,0,0,0,0,,1.3,4.3
00-0037412,C.Adomitis,Cal Adomitis,LS,SPEC,"https://static.www.nfl.com/image/upload/f_auto,q_auto/league/hi1jz8g2dtq0l6efegra",2023,REG,CIN,1,0,0,0,0,0,0,0,0,0,0,0,0,,,0,,0,0,0,0,0,0,,0,0,0,0,0,0,0,0,0,0,,0,,0,0,0,0,1,0,0,0,0,0,0,0,0,0,0,0,0,0,0,0,0,0,0,0,0,0,0,0,0,0,0,0,0,0,0,,,0,0,0,0,0,0,0,0,0,0,0,0,,,,0,0,0,0,0,0,0,,0,0,0,0,,0,0
00-0037420,K.Lassiter,Kwamie Lassiter II,WR,WR,"https://static.www.nfl.com/image/private/f_auto,q_auto/league/emeqage9tq2mlpnlkzl9",2023,REG,CIN,1,0,0,0,0,0,0,0,0,0,0,0,0,,,0,,0,0,0,0,0,0,,0,1,1,2,0,0,0,-1,3,0,0.222314799961168,0,0,0.00168918918918919,-0.000257864878803507,0.00235327836862133,0,0,0,0,0,0,0,0,0,0,0,0,0,0,0,0,0,0,0,0,0,0,0,0,0,0,0,0,0,0,0,0,,,0,0,0,0,0,0,0,0,0,0,0,0,,,,0,0,0,0,0,0,0,,0,0,0,0,,0.2,1.2
00-0037429,R.Blackshear,Raheem Blackshear,RB,RB,"https://static.www.nfl.com/image/upload/f_auto,q_auto/league/hzdyiuzm78dpedlcicwy",2023,REG,CAR,9,0,0,0,0,0,0,0,0,0,0,0,0,,,0,,14,46,0,0,0,1,-3.43989812838458,1,6,7,45,0,0,0,13,38,1,-2.05442145303823,0,3.46153846153846,0.0131086142322097,0.00290049085229808,0.0216932649449233,0,0,0,0,0,0,0,0,0,0,0,0,0,0,0,0,0,0,0,0,0,0,0,0,0,0,16,430,0,0,0,0,,,0,0,0,0,0,0,0,0,0,0,0,0,,,,0,0,0,0,0,0,0,,0,0,0,0,,11.1,17.1
00-0037431,K.Jonathan,Kingsley Jonathan,DE,DL,"https://static.www.nfl.com/image/upload/f_auto,q_auto/league/bqknndwhdjnpkzp9h59r",2023,REG,BUF,6,0,0,0,0,0,0,0,0,0,0,0,0,,,0,,0,0,0,0,0,0,,0,0,0,0,0,0,0,0,0,0,,0,,0,0,0,0,2,1,2,0,0,1,0,0,2,0,0,0,0,0,0,0,0,0,0,0,0,0,0,0,0,0,0,0,0,0,0,,,0,0,0,0,0,0,0,0,0,0,0,0,,,,0,0,0,0,0,0,0,,0,0,0,0,,0,0
00-0037447,T.Fox,Tomon Fox,LB,LB,"https://static.www.nfl.com/image/upload/f_auto,q_auto/league/lccvchowchcmx5ymg67u",2023,REG,NYG,1,0,0,0,0,0,0,0,0,0,0,0,0,,,0,,0,0,0,0,0,0,,0,0,0,0,0,0,0,0,0,0,,0,,0,0,0,0,1,0,0,0,0,0,0,0,0,0,0,0,0,0,0,0,0,0,0,0,0,0,0,0,0,0,0,0,0,0,0,,,0,0,0,0,0,0,0,0,0,0,0,0,,,,0,0,0,0,0,0,0,,0,0,0,0,,0,0
00-0037451,R.Williams,Rod Williams,TE,TE,"https://static.www.nfl.com/image/upload/f_auto,q_auto/league/wdqerph3lu151tifksgo",2023,REG,PIT,6,0,0,0,0,0,0,0,0,0,0,0,0,,,0,,0,0,0,0,0,0,,0,0,2,0,0,0,0,8,0,0,-0.681053433858324,0,0,0.00413223140495868,0.00211360634081902,0.00767787154601133,0,5,0,1,0,0,0,0,0,0,0,0,0,0,0,0,0,0,0,0,0,0,0,0,0,0,0,0,0,0,0,0,,,0,0,0,0,0,0,0,0,0,0,0,0,,,,0,0,0,0,0,0,0,,0,0,0,0,,0,0
00-0037457,J.Hansen,Jake Hansen,LB,LB,"https://static.www.nfl.com/image/upload/f_auto,q_auto/league/x63vwyjtybkdrulfmr2j",2023,REG,HOU,8,0,0,0,0,0,0,0,0,0,0,0,0,,,0,,0,0,0,0,0,0,,0,0,0,0,0,0,0,0,0,0,,0,,0,0,0,0,5,3,4,0,0,0,0,0,0,0,0,0,0,0,0,0,0,0,0,0,0,0,0,0,0,0,0,0,0,0,0,,,0,0,0,0,0,0,0,0,0,0,0,0,,,,0,0,0,0,0,0,0,,0,0,0,0,,0,0
00-0037459,K.Hinish,Kurt Hinish,DT,DL,"https://static.www.nfl.com/image/upload/f_auto,q_auto/league/gqis1rtyk7axeywb6cls",2023,REG,HOU,14,0,0,0,0,0,0,0,0,0,0,0,0,,,0,,0,0,0,0,0,0,,0,0,0,0,0,0,0,0,0,0,,0,,0,0,0,0,7,4,11,1,4,0,0.5,4,2,0,0,1,0,0,0,0,0,0,0,0,0,5,25,0,0,0,0,0,0,0,0,,,0,0,0,0,0,0,0,0,0,0,0,0,,,,0,0,0,0,0,0,0,,0,0,0,0,,0,0
00-0037461,T.McCollum,Tristin McCollum,SAF,DB,"https://static.www.nfl.com/image/upload/f_auto,q_auto/league/lob4yulcbxvkweblc0dg",2023,REG,PHI,1,0,0,0,0,0,0,0,0,0,0,0,0,,,0,,0,0,0,0,0,0,,0,0,0,0,0,0,0,0,0,0,,0,,0,0,0,0,3,1,2,0,0,0,0,0,0,0,0,0,0,0,0,0,0,0,0,0,0,0,0,0,0,0,0,0,0,0,0,,,0,0,0,0,0,0,0,0,0,0,0,0,,,,0,0,0,0,0,0,0,,0,0,0,0,,0,0
00-0037468,R.Layne,Raheem Layne,SAF,DB,"https://static.www.nfl.com/image/upload/f_auto,q_auto/league/gb6jlranah8r9odgtmhd",2023,REG,LAC,2,0,0,0,0,0,0,0,0,0,0,0,0,,,0,,0,0,0,0,0,0,,0,0,0,0,0,0,0,0,0,0,,0,,0,0,0,0,3,0,2,0,0,0,0,0,0,0,0,0,0,0,0,0,0,0,0,0,0,1,15,0,0,0,0,0,0,0,0,,,0,0,0,0,0,0,0,0,0,0,0,0,,,,0,0,0,0,0,0,0,,0,0,0,0,,0,0
00-0037474,T.Shelby,Ty Shelby,DE,DL,"https://static.www.nfl.com/image/upload/f_auto,q_auto/league/r95yblkfziej5jumrmbf",2023,REG,LAC,1,0,0,0,0,0,0,0,0,0,0,0,0,,,0,,0,0,0,0,0,0,,0,0,0,0,0,0,0,0,0,0,,0,,0,0,0,0,0,1,0,0,0,0,0,0,0,0,0,0,0,0,0,0,0,0,0,0,0,0,0,0,0,0,0,0,0,0,0,,,0,0,0,0,0,0,0,0,0,0,0,0,,,,0,0,0,0,0,0,0,,0,0,0,0,,0,0
00-0037475,S.Smartt,Stone Smartt,TE,TE,"https://static.www.nfl.com/image/upload/f_auto,q_auto/league/fdmnvrjgz8cqnxjtukzd",2023,REG,LAC,12,0,0,0,0,0,0,0,0,0,0,0,0,,,0,,0,0,0,0,0,0,,0,11,21,155,1,0,0,180,56,6,3.32315545763066,0,0.861111111111111,0.0342019543973941,0.0380308472427636,0.0779245246660257,0,0,0,0,0,0,0,0,0,0,0,0,0,0,0,0,0,0,0,0,0,0,3,30,0,0,0,0,0,0,0,0,,,0,0,0,0,0,0,0,0,0,0,0,0,,,,0,0,0,0,0,0,0,,0,0,0,0,,21.5,32.5
00-0037481,O.Fatukasi,Olakunle Fatukasi,ILB,LB,"https://static.www.nfl.com/image/upload/f_auto,q_auto/league/qfsjnlwganiofilfdvph",2023,REG,LA,1,0,0,0,0,0,0,0,0,0,0,0,0,,,0,,0,0,0,0,0,0,,0,0,0,0,0,0,0,0,0,0,,0,,0,0,0,0,0,0,1,0,0,0,0,0,0,0,0,0,0,0,0,0,0,0,0,0,0,0,0,0,0,0,0,0,0,0,0,,,0,0,0,0,0,0,0,0,0,0,0,0,,,,0,0,0,0,0,0,0,,0,0,0,0,,0,0
00-0037487,D.Thompkins,Deven Thompkins,WR,WR,"https://static.www.nfl.com/image/private/f_auto,q_auto/league/gt0yeyl9y8s6onw8wcdr",2023,REG,TB,17,0,0,0,0,0,0,0,0,0,0,0,0,,,0,,8,56,0,0,0,4,3.92556441019406,0,17,25,83,1,1,1,163,74,5,-8.70234505343008,0,0.50920245398773,0.0454545454545455,0.0335046248715313,0.0916350555918901,0,1,0,1,0,0,0,0,0,0,0,0,0,0,3,0,0,1,1,0,0,0,1,5,25,234,16,327,0,0,0,0,,,0,0,0,0,0,0,0,0,0,0,0,0,,,,0,0,0,0,0,0,0,,0,0,0,0,,17.9,34.9
00-0037491,J.Russell,J.J. Russell,ILB,LB,"https://static.www.nfl.com/image/upload/f_auto,q_auto/league/lq6h1zfzzkq3u2zbbosh",2023,REG,TB,5,0,0,0,0,0,0,0,0,0,0,0,0,,,0,,0,0,0,0,0,0,,0,0,0,0,0,0,0,0,0,0,,0,,0,0,0,0,7,0,3,1,9,0,1,9,1,0,0,0,0,0,0,0,0,0,0,0,0,1,10,0,0,0,0,0,0,0,0,,,0,0,0,0,0,0,0,0,0,0,0,0,,,,0,0,0,0,0,0,0,,0,0,0,0,,0,0
00-0037493,M.Brown,Mike Brown,SAF,DB,"https://static.www.nfl.com/image/upload/f_auto,q_auto/league/ztb9tdt5ihd7gmjyspbz",2023,REG,TEN,4,0,0,0,0,0,0,0,0,0,0,0,0,,,0,,0,0,0,0,0,0,,0,0,0,0,0,0,0,0,0,0,,0,,0,0,0,0,4,1,2,0,0,0,0,0,0,0,0,1,0,0,0,0,0,0,0,0,0,1,15,0,0,0,0,0,0,0,0,,,0,0,0,0,0,0,0,0,0,0,0,0,,,,0,0,0,0,0,0,0,,0,0,0,0,,0,0
00-0037500,R.Wright,Ryan Wright,P,SPEC,"https://static.www.nfl.com/image/upload/f_auto,q_auto/league/n7t34xvfvc2pxgtcwnlw",2023,REG,MIN,17,0,0,0,0,0,0,0,0,0,0,0,0,,,0,,0,0,0,0,0,0,,0,0,0,0,0,0,0,0,0,0,,0,,0,0,0,0,0,0,0,0,0,0,0,0,0,0,0,0,0,0,0,0,0,0,0,0,0,0,0,0,0,0,0,0,0,0,0,,,0,0,0,0,0,0,0,0,0,0,0,0,,,,0,0,0,0,0,0,0,,0,0,0,0,,0,0
00-0037506,C.Fotheringham,Cole Fotheringham,TE,TE,"https://static.www.nfl.com/image/upload/f_auto,q_auto/league/stshlkkfc995vk5tuhtd",2023,REG,LV,1,0,0,0,0,0,0,0,0,0,0,0,0,,,0,,0,0,0,0,0,0,,0,1,1,6,0,0,0,1,5,0,0.212422261014581,0,6,0.00188323917137476,0.000233590282644242,0.00298837195491312,0,0,0,0,0,0,0,0,0,0,0,0,0,0,0,0,0,0,0,0,0,0,0,0,0,0,0,0,0,0,0,0,,,0,0,0,0,0,0,0,0,0,0,0,0,,,,0,0,0,0,0,0,0,,0,0,0,0,,0.6,1.6
00-0037512,I.Pola-Mao,Isaiah Pola-Mao,SAF,DB,"https://static.www.nfl.com/image/upload/f_auto,q_auto/league/iv2fsbkqbciaglpqrlbd",2023,REG,LV,6,0,0,0,0,0,0,0,0,0,0,0,0,,,0,,0,0,0,0,0,0,,0,0,0,0,0,0,0,0,0,0,,0,,0,0,0,0,12,2,6,1,7,0,1,7,1,1,0,1,0,0,0,0,0,0,0,0,0,0,0,0,0,0,0,0,0,0,0,,,0,0,0,0,0,0,0,0,0,0,0,0,,,,0,0,0,0,0,0,0,,0,0,0,0,,0,0
00-0037515,Z.VanValkenburg,Zach VanValkenburg,LB,LB,"https://static.www.nfl.com/image/upload/f_auto,q_auto/league/yczkg02wj4bqzue9fxcw",2023,REG,LA,6,0,0,0,0,0,0,0,0,0,0,0,0,,,0,,0,0,0,0,0,0,,0,0,0,0,0,0,0,0,0,0,,0,,0,0,0,0,2,2,5,1,8,0,1,8,2,0,0,0,0,0,0,0,0,0,0,0,0,0,0,0,0,0,0,0,0,0,0,,,0,0,0,0,0,0,0,0,0,0,0,0,,,,0,0,0,0,0,0,0,,0,0,0,0,,0,0
00-0037517,L.Masterson,Luke Masterson,LB,LB,"https://static.www.nfl.com/image/upload/f_auto,q_auto/league/fwfobtgnbj9tdku4vuwd",2023,REG,LV,11,0,0,0,0,0,0,0,0,0,0,0,0,,,0,,0,0,0,0,0,0,,0,0,0,0,0,0,0,0,0,0,,0,,0,0,0,0,15,2,10,0,0,2,0,0,0,0,0,1,0,0,0,0,0,0,0,0,0,1,15,0,0,0,0,0,0,0,0,,,0,0,0,0,0,0,0,0,0,0,0,0,,,,0,0,0,0,0,0,0,,0,0,0,0,,0,0
00-0037521,T.Hawkins,Tayler Hawkins,SAF,DB,"https://static.www.nfl.com/image/upload/f_auto,q_auto/league/fy8lsab65a6ojkzy1l0h",2023,REG,SF,1,0,0,0,0,0,0,0,0,0,0,0,0,,,0,,0,0,0,0,0,0,,0,0,0,0,0,0,0,0,0,0,,0,,0,0,0,0,3,0,1,0,0,0,0,0,0,1,0,1,0,0,0,0,0,0,0,0,0,1,48,0,0,0,0,0,0,0,0,,,0,0,0,0,0,0,0,0,0,0,0,0,,,,0,0,0,0,0,0,0,,0,0,0,0,,0,0
00-0037525,J.Mason,Jordan Mason,RB,RB,"https://static.www.nfl.com/image/upload/f_auto,q_auto/league/ixykwytfrfz1cdxlhj5w",2023,REG,SF,16,0,0,0,0,0,0,0,0,0,0,0,0,,,0,,40,206,3,0,0,13,5.64875688121538,0,3,4,31,0,0,0,12,23,1,0.765936657611746,0,2.58333333333333,0.00849256900212314,0.00298656047784968,0.0148294458376795,0,4,0,5,0,0,0,0,0,0,0,0,0,0,0,0,0,0,0,0,0,0,0,0,0,0,2,40,0,0,0,0,,,0,0,0,0,0,0,0,0,0,0,0,0,,,,0,0,0,0,0,0,0,,0,0,0,0,,41.7,44.7
00-0037527,S.Olubi,Segun Olubi,LB,LB,"https://static.www.nfl.com/image/upload/f_auto,q_auto/league/llpctz5sjgveunckp3pe",2023,REG,IND,7,0,0,0,0,0,0,0,0,0,0,0,0,,,0,,0,0,0,0,0,0,,0,0,0,0,0,0,0,0,0,0,,0,,0,0,0,0,15,5,6,0,0,0,0,0,0,1,0,1,0,0,0,0,0,0,1,1,0,0,0,0,0,0,0,0,0,0,0,,,0,0,0,0,0,0,0,0,0,0,0,0,,,,0,0,0,0,0,0,0,,0,0,0,0,,0,0
00-0037536,V.Gray,Vincent Gray,DB,DB,"https://static.www.nfl.com/image/upload/f_auto,q_auto/league/dgaik8dgshwguocm9fcz",2023,REG,CLE,1,0,0,0,0,0,0,0,0,0,0,0,0,,,0,,0,0,0,0,0,0,,0,0,0,0,0,0,0,0,0,0,,0,,0,0,0,0,4,0,1,0,0,0,0,0,0,0,0,2,0,0,0,0,0,0,0,0,0,0,0,0,0,0,0,0,0,0,0,,,0,0,0,0,0,0,0,0,0,0,0,0,,,,0,0,0,0,0,0,0,,0,0,0,0,,0,0
00-0037539,L.Krull,Lucas Krull,TE,TE,"https://static.www.nfl.com/image/upload/f_auto,q_auto/league/eolvpkk5jjmipuqmf5v6",2023,REG,DEN,7,0,0,0,0,0,0,0,0,0,0,0,0,,,0,,0,0,0,0,0,0,,0,8,14,95,1,0,0,133,50,5,1.95646588493246,0,0.714285714285714,0.0293501048218029,0.0354288758657432,0.0688253703387247,0,0,0,0,0,0,0,0,0,0,0,0,0,0,0,0,0,0,0,0,0,0,0,0,0,0,0,0,0,0,0,0,,,0,0,0,0,0,0,0,0,0,0,0,0,,,,0,0,0,0,0,0,0,,0,0,0,0,,15.5,23.5
00-0037544,N.Sewell,Nephi Sewell,LB,LB,"https://static.www.nfl.com/image/upload/f_auto,q_auto/league/hxphcudtmtcfbazd36kn",2023,REG,NO,7,0,0,0,0,0,0,0,0,0,0,0,0,,,0,,0,0,0,0,0,0,,0,0,0,0,0,0,0,0,0,0,,0,,0,0,0,0,8,3,4,2,7,1,0,0,0,0,0,0,0,0,0,0,0,0,0,0,0,0,0,0,0,0,0,0,0,0,0,,,0,0,0,0,0,0,0,0,0,0,0,0,,,,0,0,0,0,0,0,0,,0,0,0,0,,0,0
00-0037545,R.Shaheed,Rashid Shaheed,WR,WR,"https://static.www.nfl.com/image/upload/f_auto,q_auto/league/ynsy489xqmiwt5q9whty",2023,REG,NO,15,0,0,0,0,0,0,0,0,0,0,0,0,,,0,,7,37,0,0,0,2,-1.13001172395889,0,46,75,719,5,0,0,1094,151,27,12.090541416418,0,0.657221206581353,0.129533678756477,0.218102073365231,0.346971969490377,1,0,0,0,0,0,0,0,0,0,0,0,0,0,0,0,0,0,0,0,0,0,3,15,25,339,18,384,0,0,0,0,,,0,0,0,0,0,0,0,0,0,0,0,0,,,,0,0,0,0,0,0,0,,0,0,0,0,,111.6,157.6
00-0037547,D.Whelan,Daniel Whelan,P,SPEC,"https://static.www.nfl.com/image/upload/f_auto,q_auto/league/lqnpsqdo5gpoxxirr9b6",2023,REG,GB,16,0,0,0,0,0,0,0,0,0,0,0,0,,,0,,0,0,0,0,0,0,,0,0,0,0,0,0,0,0,0,0,,0,,0,0,0,0,0,0,0,0,0,0,0,0,0,0,0,0,0,0,0,0,0,0,0,0,0,0,0,0,0,0,0,0,0,0,0,,,0,0,0,0,0,0,0,0,0,0,0,0,,,,0,0,0,0,0,0,0,,0,0,0,0,,0,0
00-0037549,D.Baker,Darrell Baker Jr.,CB,DB,"https://static.www.nfl.com/image/upload/f_auto,q_auto/league/e536r65rabmkj6idcwpb",2023,REG,IND,9,0,0,0,0,0,0,0,0,0,0,0,0,,,0,,0,0,0,0,0,0,,0,0,0,0,0,0,0,0,0,0,,0,,0,0,0,0,25,3,7,0,0,0,0,0,0,0,0,7,0,0,0,0,0,0,0,0,0,2,12,0,0,0,0,0,0,0,0,,,0,0,0,0,0,0,0,0,0,0,0,0,,,,0,0,0,0,0,0,0,,0,0,0,0,,0,0
00-0037557,R.Rivers,Ronnie Rivers,RB,RB,"https://static.www.nfl.com/image/upload/f_auto,q_auto/league/ykza0uhrd73htnmjwbrk",2023,REG,LA,9,0,0,0,0,0,0,0,0,0,0,0,0,,,0,,32,129,0,0,0,4,-4.54981147287273,0,5,5,22,0,0,0,-19,41,0,-0.638197886408307,0,-1.15789473684211,0.00900900900900901,-0.00421566452185489,0.0105625483482151,0,0,0,0,0,0,0,0,0,0,0,0,0,0,0,0,0,0,0,0,0,0,0,0,0,0,1,16,0,0,0,0,,,0,0,0,0,0,0,0,0,0,0,0,0,,,,0,0,0,0,0,0,0,,0,0,0,0,,15.1,20.1
00-0037560,C.Wooten,Chandler Wooten,LB,LB,"https://static.www.nfl.com/image/upload/f_auto,q_auto/league/xil7lf1lnywgdsc8wclv",2023,REG,CAR,4,0,0,0,0,0,0,0,0,0,0,0,0,,,0,,0,0,0,0,0,0,,0,0,0,0,0,0,0,0,0,0,,0,,0,0,0,0,2,0,6,0,0,0,0,0,0,0,0,0,0,0,0,0,0,0,1,1,0,2,10,0,0,0,0,0,0,0,0,,,0,0,0,0,0,0,0,0,0,0,0,0,,,,0,0,0,0,0,0,0,,0,0,0,0,,0,0
00-0037561,M.Bell,Markquese Bell,SAF,DB,"https://static.www.nfl.com/image/upload/f_auto,q_auto/league/tltiuomelvkre4tsp25s",2023,REG,DAL,17,0,0,0,0,0,0,0,0,0,0,0,0,,,0,,0,0,0,0,0,0,,0,0,0,0,0,0,0,0,0,0,,0,,0,0,0,0,50,10,34,3,9,2,0,0,0,0,0,4,0,0,0,0,0,0,0,0,0,2,20,0,0,0,0,0,0,0,0,,,0,0,0,0,0,0,0,0,0,0,0,0,,,,0,0,0,0,0,0,0,,0,0,0,0,,0,0
00-0037563,M.Davis,Malik Davis,RB,RB,"https://static.www.nfl.com/image/upload/f_auto,q_auto/league/mdjhv8xuitxkn7oefwty",2023,REG,DAL,1,0,0,0,0,0,0,0,0,0,0,0,0,,,0,,0,0,0,0,0,0,,0,0,0,0,0,0,0,0,0,0,,0,,0,0,0,0,1,0,0,0,0,0,0,0,0,0,0,0,0,0,0,0,0,0,0,0,0,0,0,0,0,0,0,0,0,0,0,,,0,0,0,0,0,0,0,0,0,0,0,0,,,,0,0,0,0,0,0,0,,0,0,0,0,,0,0
00-0037569,P.Hendershot,Peyton Hendershot,TE,TE,"https://static.www.nfl.com/image/upload/f_auto,q_auto/league/d8plvjsvwdadr1ap93ci",2023,REG,DAL,8,0,0,0,0,0,0,0,0,0,0,0,0,,,0,,1,0,0,0,0,0,-0.204385912686121,0,4,7,38,0,0,0,27,28,1,-1.40834909077967,0,1.40740740740741,0.0115702479338843,0.00563204005006258,0.0212977999358702,0,1,0,2,0,0,0,0,0,0,0,0,0,0,0,0,0,0,0,0,0,0,2,20,0,0,0,0,0,0,0,0,,,0,0,0,0,0,0,0,0,0,0,0,0,,,,0,0,0,0,0,0,0,,0,0,0,0,,3.8,7.8
00-0037578,J.Thomas,Juanyeh Thomas,SAF,DB,"https://static.www.nfl.com/image/upload/f_auto,q_auto/league/ftxdnkfoymrgcc96zlnt",2023,REG,DAL,10,0,0,0,0,0,0,0,0,0,0,0,0,,,0,,0,0,0,0,0,0,,0,0,0,0,0,0,0,0,0,0,,0,,0,0,0,0,12,2,8,0,0,0,0,0,0,0,0,4,0,0,0,0,0,0,0,0,0,2,15,0,0,0,0,0,0,0,0,,,0,0,0,0,0,0,0,0,0,0,0,0,,,,0,0,0,0,0,0,0,,0,0,0,0,,0,0
00-0037585,T.Horne,Timmy Horne,DT,DL,"https://static.www.nfl.com/image/upload/f_auto,q_auto/league/tgtw0t2gjcsejvro76ts",2023,REG,ATL,3,0,0,0,0,0,0,0,0,0,0,0,0,,,0,,0,0,0,0,0,0,,0,0,0,0,0,0,0,0,0,0,,0,,0,0,0,0,0,0,4,0,0,0,0,0,0,0,0,1,0,0,0,0,0,0,0,0,0,0,0,0,0,0,0,0,0,0,0,,,0,0,0,0,0,0,0,0,0,0,0,0,,,,0,0,0,0,0,0,0,,0,0,0,0,,0,0
00-0037587,N.Landman,Nate Landman,LB,LB,"https://static.www.nfl.com/image/upload/f_auto,q_auto/league/s9kvdztegpkmihjpwj0q",2023,REG,ATL,15,0,0,0,0,0,0,0,0,0,0,0,0,,,0,,0,0,0,0,0,0,,0,0,0,0,0,0,0,0,0,0,,0,,0,0,0,0,53,13,44,5,28,3,2,18,4,1,25,3,0,0,0,0,0,0,0,0,0,1,2,0,0,0,0,0,0,0,0,,,0,0,0,0,0,0,0,0,0,0,0,0,,,,0,0,0,0,0,0,0,,0,0,0,0,,0,0
00-0037593,T.Avery,Tre Avery,CB,DB,"https://static.www.nfl.com/image/upload/f_auto,q_auto/league/malahw9czftvuse45ebp",2023,REG,TEN,9,0,0,0,0,0,0,0,0,0,0,0,0,,,0,,0,0,0,0,0,0,,0,0,0,0,0,0,0,0,0,0,,0,,0,0,0,0,23,5,5,1,1,0,0,0,0,0,0,2,0,0,0,0,0,0,0,0,0,5,77,0,0,0,0,0,0,0,0,,,0,0,0,0,0,0,0,0,0,0,0,0,,,,0,0,0,0,0,0,0,,0,0,0,0,,0,0
00-0037594,J.Chestnut,Julius Chestnut,RB,RB,"https://static.www.nfl.com/image/upload/f_auto,q_auto/league/glst6wabuuvbrssmidng",2023,REG,TEN,1,0,0,0,0,0,0,0,0,0,0,0,0,,,0,,0,0,0,0,0,0,,0,0,0,0,0,0,0,0,0,0,,0,,0,0,0,0,1,0,1,0,0,0,0,0,0,0,0,0,0,0,0,0,0,0,0,0,0,0,0,0,0,0,0,0,0,0,0,,,0,0,0,0,0,0,0,0,0,0,0,0,,,,0,0,0,0,0,0,0,,0,0,0,0,,0,0
00-0037596,J.Gibbens,Jack Gibbens,LB,LB,"https://static.www.nfl.com/image/upload/f_auto,q_auto/league/yrjlzoh5qps1evqxpcks",2023,REG,TEN,14,0,0,0,0,0,0,0,0,0,0,0,0,,,0,,0,0,0,0,0,0,,0,0,0,0,0,0,0,0,0,0,,0,,0,0,0,0,39,16,40,1,9,0,1,9,2,0,0,3,0,0,0,0,0,0,0,0,0,0,0,0,0,0,0,0,0,0,0,,,0,0,0,0,0,0,0,0,0,0,0,0,,,,0,0,0,0,0,0,0,,0,0,0,0,,0,0
00-0037601,X.Newman-Johnson,Xavier Newman-Johnson,G,OL,"https://static.www.nfl.com/image/upload/f_auto,q_auto/league/ltlojovue9gzntpaubjn",2023,REG,NYJ,1,0,0,0,0,0,0,0,0,0,0,0,0,,,0,,0,0,0,0,0,0,,0,0,0,0,0,0,0,0,0,0,,0,,0,0,0,0,0,0,0,0,0,0,0,0,0,0,0,0,0,0,0,0,1,1,0,0,0,1,5,0,0,0,0,0,0,0,0,,,0,0,0,0,0,0,0,0,0,0,0,0,,,,0,0,0,0,0,0,0,,0,0,0,0,,0,0
00-0037605,A.Rupcich,Andrew Rupcich,OT,OL,"https://static.www.nfl.com/image/upload/f_auto,q_auto/league/jkbyyccmhaxdkuxsqpmn",2023,REG,TEN,1,0,0,0,0,0,0,0,0,0,0,0,0,,,0,,0,0,0,0,0,0,,0,0,0,0,0,0,0,0,0,0,,0,,0,0,0,0,0,0,0,0,0,0,0,0,0,0,0,0,0,0,0,0,0,0,0,0,0,1,5,0,0,0,0,0,0,0,0,,,0,0,0,0,0,0,0,0,0,0,0,0,,,,0,0,0,0,0,0,0,,0,0,0,0,,0,0
00-0037607,R.Stonehouse,Ryan Stonehouse,P,SPEC,"https://static.www.nfl.com/image/upload/f_auto,q_auto/league/vlsrao7qxhrgpdsrjjar",2023,REG,TEN,12,0,0,0,0,0,0,0,0,0,0,0,0,,,0,,1,-11,0,1,1,0,-3.44837581034517,0,0,0,0,0,0,0,0,0,0,,0,,0,0,0,0,1,0,0,0,0,0,0,0,0,0,0,0,0,0,0,0,0,0,0,0,0,0,0,0,0,0,0,0,0,0,0,,,0,0,0,0,0,0,0,0,0,0,0,0,,,,0,0,0,0,0,0,0,,0,0,0,0,,-3.1,-3.1
00-0037608,T.Swilling,Tre Swilling,CB,DB,"https://static.www.nfl.com/image/upload/f_auto,q_auto/league/zx9sg0w3gtobquxrzr4t",2023,REG,SF,2,0,0,0,0,0,0,0,0,0,0,0,0,,,0,,0,0,0,0,0,0,,0,0,0,0,0,0,0,0,0,0,,0,,0,0,0,0,0,0,0,0,0,0,0,0,0,0,0,0,0,0,0,0,0,0,0,0,0,2,19,0,0,0,0,0,0,0,0,,,0,0,0,0,0,0,0,0,0,0,0,0,,,,0,0,0,0,0,0,0,,0,0,0,0,,0,0
00-0037611,K.Thibodeaux,Kayvon Thibodeaux,LB,LB,"https://static.www.nfl.com/image/upload/f_auto,q_auto/league/dbu5kzu0gwuszwd81dcz",2023,REG,NYG,16,0,0,0,0,0,0,0,0,0,0,0,0,,,0,,0,0,0,0,0,0,,0,0,0,0,0,0,0,0,0,0,,0,,0,0,0,0,24,2,24,11,78,3,11.5,93,16,0,0,4,0,0,0,0,0,0,1,1,0,2,18,0,0,0,0,0,0,0,0,,,0,0,0,0,0,0,0,0,0,0,0,0,,,,0,0,0,0,0,0,0,,0,0,0,0,,0,0
00-0037612,E.Neal,Evan Neal,OT,OL,"https://static.www.nfl.com/image/upload/f_auto,q_auto/league/drzi3cw9xrgubz2eet2t",2023,REG,NYG,3,0,0,0,0,0,0,0,0,0,0,0,0,,,0,,0,0,0,0,0,0,,0,0,0,0,0,0,0,0,0,0,,0,,0,0,0,0,0,0,0,0,0,0,0,0,0,0,0,0,0,0,0,0,0,0,0,0,0,4,24,0,0,0,0,0,0,0,0,,,0,0,0,0,0,0,0,0,0,0,0,0,,,,0,0,0,0,0,0,0,,0,0,0,0,,0,0
00-0037614,J.Metchie,John Metchie III,WR,WR,"https://static.www.nfl.com/image/upload/f_auto,q_auto/league/u7ir1sy2vrpidvwpndqd",2023,REG,HOU,14,0,0,0,0,0,0,0,0,0,0,0,0,,,0,,1,4,0,0,0,0,-0.293807677866425,0,16,30,158,0,0,0,266,84,7,-6.03733614366502,0,0.593984962406015,0.0530035335689046,0.0513811087502415,0.115472076478526,0,0,0,0,0,0,0,0,0,0,0,0,0,0,0,0,0,0,0,0,0,0,1,10,0,0,0,0,0,0,0,0,,,0,0,0,0,0,0,0,0,0,0,0,0,,,,0,0,0,0,0,0,0,,0,0,0,0,,16.2,32.2
00-0037615,N.Dean,Nakobe Dean,LB,LB,"https://static.www.nfl.com/image/upload/f_auto,q_auto/league/ivady9pej8rcuwf1lf3h",2023,REG,PHI,5,0,0,0,0,0,0,0,0,0,0,0,0,,,0,,0,0,0,0,0,0,,0,0,0,0,0,0,0,0,0,0,,0,,0,0,0,0,18,4,8,2,2,0,0.5,4,1,0,0,0,0,0,0,0,0,0,0,0,0,1,10,0,0,0,0,0,0,0,0,,,0,0,0,0,0,0,0,0,0,0,0,0,,,,0,0,0,0,0,0,0,,0,0,0,0,,0,0
00-0037616,N.Cross,Nick Cross,SAF,DB,"https://static.www.nfl.com/image/upload/f_auto,q_auto/league/kpyjflkuqsthoic5pcrm",2023,REG,IND,13,0,0,0,0,0,0,0,0,0,0,0,0,,,0,,0,0,0,0,0,0,,0,0,0,0,0,0,0,0,0,0,,0,,0,0,0,0,20,4,15,1,2,0,0,0,0,1,18,2,0,0,0,0,0,0,0,0,0,1,10,0,0,0,0,0,0,0,0,,,0,0,0,0,0,0,0,0,0,0,0,0,,,,0,0,0,0,0,0,0,,0,0,0,0,,0,0
00-0037618,Z.Thomas,Zach Thomas,OT,OL,"https://static.www.nfl.com/image/upload/f_auto,q_auto/league/xavwevdxxjoneavs1mxl",2023,REG,LA,1,0,0,0,0,0,0,0,0,0,0,0,0,,,0,,0,0,0,0,0,0,,0,0,0,0,0,0,0,0,0,0,,0,,0,0,0,0,0,0,0,0,0,0,0,0,0,0,0,0,0,0,0,0,0,0,0,0,0,1,5,0,0,0,0,0,0,0,0,,,0,0,0,0,0,0,0,0,0,0,0,0,,,,0,0,0,0,0,0,0,,0,0,0,0,,0,0
00-0037627,M.Greene,Mike Greene,DT,DL,"https://static.www.nfl.com/image/upload/f_auto,q_auto/league/am4sroiqifiizzjfjvt3",2023,REG,TB,6,0,0,0,0,0,0,0,0,0,0,0,0,,,0,,0,0,0,0,0,0,,0,0,0,0,0,0,0,0,0,0,,0,,0,0,0,0,2,0,4,0,0,0,0,0,0,0,0,0,0,0,0,0,0,0,0,0,0,1,15,0,0,0,0,0,0,0,0,,,0,0,0,0,0,0,0,0,0,0,0,0,,,,0,0,0,0,0,0,0,,0,0,0,0,,0,0
00-0037633,J.Hummel,Jacob Hummel,LB,LB,"https://static.www.nfl.com/image/upload/f_auto,q_auto/league/yeqyn79axqsyvi7iqcpl",2023,REG,LA,8,0,0,0,0,0,0,0,0,0,0,0,0,,,0,,0,0,0,0,0,0,,0,0,0,0,0,0,0,0,0,0,,0,,0,0,0,0,7,0,3,0,0,0,0,0,0,0,0,0,0,0,0,0,0,0,0,0,0,0,0,0,0,0,0,0,0,0,0,,,0,0,0,0,0,0,0,0,0,0,0,0,,,,0,0,0,0,0,0,0,,0,0,0,0,,0,0
00-0037638,B.Whitley,Benton Whitley,LB,LB,"https://static.www.nfl.com/image/upload/f_auto,q_auto/league/rzqvkmm6qv9ijywiqdwo",2023,REG,NYG,2,0,0,0,0,0,0,0,0,0,0,0,0,,,0,,0,0,0,0,0,0,,0,0,0,0,0,0,0,0,0,0,,0,,0,0,0,0,0,0,0,0,0,0,0,0,0,0,0,1,0,0,0,0,0,0,1,1,0,0,0,0,0,0,0,0,0,0,0,,,0,0,0,0,0,0,0,0,0,0,0,0,,,,0,0,0,0,0,0,0,,0,0,0,0,,0,0
00-0037654,T.Fisk,Tucker Fisk,TE,TE,"https://static.www.nfl.com/image/upload/f_auto,q_auto/league/yqaco04wjatmxlmxpq1y",2023,REG,ATL,2,0,0,0,0,0,0,0,0,0,0,0,0,,,0,,0,0,0,0,0,0,,0,1,1,9,0,0,0,3,6,1,1.19562649866566,0,3,0.00196850393700787,0.000690448791714615,0.00343607005971204,0,0,0,1,0,0,0,0,0,0,0,0,0,0,0,0,0,0,0,0,0,0,0,0,0,0,0,0,0,0,0,0,,,0,0,0,0,0,0,0,0,0,0,0,0,,,,0,0,0,0,0,0,0,,0,0,0,0,,0.9,1.9
00-0037661,J.Ingram,Ja'Marcus Ingram,CB,DB,"https://static.www.nfl.com/image/upload/f_auto,q_auto/league/d0p0jgugnjuez8uwejbl",2023,REG,BUF,1,0,0,0,0,0,0,0,0,0,0,0,0,,,0,,0,0,0,0,0,0,,0,0,0,0,0,0,0,0,0,0,,0,,0,0,0,0,0,0,0,0,0,0,0,0,0,0,0,0,0,0,0,0,0,0,0,0,0,1,7,0,0,0,0,0,0,0,0,,,0,0,0,0,0,0,0,0,0,0,0,0,,,,0,0,0,0,0,0,0,,0,0,0,0,,0,0
00-0037663,J.Johnson,Jermaine Johnson II,LB,LB,"https://static.www.nfl.com/image/upload/f_auto,q_auto/league/kihqeivcgubenrrjopew",2023,REG,NYJ,17,0,0,0,0,0,0,0,0,0,0,0,0,,,0,,0,0,0,0,0,0,,0,0,0,0,0,0,0,0,0,0,,0,,0,0,0,0,28,8,19,10,48,1,7.5,50,16,1,37,7,1,0,0,0,0,0,1,1,0,3,25,0,0,0,0,0,0,0,0,,,0,0,0,0,0,0,0,0,0,0,0,0,,,,0,0,0,0,0,0,0,,0,0,0,0,,0,0
00-0037664,A.Pierce,Alec Pierce,WR,WR,"https://static.www.nfl.com/image/upload/f_auto,q_auto/league/zeghrjc8rir3r3zi6det",2023,REG,IND,17,0,0,0,0,0,0,0,0,0,0,0,0,,,0,,0,0,0,0,0,0,,0,32,65,514,2,0,0,977,97,24,17.1916585591053,0,0.526100307062436,0.119047619047619,0.229612220916569,0.339299983213027,0,2,0,0,0,0,0,0,0,0,0,0,0,0,0,0,0,0,0,0,0,0,2,13,0,0,0,0,0,0,0,0,,,0,0,0,0,0,0,0,0,0,0,0,0,,,,0,0,0,0,0,0,0,,0,0,0,0,,63.4,95.4
00-0037665,S.Williams,Sam Williams,DE,DL,"https://static.www.nfl.com/image/upload/f_auto,q_auto/league/vspx1wxdwmektj1pjd6c",2023,REG,DAL,15,0,0,0,0,0,0,0,0,0,0,0,0,,,0,,0,0,0,0,0,0,,0,0,0,0,0,0,0,0,0,0,,0,,0,0,0,0,12,3,11,4,20,1,4.5,25.5,7,0,0,0,0,0,1,0,0,0,0,0,0,7,65,0,0,0,0,0,0,0,0,,,0,0,0,0,0,0,0,0,0,0,0,0,,,,0,0,0,0,0,0,0,,0,0,0,0,,0,0
00-0037666,J.Tolbert,Jalen Tolbert,WR,WR,"https://static.www.nfl.com/image/upload/f_auto,q_auto/league/pif5ffxlibkfp90k1sj4",2023,REG,DAL,14,0,0,0,0,0,0,0,0,0,0,0,0,,,0,,0,0,0,0,0,0,,0,22,36,268,2,0,0,474,34,13,3.39509896004254,0,0.565400843881857,0.059504132231405,0.0988735919899875,0.158467712740099,0,3,1,0,0,0,0,0,0,0,0,0,0,0,1,0,0,0,0,0,0,0,0,0,1,0,0,0,0,0,0,0,,,0,0,0,0,0,0,0,0,0,0,0,0,,,,0,0,0,0,0,0,0,,0,0,0,0,,38.8,60.8
00-0037667,K.Joseph,Kerby Joseph,SAF,DB,"https://static.www.nfl.com/image/upload/f_auto,q_auto/league/oeybnj8im7exzevs0jkh",2023,REG,DET,15,0,0,0,0,0,0,0,0,0,0,0,0,,,0,,0,0,0,0,0,0,,0,0,0,0,0,0,0,0,0,0,,0,,0,0,0,0,65,4,13,0,0,0,0,0,0,4,37,11,0,0,0,0,0,0,0,0,0,1,15,0,0,0,0,0,0,0,0,,,0,0,0,0,0,0,0,0,0,0,0,0,,,,0,0,0,0,0,0,0,,0,0,0,0,,0,0
00-0037686,T.Addington,Tucker Addington,LS,SPEC,"https://static.www.nfl.com/image/private/f_auto,q_auto/league/cksjjfvjnvpwcs60giyw",2023,REG,WAS,1,0,0,0,0,0,0,0,0,0,0,0,0,,,0,,0,0,0,0,0,0,,0,0,0,0,0,0,0,0,0,0,,0,,0,0,0,0,1,0,0,0,0,0,0,0,0,0,0,0,0,0,0,0,0,0,0,0,0,0,0,0,0,0,0,0,0,0,0,,,0,0,0,0,0,0,0,0,0,0,0,0,,,,0,0,0,0,0,0,0,,0,0,0,0,,0,0
00-0037692,B.Aubrey,Brandon Aubrey,K,SPEC,"https://static.www.nfl.com/image/upload/f_auto,q_auto/league/ynyyootbeabm5sx4ejgt",2023,REG,DAL,17,0,0,0,0,0,0,0,0,0,0,0,0,,,0,,0,0,0,0,0,0,,0,0,0,0,0,0,0,0,0,0,,0,,0,0,0,0,0,0,0,0,0,0,0,0,0,0,0,0,0,0,0,0,0,0,0,0,0,0,0,0,0,0,0,36,38,1,1,60,0.947368421052632,0,9,13,4,9,1,0,0,1,0,0,0,21;38;35;21;55;26;30;49;27;26;23;23;33;50;32;39;58;27;51;30;27;52;30;31;38;32;60;59;45;50;32;43;33;51;43;50,36,32,1370,36,32,49,52,3,0,0.942307692307692,0,0,0,0,,0,0
00-0037711,J.Pharms,Jeremiah Pharms Jr.,DE,DL,"https://static.www.nfl.com/image/upload/f_auto,q_auto/league/bhm6towuahy7ztd8zkna",2023,REG,NE,6,0,0,0,0,0,0,0,0,0,0,0,0,,,0,,0,0,0,0,0,0,,0,0,0,0,0,0,0,0,0,0,,0,,0,0,0,0,2,2,5,0,0,0,0,0,0,0,0,0,0,0,0,0,0,0,1,1,0,0,0,0,0,0,0,0,0,0,0,,,0,0,0,0,0,0,0,0,0,0,0,0,,,,0,0,0,0,0,0,0,,0,0,0,0,,0,0
00-0037740,G.Wilson,Garrett Wilson,WR,WR,"https://static.www.nfl.com/image/upload/f_auto,q_auto/league/kbijsheobhwej7lh8mvf",2023,REG,NYJ,17,0,1,0,0,0,0,0,0,0,10,0,0,-0.433482601540163,-62.4780058860779,0,0,4,0,0,0,0,1,0.355266800848767,0,95,168,1042,3,2,2,1707,327,47,-10.4606330238663,0,0.610427650849444,0.298401420959147,0.42675,0.746327131438721,0,4,0,0,0,0,0,0,0,0,0,0,0,0,0,0,0,0,0,0,0,0,4,26,0,0,0,0,0,0,0,0,,,0,0,0,0,0,0,0,0,0,0,0,0,,,,0,0,0,0,0,0,0,,0,0,0,0,,118.2,213.2
00-0037741,J.Dotson,Jahan Dotson,WR,WR,"https://static.www.nfl.com/image/upload/f_auto,q_auto/league/dbtou5ln1kwjutixywie",2023,REG,WAS,17,0,0,0,0,0,0,0,0,0,0,0,0,,,0,,0,0,0,0,0,0,,0,49,83,518,4,0,0,768,115,27,-15.9861186813161,0,0.674479166666667,0.138103161397671,0.161107614852108,0.319930072492982,0,0,0,0,0,0,0,0,0,0,0,0,0,0,0,0,0,0,0,0,0,0,1,10,0,0,0,0,0,0,0,0,,,0,0,0,0,0,0,0,0,0,0,0,0,,,,0,0,0,0,0,0,0,,0,0,0,0,,75.8,124.8
00-0037742,T.Burks,Treylon Burks,WR,WR,"https://static.www.nfl.com/image/upload/f_auto,q_auto/league/dkgspszcaouw7lkpjmio",2023,REG,TEN,9,0,0,0,0,0,0,0,0,0,0,0,0,,,0,,5,18,0,0,0,0,-0.527836185938213,0,16,30,221,0,0,0,547,71,8,-0.751107006000674,0,0.404021937842779,0.0627615062761506,0.119719851170935,0.17794615523388,0,0,0,0,0,0,0,0,0,0,0,0,0,0,0,0,0,0,0,0,0,0,1,5,0,0,0,0,0,0,0,0,,,0,0,0,0,0,0,0,0,0,0,0,0,,,,0,0,0,0,0,0,0,,0,0,0,0,,23.9,39.9
00-0037743,D.Hill,Daxton Hill,CB,DB,"https://static.www.nfl.com/image/upload/f_auto,q_auto/league/onw9ijbhtrdvjqpi0toh",2023,REG,CIN,17,0,0,0,0,0,0,0,0,0,0,0,0,,,0,,0,0,0,0,0,0,,0,0,0,0,0,0,0,0,0,0,,0,,0,0,0,0,66,6,38,5,16,0,1.5,12,5,2,20,11,0,0,0,0,0,0,0,0,0,3,28,0,0,0,0,0,0,0,0,,,0,0,0,0,0,0,0,0,0,0,0,0,,,,0,0,0,0,0,0,0,,0,0,0,0,,0,0
00-0037744,T.McBride,Trey McBride,TE,TE,"https://static.www.nfl.com/image/upload/f_auto,q_auto/league/vd7av3vdfs6q7ncjogac",2023,REG,ARI,17,0,0,0,0,0,0,0,0,0,0,0,0,,,0,,0,0,0,0,0,0,,0,81,106,825,3,1,0,652,420,43,9.8028204253265,0,1.26533742331288,0.196296296296296,0.155757286192069,0.403474544778893,0,1,1,1,0,0,0,0,0,0,0,0,0,0,0,0,0,0,0,0,0,0,7,50,0,0,0,0,0,0,0,0,,,0,0,0,0,0,0,0,0,0,0,0,0,,,,0,0,0,0,0,0,0,,0,0,0,0,,100.5,181.5
00-0037745,V.Jones,Velus Jones Jr.,RB,RB,"https://static.www.nfl.com/image/upload/f_auto,q_auto/league/fchis2k7zzpqg9sv1ya1",2023,REG,CHI,13,0,0,0,0,0,0,0,0,0,0,0,0,,,0,,8,51,0,0,0,5,0.22051762137562,0,4,7,20,0,0,0,87,15,1,-1.52832508052234,0,0.229885057471264,0.0146750524109015,0.023046357615894,0.038145028947478,0,1,0,3,0,0,0,0,0,0,0,0,0,0,0,0,0,0,0,0,0,0,3,40,0,0,16,435,0,0,0,0,,,0,0,0,0,0,0,0,0,0,0,0,0,,,,0,0,0,0,0,0,0,,0,0,0,0,,7.1,11.1
00-0037746,B.Robinson,Brian Robinson,RB,RB,"https://static.www.nfl.com/image/upload/f_auto,q_auto/league/n1xhex1ytisxcbcggqu7",2023,REG,WAS,15,0,0,0,0,0,0,0,0,0,0,0,0,,,0,,178,733,5,3,2,48,-21.1365465999836,1,36,43,368,4,1,0,-55,410,15,20.4248301624029,0,-6.69090909090909,0.0715474209650582,-0.0115376547094609,0.0992447731509647,0,1,0,0,0,0,0,0,0,0,0,0,0,0,0,0,0,0,0,0,0,0,0,0,0,0,0,0,0,0,0,0,,,0,0,0,0,0,0,0,0,0,0,0,0,,,,0,0,0,0,0,0,0,,0,0,0,0,,162.1,198.1
00-0037747,C.Matthew,Christian Matthew,CB,DB,"https://static.www.nfl.com/image/upload/f_auto,q_auto/league/rwf4fr8vbcyuefyh0gvo",2023,REG,ARI,2,0,0,0,0,0,0,0,0,0,0,0,0,,,0,,0,0,0,0,0,0,,0,0,0,0,0,0,0,0,0,0,,0,,0,0,0,0,1,0,0,0,0,0,0,0,0,0,0,0,0,0,0,0,0,0,0,0,0,1,10,0,0,0,0,0,0,0,0,,,0,0,0,0,0,0,0,0,0,0,0,0,,,,0,0,0,0,0,0,0,,0,0,0,0,,0,0
00-0037751,M.Sanders,Myjai Sanders,LB,LB,"https://static.www.nfl.com/image/private/f_auto,q_auto/league/kqcipv8nfxk2lzkmiocj",2023,REG,HOU,2,0,0,0,0,0,0,0,0,0,0,0,0,,,0,,0,0,0,0,0,0,,0,0,0,0,0,0,0,0,0,0,,0,,0,0,0,0,2,2,3,1,2,0,0,0,2,0,0,0,0,0,0,0,0,0,0,0,0,0,0,0,0,0,0,0,0,0,0,,,0,0,0,0,0,0,0,0,0,0,0,0,,,,0,0,0,0,0,0,0,,0,0,0,0,,0,0
00-0037752,T.Anderson,Tycen Anderson,SAF,DB,"https://static.www.nfl.com/image/upload/f_auto,q_auto/league/j3dvzorwxkvvf7ljykzu",2023,REG,CIN,5,0,0,0,0,0,0,0,0,0,0,0,0,,,0,,0,0,0,0,0,0,,0,0,0,0,0,0,0,0,0,0,,0,,0,0,0,0,5,0,3,0,0,0,0,0,0,0,0,0,0,0,0,0,0,0,0,0,0,2,15,0,0,0,0,0,0,0,0,,,0,0,0,0,0,0,0,0,0,0,0,0,,,,0,0,0,0,0,0,0,,0,0,0,0,,0,0
00-0037753,C.Taylor-Britt,Cam Taylor-Britt,CB,DB,"https://static.www.nfl.com/image/upload/f_auto,q_auto/league/m6dqiwllhwoc2rd5gns1",2023,REG,CIN,12,0,0,0,0,0,0,0,0,0,0,0,0,,,0,,0,0,0,0,0,0,,0,0,0,0,0,0,0,0,0,0,,0,,0,0,0,0,39,1,10,1,1,1,0,0,0,4,65,11,1,0,0,0,0,0,0,0,0,3,27,0,0,0,0,0,0,0,0,,,0,0,0,0,0,0,0,0,0,0,0,0,,,,0,0,0,0,0,0,0,,0,0,0,0,,0,0
00-0037754,N.Petit-Frere,Nicholas Petit-Frere,OT,OL,"https://static.www.nfl.com/image/upload/f_auto,q_auto/league/pbfr1pfxbihhuarcuqjz",2023,REG,TEN,2,0,0,0,0,0,0,0,0,0,0,0,0,,,0,,0,0,0,0,0,0,,0,0,0,0,0,0,0,0,0,0,,0,,0,0,0,0,0,0,0,0,0,0,0,0,0,0,0,0,0,0,0,0,0,0,0,0,0,2,14,0,0,0,0,0,0,0,0,,,0,0,0,0,0,0,0,0,0,0,0,0,,,,0,0,0,0,0,0,0,,0,0,0,0,,0,0
00-0037756,T.Jones,Travis Jones,DT,DL,"https://static.www.nfl.com/image/upload/f_auto,q_auto/league/wm1f5uddgq3xmivgmrkz",2023,REG,BAL,15,0,0,0,0,0,0,0,0,0,0,0,0,,,0,,0,0,0,0,0,0,,0,0,0,0,0,0,0,0,0,0,,0,,0,0,0,0,14,6,16,3,8,0,1.5,7.5,5,0,0,2,0,0,0,0,0,0,0,0,0,1,15,0,0,0,0,0,0,0,0,,,0,0,0,0,0,0,0,0,0,0,0,0,,,,0,0,0,0,0,0,0,,0,0,0,0,,0,0
00-0037757,B.Raimann,Bernhard Raimann,OT,OL,"https://static.www.nfl.com/image/upload/f_auto,q_auto/league/cis1c2tzux68l6ca07hp",2023,REG,IND,3,0,0,0,0,0,0,0,0,0,0,0,0,,,0,,0,0,0,0,0,0,,0,0,0,0,0,0,0,0,0,0,,0,,0,0,0,0,0,0,0,0,0,0,0,0,0,0,0,0,0,0,0,0,0,0,0,0,0,4,40,0,0,0,0,0,0,0,0,,,0,0,0,0,0,0,0,0,0,0,0,0,,,,0,0,0,0,0,0,0,,0,0,0,0,,0,0
00-0037758,C.Flott,Cordale Flott,CB,DB,"https://static.www.nfl.com/image/upload/f_auto,q_auto/league/dk8b5dpa5fflut1j4ynl",2023,REG,NYG,14,0,0,0,0,0,0,0,0,0,0,0,0,,,0,,0,0,0,0,0,0,,0,0,0,0,0,0,0,0,0,0,,0,,0,0,0,0,25,0,11,0,0,1,0,0,0,1,21,5,0,0,0,0,0,0,0,0,0,2,32,0,0,0,0,0,0,0,0,,,0,0,0,0,0,0,0,0,0,0,0,0,,,,0,0,0,0,0,0,0,,0,0,0,0,,0,0
00-0037759,D.Leal,DeMarvin Leal,DE,DL,"https://static.www.nfl.com/image/upload/f_auto,q_auto/league/gqsxinwxry4uggkdd90r",2023,REG,PIT,7,0,0,0,0,0,0,0,0,0,0,0,0,,,0,,0,0,0,0,0,0,,0,0,0,0,0,0,0,0,0,0,,0,,0,0,0,0,8,2,5,1,2,0,1,2,2,0,0,1,0,0,0,0,0,0,0,0,0,1,15,0,0,0,0,0,0,0,0,,,0,0,0,0,0,0,0,0,0,0,0,0,,,,0,0,0,0,0,0,0,,0,0,0,0,,0,0
00-0037801,K.Turpin,KaVontae Turpin,WR,WR,"https://static.www.nfl.com/image/upload/f_auto,q_auto/league/cgjwzierootp8gjem5oe",2023,REG,DAL,16,0,0,0,0,0,0,0,0,0,0,0,0,,,0,,11,110,1,1,0,5,7.48102812241996,0,12,18,127,3,0,0,163,39,9,12.2172605754154,0,0.779141104294479,0.0297520661157025,0.0340008343763037,0.0684286832369663,0,0,0,0,0,0,0,0,0,0,0,0,0,0,0,0,0,0,0,0,0,0,1,5,13,79,10,292,0,0,0,0,,,0,0,0,0,0,0,0,0,0,0,0,0,,,,0,0,0,0,0,0,0,,0,0,0,0,,47.7,59.7
00-0037804,Z.Carter,Zachary Carter,DT,DL,"https://static.www.nfl.com/image/upload/f_auto,q_auto/league/f64doat4n78solyaa7xv",2023,REG,CIN,14,0,0,0,0,0,0,0,0,0,0,0,0,,,0,,0,0,0,0,0,0,,0,0,0,0,0,0,0,0,0,0,,0,,0,0,0,0,6,2,15,1,3,1,0,0,2,0,0,1,0,0,0,0,0,0,0,0,0,1,5,0,0,0,0,0,0,0,0,,,0,0,0,0,0,0,0,0,0,0,0,0,,,,0,0,0,0,0,0,0,,0,0,0,0,,0,0
00-0037805,J.Ruckert,Jeremy Ruckert,TE,TE,"https://static.www.nfl.com/image/upload/f_auto,q_auto/league/jnwpnpbukmzrsuutpufx",2023,REG,NYJ,10,0,0,0,0,0,0,0,0,0,0,0,0,,,0,,0,0,0,0,0,0,,0,16,22,151,0,0,0,139,51,6,4.47125266853254,0,1.0863309352518,0.0390763765541741,0.03475,0.0829395648312611,0,1,0,1,0,0,0,0,0,0,0,0,0,0,0,0,0,0,0,0,0,0,2,10,0,0,0,0,0,0,0,0,,,0,0,0,0,0,0,0,0,0,0,0,0,,,,0,0,0,0,0,0,0,,0,0,0,0,,15.1,31.1
00-0037807,J.Ezeudu,Joshua Ezeudu,G,OL,"https://static.www.nfl.com/image/upload/f_auto,q_auto/league/p7b21zmpoxp6hxr3uxnf",2023,REG,NYG,5,0,0,0,0,0,0,0,0,0,0,0,0,,,0,,0,0,0,0,0,0,,0,0,0,0,0,0,0,0,0,0,,0,,0,0,0,0,0,0,0,0,0,0,0,0,0,0,0,0,0,0,0,0,2,2,0,0,0,5,37,0,0,0,0,0,0,0,0,,,0,0,0,0,0,0,0,0,0,0,0,0,,,,0,0,0,0,0,0,0,,0,0,0,0,,0,0
00-0037808,D.Malone,DeAngelo Malone,LB,LB,"https://static.www.nfl.com/image/upload/f_auto,q_auto/league/yywbozwgj0uqnexmdaex",2023,REG,ATL,5,0,0,0,0,0,0,0,0,0,0,0,0,,,0,,0,0,0,0,0,0,,0,0,0,0,0,0,0,0,0,0,,0,,0,0,0,0,4,0,2,0,0,0,0,0,0,0,0,0,0,0,0,0,0,0,0,0,0,0,0,0,0,0,0,0,0,0,0,,,0,0,0,0,0,0,0,0,0,0,0,0,,,,0,0,0,0,0,0,0,,0,0,0,0,,0,0
00-0037809,C.Okonkwo,Chig Okonkwo,TE,TE,"https://static.www.nfl.com/image/upload/f_auto,q_auto/league/omm5z5iq6dlmidqz1sgz",2023,REG,TEN,17,0,0,0,0,0,0,0,0,0,0,0,0,,,0,,2,6,0,0,0,1,-0.0199080768506974,0,54,77,528,1,0,0,525,260,25,7.75504169724428,0,1.00571428571429,0.161087866108787,0.114904793171372,0.322065154383141,0,0,0,1,0,0,0,0,0,0,0,0,0,0,0,0,0,1,1,0,0,0,4,24,0,0,0,0,0,0,0,0,,,0,0,0,0,0,0,0,0,0,0,0,0,,,,0,0,0,0,0,0,0,,0,0,0,0,,59.4,113.4
00-0037810,T.Andersen,Troy Andersen,LB,LB,"https://static.www.nfl.com/image/upload/f_auto,q_auto/league/hazptxokp1zuwvuvdasb",2023,REG,ATL,2,0,0,0,0,0,0,0,0,0,0,0,0,,,0,,0,0,0,0,0,0,,0,0,0,0,0,0,0,0,0,0,,0,,0,0,0,0,7,0,12,1,3,0,0.5,3.5,1,0,0,0,0,0,0,0,0,0,0,0,0,1,4,0,0,0,0,0,0,0,0,,,0,0,0,0,0,0,0,0,0,0,0,0,,,,0,0,0,0,0,0,0,,0,0,0,0,,0,0
00-0037811,C.Muma,Chad Muma,LB,LB,"https://static.www.nfl.com/image/upload/f_auto,q_auto/league/wwf5gmaohjdyvpigwu5e",2023,REG,JAX,4,0,0,0,0,0,0,0,0,0,0,0,0,,,0,,0,0,0,0,0,0,,0,0,0,0,0,0,0,0,0,0,,0,,0,0,0,0,8,0,7,0,0,0,0,0,0,0,0,2,0,0,0,0,0,0,0,0,0,1,15,0,0,0,0,0,0,0,0,,,0,0,0,0,0,0,0,0,0,0,0,0,,,,0,0,0,0,0,0,0,,0,0,0,0,,0,0
00-0037813,C.Tindall,Channing Tindall,LB,LB,"https://static.www.nfl.com/image/upload/f_auto,q_auto/league/iop376y4dj0sxvhznh3f",2023,REG,MIA,4,0,0,0,0,0,0,0,0,0,0,0,0,,,0,,0,0,0,0,0,0,,0,0,0,0,0,0,0,0,0,0,,0,,0,0,0,0,2,1,5,0,0,0,0,0,0,0,0,0,0,0,0,0,0,0,0,0,0,1,10,0,0,0,0,0,0,0,0,,,0,0,0,0,0,0,0,0,0,0,0,0,,,,0,0,0,0,0,0,0,,0,0,0,0,,0,0
00-0037814,L.Fortner,Luke Fortner,C,OL,"https://static.www.nfl.com/image/upload/f_auto,q_auto/league/kvv7na6p5zwlcmtoji7q",2023,REG,JAX,7,0,0,0,0,0,0,0,0,0,0,0,0,,,0,,0,0,0,0,0,0,,0,0,0,0,0,0,0,0,0,0,,0,,0,0,0,0,1,0,0,0,0,0,0,0,0,0,0,0,0,0,0,0,0,0,0,0,0,4,30,0,0,0,0,0,0,0,0,,,0,0,0,0,0,0,0,0,0,0,0,0,,,,0,0,0,0,0,0,0,,0,0,0,0,,0,0
00-0037815,C.Thomas,Cameron Thomas,DE,DL,"https://static.www.nfl.com/image/upload/f_auto,q_auto/league/pjqi76adcm3i9xkbbepg",2023,REG,ARI,12,0,0,0,0,0,0,0,0,0,0,0,0,,,0,,0,0,0,0,0,0,,0,0,0,0,0,0,0,0,0,0,,0,,0,0,0,0,10,3,9,3,7,0,0,0,1,0,0,1,0,0,0,0,0,0,1,1,1,1,15,0,0,0,0,0,0,0,0,,,0,0,0,0,0,0,0,0,0,0,0,0,,,,0,0,0,0,0,0,0,,0,0,0,0,,0,0
00-0037816,R.Doubs,Romeo Doubs,WR,WR,"https://static.www.nfl.com/image/upload/f_auto,q_auto/league/ov2llp1bfetznmngqybi",2023,REG,GB,17,0,0,0,0,0,0,0,0,0,0,0,0,-0.947,,0,,0,0,0,0,0,0,,0,59,96,674,8,1,0,1126,134,41,25.0575666056188,0,0.598579040852576,0.171122994652406,0.227935222672065,0.416239147849055,0,2,0,0,0,0,0,0,0,0,0,0,0,0,0,0,0,0,0,0,0,0,0,0,0,0,0,0,0,0,0,0,,,0,0,0,0,0,0,0,0,0,0,0,0,,,,0,0,0,0,0,0,0,,0,0,0,0,,115.4,174.4
00-0037817,Z.Tom,Zach Tom,G,OL,"https://static.www.nfl.com/image/upload/f_auto,q_auto/league/ed0itvu56lxrfabusaux",2023,REG,GB,4,0,0,0,0,0,0,0,0,0,0,0,0,,,0,,0,0,0,0,0,0,,0,0,0,0,0,0,0,0,0,0,,0,,0,0,0,0,1,0,0,0,0,0,0,0,0,0,0,0,0,0,0,0,2,2,0,0,0,3,10,0,0,0,0,0,0,0,0,,,0,0,0,0,0,0,0,0,0,0,0,0,,,,0,0,0,0,0,0,0,,0,0,0,0,,0,0
00-0037818,Z.Johnson,Zion Johnson,G,OL,"https://static.www.nfl.com/image/upload/f_auto,q_auto/league/wjgcg8pqadn0mtzoumhj",2023,REG,LAC,5,0,0,0,0,0,0,0,0,0,0,0,0,,,0,,0,0,0,0,0,0,,0,0,0,0,0,0,0,0,0,0,,0,,0,0,0,0,0,0,0,0,0,0,0,0,0,0,0,0,0,0,0,0,0,0,0,0,0,6,44,0,0,0,0,0,0,0,0,,,0,0,0,0,0,0,0,0,0,0,0,0,,,,0,0,0,0,0,0,0,,0,0,0,0,,0,0
00-0037819,L.Chenal,Leo Chenal,LB,LB,"https://static.www.nfl.com/image/upload/f_auto,q_auto/league/x09uj5ta65jfceysfi2v",2023,REG,KC,17,0,0,0,0,0,0,0,0,0,0,0,0,,,0,,0,0,0,0,0,0,,0,0,0,0,0,0,0,0,0,0,,0,,0,0,0,0,31,9,25,8,27,0,3,17,7,0,0,1,0,0,0,0,0,0,0,0,0,0,0,0,0,0,0,0,0,0,0,,,0,0,0,0,0,0,0,0,0,0,0,0,,,,0,0,0,0,0,0,0,,0,0,0,0,,0,0
00-0037821,C.Cross,Charles Cross,OT,OL,"https://static.www.nfl.com/image/upload/f_auto,q_auto/league/unfc89gx8anfyuzom0dv",2023,REG,SEA,4,0,0,0,0,0,0,0,0,0,0,0,0,,,0,,0,0,0,0,0,0,,0,0,0,0,0,0,0,0,0,0,,0,,0,0,0,0,0,0,0,0,0,0,0,0,0,0,0,0,0,0,0,0,0,0,0,0,0,4,25,0,0,0,0,0,0,0,0,,,0,0,0,0,0,0,0,0,0,0,0,0,,,,0,0,0,0,0,0,0,,0,0,0,0,,0,0
00-0037822,B.Asamoah,Brian Asamoah II,LB,LB,"https://static.www.nfl.com/image/upload/f_auto,q_auto/league/xohuccngmgsc8x8t7onn",2023,REG,MIN,7,0,0,0,0,0,0,0,0,0,0,0,0,,,0,,0,0,0,0,0,0,,0,0,0,0,0,0,0,0,0,0,,0,,0,0,0,0,2,0,5,0,0,0,0,0,0,0,0,0,0,0,0,0,0,0,0,0,0,3,27,0,0,0,0,0,0,0,0,,,0,0,0,0,0,0,0,0,0,0,0,0,,,,0,0,0,0,0,0,0,,0,0,0,0,,0,0
00-0037823,C.Harris,Christian Harris,LB,LB,"https://static.www.nfl.com/image/upload/f_auto,q_auto/league/vu59vuwhkncfc8gtsjq4",2023,REG,HOU,16,0,0,0,0,0,0,0,0,0,0,0,0,,,0,,0,0,0,0,0,0,,0,0,0,0,0,0,0,0,0,0,,0,,0,0,0,0,57,8,36,7,20,1,2,8,3,0,0,7,0,0,0,0,0,0,0,0,0,2,11,0,0,0,0,0,0,0,0,,,0,0,0,0,0,0,0,0,0,0,0,0,,,,0,0,0,0,0,0,0,,0,0,0,0,,0,0
00-0037825,T.Linderbaum,Tyler Linderbaum,C,OL,"https://static.www.nfl.com/image/upload/f_auto,q_auto/league/ojvsyozouivghvkbw5qk",2023,REG,BAL,4,0,0,0,0,0,0,0,0,0,0,0,0,,,0,,0,0,0,0,0,0,,0,0,0,0,0,0,0,0,0,0,,0,,0,0,0,0,0,0,0,0,0,0,0,0,0,0,0,0,0,0,0,0,0,1,0,0,0,3,25,0,0,0,0,0,0,0,0,,,0,0,0,0,0,0,0,0,0,0,0,0,,,,0,0,0,0,0,0,0,,0,0,0,0,,0,0
00-0037826,D.Jackson,Drake Jackson,DE,DL,"https://static.www.nfl.com/image/upload/f_auto,q_auto/league/z0rbarktd2j64zhoav02",2023,REG,SF,4,0,0,0,0,0,0,0,0,0,0,0,0,,,0,,0,0,0,0,0,0,,0,0,0,0,0,0,0,0,0,0,,0,,0,0,0,0,4,0,3,2,20,0,3,20,3,0,0,1,0,0,0,0,0,0,0,0,0,0,0,0,0,0,0,0,0,0,0,,,0,0,0,0,0,0,0,0,0,0,0,0,,,,0,0,0,0,0,0,0,,0,0,0,0,,0,0
00-0037827,T.Davis-Price,Tyrion Davis-Price,RB,RB,"https://static.www.nfl.com/image/upload/f_auto,q_auto/league/np2ljgazwwq6sh9015qs",2023,REG,SF,1,0,0,0,0,0,0,0,0,0,0,0,0,,,0,,6,21,0,0,0,1,-3.73455790895969,0,0,0,0,0,0,0,0,0,0,,0,,0,0,0,0,0,0,0,0,0,0,0,0,0,0,0,0,0,0,0,0,0,0,0,0,0,0,0,0,0,0,0,0,0,0,0,,,0,0,0,0,0,0,0,0,0,0,0,0,,,,0,0,0,0,0,0,0,,0,0,0,0,,2.1,2.1
00-0037829,S.Burford,Spencer Burford,OT,OL,"https://static.www.nfl.com/image/upload/f_auto,q_auto/league/rizdurffvnwd66ait3pt",2023,REG,SF,6,0,0,0,0,0,0,0,0,0,0,0,0,,,0,,0,0,0,0,0,0,,0,0,0,0,0,0,0,0,0,0,,0,,0,0,0,0,0,0,0,0,0,0,0,0,0,0,0,0,0,0,0,0,0,0,0,0,0,8,70,0,0,0,0,0,0,0,0,,,0,0,0,0,0,0,0,0,0,0,0,0,,,,0,0,0,0,0,0,0,,0,0,0,0,,0,0
00-0037830,S.Womack,Samuel Womack,CB,DB,"https://static.www.nfl.com/image/upload/f_auto,q_auto/league/qjqal4jl2itgnfzbliys",2023,REG,SF,6,0,0,0,0,0,0,0,0,0,0,0,0,,,0,,0,0,0,0,0,0,,0,0,0,0,0,0,0,0,0,0,,0,,0,0,0,0,5,1,1,0,0,0,0,0,0,0,0,0,0,0,0,0,0,0,0,0,0,1,5,0,0,0,0,0,0,0,0,,,0,0,0,0,0,0,0,0,0,0,0,0,,,,0,0,0,0,0,0,0,,0,0,0,0,,0,0
00-0037832,K.Davis,Kalia Davis,DT,DL,"https://static.www.nfl.com/image/upload/f_auto,q_auto/league/bqad9jqdvg5tis5i3vgu",2023,REG,SF,1,0,0,0,0,0,0,0,0,0,0,0,0,,,0,,0,0,0,0,0,0,,0,0,0,0,0,0,0,0,0,0,,0,,0,0,0,0,1,0,0,1,3,0,1,3,1,0,0,0,0,0,0,0,0,0,0,0,0,0,0,0,0,0,0,0,0,0,0,,,0,0,0,0,0,0,0,0,0,0,0,0,,,,0,0,0,0,0,0,0,,0,0,0,0,,0,0
00-0037833,T.Castro-Fields,Tariq Castro-Fields,CB,DB,"https://static.www.nfl.com/image/upload/f_auto,q_auto/league/sauvxksfrf2vm2nhsjjd",2023,REG,WAS,4,0,0,0,0,0,0,0,0,0,0,0,0,,,0,,0,0,0,0,0,0,,0,0,0,0,0,0,0,0,0,0,,0,,0,0,0,0,1,2,1,0,0,0,0,0,0,0,0,0,0,0,0,0,0,0,0,0,0,3,20,0,0,0,0,0,0,0,0,,,0,0,0,0,0,0,0,0,0,0,0,0,,,,0,0,0,0,0,0,0,,0,0,0,0,,0,0
00-0037834,B.Purdy,Brock Purdy,QB,QB,"https://static.www.nfl.com/image/upload/f_auto,q_auto/league/xykdxnvxpf9pobxvkjfj",2023,REG,SF,16,308,444,4280,31,11,28,-153,4,2,3636,2034,193,143.753558569535,5.38388062835577,0,1.17711771177118,39,144,2,2,0,17,11.4274924905203,0,0,0,0,0,0,0,0,0,0,,0,,0,0,0,0,2,0,0,0,0,0,0,0,0,0,0,0,0,0,0,0,4,5,0,0,0,2,23,0,0,0,0,0,0,0,0,,,0,0,0,0,0,0,0,0,0,0,0,0,,,,0,0,0,0,0,0,0,,0,0,0,0,,295.6,295.6
00-0037835,L.Goedeke,Luke Goedeke,OT,OL,"https://static.www.nfl.com/image/upload/f_auto,q_auto/league/umds1rrsxq5kja5kt08g",2023,REG,TB,7,0,0,0,0,0,0,0,0,0,0,0,0,,,0,,0,0,0,0,0,0,,0,0,0,0,0,0,0,0,0,0,,0,,0,0,0,0,1,0,0,0,0,0,0,0,0,0,0,0,0,0,0,0,0,0,0,0,0,10,73,0,0,0,0,0,0,0,0,,,0,0,0,0,0,0,0,0,0,0,0,0,,,,0,0,0,0,0,0,0,,0,0,0,0,,0,0
00-0037837,C.Austin,Calvin Austin III,WR,WR,"https://static.www.nfl.com/image/private/f_auto,q_auto/league/qlt6ztqcbu0uzad6aavt",2023,REG,PIT,16,0,0,0,0,0,0,0,0,0,0,0,0,,,0,,11,57,1,0,0,4,3.4131404554355,0,17,30,180,1,0,0,378,73,7,-3.25914874740777,0,0.476190476190476,0.0619834710743802,0.0998678996036988,0.162882736334159,0,1,0,0,0,0,0,0,0,0,0,0,0,0,2,0,0,2,2,0,0,0,1,10,29,249,0,0,0,0,0,0,,,0,0,0,0,0,0,0,0,0,0,0,0,,,,0,0,0,0,0,0,0,,0,0,0,0,,35.7,52.7
00-0037838,I.Likely,Isaiah Likely,TE,TE,"https://static.www.nfl.com/image/upload/f_auto,q_auto/league/ssrjtyvnyfflobmi0mb8",2023,REG,BAL,14,0,0,0,0,0,0,0,0,0,0,0,0,,,0,,0,0,0,0,0,0,,0,30,40,411,5,0,0,249,216,15,32.1941993946376,0,1.65060240963855,0.0840336134453782,0.0608950843727073,0.168676979228962,0,1,1,0,0,0,0,0,0,0,0,0,0,0,0,0,0,0,0,0,0,0,4,30,0,0,0,0,0,0,0,0,,,0,0,0,0,0,0,0,0,0,0,0,0,,,,0,0,0,0,0,0,0,,0,0,0,0,,71.1,101.1
00-0037839,C.Durant,Cobie Durant,CB,DB,"https://static.www.nfl.com/image/upload/f_auto,q_auto/league/vkte59jemwhdeuobis0e",2023,REG,LA,14,0,0,0,0,0,0,0,0,0,0,0,0,,,0,,0,0,0,0,0,0,,0,0,0,0,0,0,0,0,0,0,,0,,0,0,0,0,22,1,16,0,0,0,0,0,2,0,0,6,0,0,0,0,0,0,0,0,0,2,15,0,0,0,0,0,0,0,0,,,0,0,0,0,0,0,0,0,0,0,0,0,,,,0,0,0,0,0,0,0,,0,0,0,0,,0,0
00-0037840,K.Williams,Kyren Williams,RB,RB,"https://static.www.nfl.com/image/upload/f_auto,q_auto/league/smsyrjrwy0lf0hu9hkvg",2023,REG,LA,12,0,0,0,0,0,0,0,0,0,0,0,0,,,0,,228,1144,12,2,1,62,23.4895996570683,1,32,48,206,3,1,1,10,277,9,-15.6004017156651,0,20.6,0.0864864864864865,0.00221877080097626,0.131282869290413,0,1,0,0,0,0,0,0,0,0,0,0,0,0,0,0,0,0,0,0,0,0,2,18,3,21,1,8,0,0,0,0,,,0,0,0,0,0,0,0,0,0,0,0,0,,,,0,0,0,0,0,0,0,,0,0,0,0,,223,255
00-0037841,Q.Lake,Quentin Lake,SAF,DB,"https://static.www.nfl.com/image/upload/f_auto,q_auto/league/rhyy4y6kh7kbnuglf7jp",2023,REG,LA,14,0,0,0,0,0,0,0,0,0,0,0,0,,,0,,0,0,0,0,0,0,,0,0,0,0,0,0,0,0,0,0,,0,,0,0,0,0,34,8,11,1,3,0,0,0,0,0,0,6,0,0,0,0,0,0,1,1,0,3,12,0,0,0,0,0,0,0,0,,,0,0,0,0,0,0,0,0,0,0,0,0,,,,0,0,0,0,0,0,0,,0,0,0,0,,0,0
00-0037842,D.Kendrick,Derion Kendrick,CB,DB,"https://static.www.nfl.com/image/upload/f_auto,q_auto/league/jqmngrtmkviwleea8i40",2023,REG,LA,14,0,0,0,0,0,0,0,0,0,0,0,0,,,0,,0,0,0,0,0,0,,0,0,0,0,0,0,0,0,0,0,,0,,0,0,0,0,38,3,8,3,8,0,0,0,0,1,0,10,0,0,0,0,0,0,0,0,0,10,96,0,0,0,0,0,0,0,0,,,0,0,0,0,0,0,0,0,0,0,0,0,,,,0,0,0,0,0,0,0,,0,0,0,0,,0,0
00-0037844,R.Yeast,Russ Yeast,SAF,DB,"https://static.www.nfl.com/image/upload/f_auto,q_auto/league/ocmzjjmepmzbrxfegfaj",2023,REG,LA,16,0,0,0,0,0,0,0,0,0,0,0,0,,,0,,0,0,0,0,0,0,,0,0,0,0,0,0,0,0,0,0,,0,,0,0,0,0,31,6,24,0,0,0,0,0,0,0,0,5,0,0,0,0,0,0,0,0,0,2,20,0,0,0,0,0,0,0,0,,,0,0,0,0,0,0,0,0,0,0,0,0,,,,0,0,0,0,0,0,0,,0,0,0,0,,0,0
00-0037984,D.Williams,Damarion Williams,CB,DB,"https://static.www.nfl.com/image/upload/f_auto,q_auto/league/mfeu7klqfh5ximkpkf1f",2023,REG,BAL,1,0,0,0,0,0,0,0,0,0,0,0,0,,,0,,0,0,0,0,0,0,,0,0,0,0,0,0,0,0,0,0,,0,,0,0,0,0,0,0,0,0,0,0,0,0,0,0,0,0,0,0,0,0,0,0,0,0,0,0,0,0,0,0,0,0,0,0,0,,,0,0,0,0,0,0,0,0,0,0,0,0,,,,0,0,0,0,0,0,0,,0,0,0,0,,0,0
00-0038038,K.Hamilton,Kyle Hamilton,SAF,DB,"https://static.www.nfl.com/image/upload/f_auto,q_auto/league/chrrlhiriydmjomv3s2f",2023,REG,BAL,15,0,0,0,0,0,0,0,0,0,0,0,0,,,0,,0,0,0,0,0,0,,0,0,0,0,0,0,0,0,0,0,,0,,0,0,0,0,57,6,18,9,36,1,3,36,4,4,25,13,1,0,0,0,0,0,0,0,0,5,45,0,0,0,0,0,0,0,0,,,0,0,0,0,0,0,0,0,0,0,0,0,,,,0,0,0,0,0,0,0,,0,0,0,0,,0,0
00-0038039,J.Jones,Jack Jones,CB,DB,"https://static.www.nfl.com/image/upload/f_auto,q_auto/league/du4dbnopryqdeffnwcwh",2023,REG,LV,10,0,0,0,0,0,0,0,0,0,0,0,0,,,0,,0,0,0,0,0,0,,0,0,0,0,0,0,0,0,0,0,,0,,0,0,0,0,27,1,9,0,0,0,0,0,1,2,49,5,2,0,0,0,0,0,0,0,0,5,55,0,0,0,0,0,0,0,0,,,0,0,0,0,0,0,0,0,0,0,0,0,,,,0,0,0,0,0,0,0,,0,0,0,0,,0,0
00-0038040,Z.White,Zamir White,RB,RB,"https://static.www.nfl.com/image/upload/f_auto,q_auto/league/jzthyqk2ld52f31ka1ir",2023,REG,LV,13,0,0,0,0,0,0,0,0,0,0,0,0,,,0,,104,451,1,1,1,19,-17.6899545091437,0,15,19,98,0,0,0,4,94,4,0.729025378182996,0,24.5,0.0357815442561205,0.000934361130576968,0.0543263691755847,0,1,0,1,0,0,0,0,0,0,0,0,0,0,0,0,0,0,0,0,0,0,0,0,0,0,0,0,0,0,0,0,,,0,0,0,0,0,0,0,0,0,0,0,0,,,,0,0,0,0,0,0,0,,0,0,0,0,,58.9,73.9
00-0038041,J.Ferguson,Jake Ferguson,TE,TE,"https://static.www.nfl.com/image/upload/f_auto,q_auto/league/ebdz1yf8ky2mscdvyv1v",2023,REG,DAL,17,0,0,0,0,0,0,0,0,0,0,0,0,,,0,,0,0,0,0,0,0,,0,71,102,761,5,0,0,514,425,40,32.7524273186989,0,1.48054474708171,0.168595041322314,0.107217355027117,0.327944710502453,0,0,0,0,0,0,0,0,0,0,0,0,0,0,0,0,0,0,0,0,0,0,4,25,0,0,0,0,0,0,0,0,,,0,0,0,0,0,0,0,0,0,0,0,0,,,,0,0,0,0,0,0,0,,0,0,0,0,,106.1,177.1
00-0038042,J.Camarda,Jake Camarda,P,SPEC,"https://static.www.nfl.com/image/upload/f_auto,q_auto/league/hqkpgynlysrpztamxn6n",2023,REG,TB,17,0,0,0,0,0,0,0,0,0,0,0,0,,,0,,0,0,0,0,0,0,,0,0,0,0,0,0,0,0,0,0,,0,,0,0,0,0,1,0,0,0,0,0,0,0,0,0,0,0,0,0,0,0,1,1,0,0,0,0,0,0,0,0,0,0,0,0,0,,,0,0,0,0,0,0,0,0,0,0,0,0,,,,0,0,0,0,0,0,0,,0,0,0,0,,0,0
00-0038043,J.Williams,Joshua Williams,CB,DB,"https://static.www.nfl.com/image/upload/f_auto,q_auto/league/gpyxftvkpvbwrc7srrgt",2023,REG,KC,10,0,0,0,0,0,0,0,0,0,0,0,0,,,0,,0,0,0,0,0,0,,0,0,0,0,0,0,0,0,0,0,,0,,0,0,0,0,14,0,4,1,3,0,0,0,0,0,0,5,0,0,0,0,0,0,0,0,0,4,57,0,0,0,0,0,0,0,0,,,0,0,0,0,0,0,0,0,0,0,0,0,,,,0,0,0,0,0,0,0,,0,0,0,0,,0,0
00-0038045,I.Spiller,Isaiah Spiller,RB,RB,"https://static.www.nfl.com/image/upload/f_auto,q_auto/league/msdwytjm5qjxe336lmnv",2023,REG,LAC,9,0,0,0,0,0,0,0,0,0,0,0,0,,,0,,37,96,0,0,0,1,-14.3609551987611,0,6,6,34,0,0,0,-5,39,1,0.5254501588632,0,-6.8,0.00977198697068404,-0.0010564124234101,0.013918491759639,0,0,0,0,0,0,0,0,0,0,0,0,0,0,0,0,0,0,0,0,0,0,0,0,0,0,0,0,0,0,0,0,,,0,0,0,0,0,0,0,0,0,0,0,0,,,,0,0,0,0,0,0,0,,0,0,0,0,,13,19
00-0038046,C.Kolar,Charlie Kolar,TE,TE,"https://static.www.nfl.com/image/upload/f_auto,q_auto/league/g75ws8vkqz9cqwifhcy7",2023,REG,BAL,9,0,0,0,0,0,0,0,0,0,0,0,0,,,0,,0,0,0,0,0,0,,0,7,9,87,1,0,0,88,17,5,7.68457635681261,0,0.988636363636364,0.0189075630252101,0.0215211543164588,0.0434261525593363,0,4,0,1,0,0,0,0,0,0,0,0,0,0,0,0,0,0,0,0,0,0,0,0,0,0,0,0,0,0,0,0,,,0,0,0,0,0,0,0,0,0,0,0,0,,,,0,0,0,0,0,0,0,,0,0,0,0,,14.7,21.7
00-0038090,S.Moore,Skyy Moore,WR,WR,"https://static.www.nfl.com/image/upload/f_auto,q_auto/league/fadcpretmhczwjq8ovae",2023,REG,KC,13,0,0,0,0,0,0,0,0,0,0,0,0,,,0,,3,23,0,0,0,1,0.991782928351313,0,21,38,244,1,0,0,339,109,13,-9.61885847680431,0,0.71976401179941,0.0634390651085142,0.0827838827838828,0.153107315611489,0,2,0,0,0,0,0,0,0,0,0,0,0,0,0,0,0,0,0,0,0,0,0,0,0,0,0,0,0,0,0,0,,,0,0,0,0,0,0,0,0,0,0,0,0,,,,0,0,0,0,0,0,0,,0,0,0,0,,32.7,53.7
00-0038091,J.Woods,JT Woods,SAF,DB,"https://static.www.nfl.com/image/upload/f_auto,q_auto/league/c9yj9oh5pdja14fvmoub",2023,REG,LAC,2,0,0,0,0,0,0,0,0,0,0,0,0,,,0,,0,0,0,0,0,0,,0,0,0,0,0,0,0,0,0,0,,0,,0,0,0,0,3,2,0,0,0,0,0,0,0,0,0,0,0,0,0,0,0,0,0,0,0,0,0,0,0,0,0,0,0,0,0,,,0,0,0,0,0,0,0,0,0,0,0,0,,,,0,0,0,0,0,0,0,,0,0,0,0,,0,0
00-0038092,E.Ezukanma,Erik Ezukanma,WR,WR,"https://static.www.nfl.com/image/upload/f_auto,q_auto/league/z5fkw0w6ylpkumdxcpcv",2023,REG,MIA,2,0,0,0,0,0,0,0,0,0,0,0,0,,,0,,5,22,0,0,0,2,-1.45335571921896,0,0,1,0,0,0,0,8,0,0,-0.912653792192441,0,0,0.00182149362477231,0.0018578727357176,0.00403275135216079,0,0,0,0,0,0,0,0,0,0,0,0,0,0,0,0,0,0,0,0,0,0,0,0,0,0,0,0,0,0,0,0,,,0,0,0,0,0,0,0,0,0,0,0,0,,,,0,0,0,0,0,0,0,,0,0,0,0,,2.2,2.2
00-0038093,N.Farrell,Neil Farrell,DE,DL,"https://static.www.nfl.com/image/upload/f_auto,q_auto/league/pikpateqjukuersidq1m",2023,REG,KC,1,0,0,0,0,0,0,0,0,0,0,0,0,,,0,,0,0,0,0,0,0,,0,0,0,0,0,0,0,0,0,0,,0,,0,0,0,0,1,0,0,1,1,0,0,0,0,0,0,1,0,0,0,0,0,0,0,0,0,0,0,0,0,0,0,0,0,0,0,,,0,0,0,0,0,0,0,0,0,0,0,0,,,,0,0,0,0,0,0,0,,0,0,0,0,,0,0
00-0038094,J.Stout,Jordan Stout,P,SPEC,"https://static.www.nfl.com/image/upload/f_auto,q_auto/league/ta8m8jfnaotfjnasvy2e",2023,REG,BAL,17,0,0,0,0,0,0,0,0,0,0,0,0,,,0,,0,0,0,0,0,0,,0,0,0,0,0,0,0,0,0,0,,0,,0,0,0,0,2,0,0,0,0,0,0,0,0,0,0,0,0,0,0,0,0,0,0,0,0,0,0,0,0,0,0,0,0,0,0,,,0,0,0,0,0,0,0,0,0,0,0,0,,,,0,0,0,0,0,0,0,,0,0,0,0,,0,0
00-0038095,C.Volson,Cordell Volson,G,OL,"https://static.www.nfl.com/image/upload/f_auto,q_auto/league/ez7oydk1ozqz8cw50y91",2023,REG,CIN,3,0,0,0,0,0,0,0,0,0,0,0,0,,,0,,0,0,0,0,0,0,,0,0,0,0,0,0,0,0,0,0,,0,,0,0,0,0,1,0,0,0,0,0,0,0,0,0,0,0,0,0,0,0,0,0,0,0,0,2,10,0,0,0,0,0,0,0,0,,,0,0,0,0,0,0,0,0,0,0,0,0,,,,0,0,0,0,0,0,0,,0,0,0,0,,0,0
00-0038096,J.Paschal,Joshua Paschal,DE,DL,"https://static.www.nfl.com/image/upload/f_auto,q_auto/league/cu4msshr9uspguaggw2c",2023,REG,DET,10,0,0,0,0,0,0,0,0,0,0,0,0,,,0,,0,0,0,0,0,0,,0,0,0,0,0,0,0,0,0,0,,0,,0,0,0,0,13,4,8,4,19,0,1,9,3,0,0,1,0,0,0,0,0,0,1,1,0,0,0,0,0,0,0,0,0,0,0,,,0,0,0,0,0,0,0,0,0,0,0,0,,,,0,0,0,0,0,0,0,,0,0,0,0,,0,0
00-0038098,P.Strong,Pierre Strong,RB,RB,"https://static.www.nfl.com/image/upload/f_auto,q_auto/league/xvsnviejqwulftgrccpb",2023,REG,CLE,16,0,0,0,0,0,0,0,0,0,0,0,0,,,0,,63,291,1,1,1,10,-10.8770362379872,0,5,8,47,0,0,0,-5,73,1,-2.23292965616565,0,-9.4,0.0134003350083752,-0.000943574259294206,0.0194400005310569,0,7,0,2,0,0,1,0,0,0,0,0,0,0,0,0,0,0,0,0,0,0,0,0,0,0,8,200,0,0,0,0,,,0,0,0,0,0,0,0,0,0,0,0,0,,,,0,0,0,0,0,0,0,,0,0,0,0,,37.8,42.8
00-0038099,P.Mathis,Phidarian Mathis,DT,DL,"https://static.www.nfl.com/image/upload/f_auto,q_auto/league/sad9ieuv0z3maak06mir",2023,REG,WAS,6,0,0,0,0,0,0,0,0,0,0,0,0,,,0,,0,0,0,0,0,0,,0,0,0,0,0,0,0,0,0,0,,0,,0,0,0,0,2,0,6,0,0,0,0,0,1,0,0,0,0,0,0,0,0,0,1,1,0,0,0,0,0,0,0,0,0,0,0,,,0,0,0,0,0,0,0,0,0,0,0,0,,,,0,0,0,0,0,0,0,,0,0,0,0,,0,0
00-0038100,P.Butler,Percy Butler,SAF,DB,"https://static.www.nfl.com/image/upload/f_auto,q_auto/league/a91iobuedgc4i8c8jq7j",2023,REG,WAS,14,0,0,0,0,0,0,0,0,0,0,0,0,,,0,,0,0,0,0,0,0,,0,0,0,0,0,0,0,0,0,0,,0,,0,0,0,0,27,8,29,1,2,1,0,0,0,0,0,8,0,0,0,0,0,0,0,0,0,0,0,0,0,0,0,0,0,0,0,,,0,0,0,0,0,0,0,0,0,0,0,0,,,,0,0,0,0,0,0,0,,0,0,0,0,,0,0
00-0038101,A.Evans,Akayleb Evans,CB,DB,"https://static.www.nfl.com/image/upload/f_auto,q_auto/league/anmntl6frvbrhct3tzn1",2023,REG,MIN,15,0,0,0,0,0,0,0,0,0,0,0,0,,,0,,0,0,0,0,0,0,,0,0,0,0,0,0,0,0,0,0,,0,,0,0,0,0,40,9,16,0,0,3,0,0,0,1,1,7,0,0,0,0,0,0,0,0,0,3,47,0,0,0,0,0,0,0,0,,,0,0,0,0,0,0,0,0,0,0,0,0,,,,0,0,0,0,0,0,0,,0,0,0,0,,0,0
00-0038102,K.Pickett,Kenny Pickett,QB,QB,"https://static.www.nfl.com/image/upload/f_auto,q_auto/league/nfdzmyfr8eup5uuojjdw",2023,REG,PIT,12,201,324,2070,6,4,23,-173,0,0,2288,1046,92,-41.1884919466061,-2.12042964273883,0,0.90472027972028,42,54,1,2,0,13,-5.16288004297857,0,0,0,0,0,0,0,0,0,0,,0,,0,0,0,0,0,0,0,0,0,0,0,0,0,0,0,0,0,0,0,0,2,3,0,0,0,1,16,0,0,0,0,0,0,0,0,,,0,0,0,0,0,0,0,0,0,0,0,0,,,,0,0,0,0,0,0,0,,0,0,0,0,,110.2,110.2
00-0038103,C.Strange,Cole Strange,G,OL,"https://static.www.nfl.com/image/upload/f_auto,q_auto/league/rnuyg2ipah0b18vkxiqz",2023,REG,NE,4,0,0,0,0,0,0,0,0,0,0,0,0,,,0,,0,0,0,0,0,0,,0,0,0,3,0,0,0,0,3,0,,0,0,0,0,0,0,1,0,0,0,0,0,0,0,0,0,0,0,0,0,0,0,1,1,0,0,0,2,20,0,0,0,0,0,0,0,0,,,0,0,0,0,0,0,0,0,0,0,0,0,,,,0,0,0,0,0,0,0,,0,0,0,0,,0.3,0.3
00-0038104,T.Thornton,Tyquan Thornton,WR,WR,"https://static.www.nfl.com/image/upload/f_auto,q_auto/league/bjqzuempyiwxe0hl7e5a",2023,REG,NE,9,0,0,0,0,0,0,0,0,0,0,0,0,,,0,,3,51,0,0,0,1,3.01840060720899,0,13,23,91,0,0,0,230,50,3,-13.2396058684681,0,0.395652173913043,0.0425138632162662,0.05615234375,0.103077435449399,0,1,0,0,0,0,0,0,0,0,0,0,0,0,0,0,0,0,0,0,0,0,0,0,0,0,0,0,0,0,0,0,,,0,0,0,0,0,0,0,0,0,0,0,0,,,,0,0,0,0,0,0,0,,0,0,0,0,,14.2,27.2
00-0038105,D.Mathis,Damarri Mathis,DB,DB,"https://static.www.nfl.com/image/upload/f_auto,q_auto/league/cdikr2r1oljvhnzrfr9p",2023,REG,DEN,9,0,0,0,0,0,0,0,0,0,0,0,0,,,0,,0,0,0,0,0,0,,0,0,0,0,0,0,0,0,0,0,,0,,0,0,0,0,25,1,9,2,2,0,0,0,0,0,0,1,0,0,0,0,0,0,0,0,0,2,25,0,0,0,0,0,0,0,0,,,0,0,0,0,0,0,0,0,0,0,0,0,,,,0,0,0,0,0,0,0,,0,0,0,0,,0,0
00-0038107,M.Clemons,Micheal Clemons,DE,DL,"https://static.www.nfl.com/image/upload/f_auto,q_auto/league/bclys2f80w1v5klsswky",2023,REG,NYJ,14,0,0,0,0,0,0,0,0,0,0,0,0,,,0,,0,0,0,0,0,0,,0,0,0,0,0,0,0,0,0,0,,0,,0,0,0,0,11,3,13,0,0,1,0.5,4.5,1,0,0,0,0,0,0,0,0,0,0,0,0,3,21,0,0,0,0,0,0,0,0,,,0,0,0,0,0,0,0,0,0,0,0,0,,,,0,0,0,0,0,0,0,,0,0,0,0,,0,0
00-0038108,B.Zappe,Bailey Zappe,QB,QB,"https://static.www.nfl.com/image/upload/f_auto,q_auto/league/bdiiarfqwhyvsmmxtvg5",2023,REG,NE,10,127,212,1272,6,9,25,-191,2,1,1686,637,53,-81.795452715474,-4.42770113154213,0,0.754448398576512,17,83,1,0,0,6,4.63150148303248,0,0,0,0,0,0,0,0,0,0,,0,,0,0,0,0,0,0,0,0,0,0,0,0,0,0,0,0,0,0,0,0,0,0,0,0,0,0,0,0,0,0,0,0,0,0,0,,,0,0,0,0,0,0,0,0,0,0,0,0,,,,0,0,0,0,0,0,0,,0,0,0,0,,69.18,69.18
00-0038111,K.Gordon,Kyler Gordon,CB,DB,"https://static.www.nfl.com/image/upload/f_auto,q_auto/league/bx1snjc1rdkqpytb6bvu",2023,REG,CHI,13,0,0,0,0,0,0,0,0,0,0,0,0,,,0,,0,0,0,0,0,0,,0,0,0,0,0,0,0,0,0,0,,0,,0,0,0,0,42,2,17,3,15,0,1,8,2,2,0,6,0,0,0,0,0,0,0,0,0,3,46,0,0,0,0,0,0,0,0,,,0,0,0,0,0,0,0,0,0,0,0,0,,,,0,0,0,0,0,0,0,,0,0,0,0,,0,0
00-0038112,C.Jurgens,Cam Jurgens,C,OL,"https://static.www.nfl.com/image/upload/f_auto,q_auto/league/gksconutf766u40keyxr",2023,REG,PHI,1,0,0,0,0,0,0,0,0,0,0,0,0,,,0,,0,0,0,0,0,0,,0,0,0,0,0,0,0,0,0,0,,0,,0,0,0,0,0,0,1,0,0,0,0,0,0,0,0,0,0,0,0,0,0,0,0,0,0,0,0,0,0,0,0,0,0,0,0,,,0,0,0,0,0,0,0,0,0,0,0,0,,,,0,0,0,0,0,0,0,,0,0,0,0,,0,0
00-0038113,B.Smith,Brandon Smith,LB,LB,"https://static.www.nfl.com/image/upload/f_auto,q_auto/league/iclseim2aem6aioawabq",2023,REG,PHI,1,0,0,0,0,0,0,0,0,0,0,0,0,,,0,,0,0,0,0,0,0,,0,0,0,0,0,0,0,0,0,0,,0,,0,0,0,0,0,0,1,0,0,0,0,0,0,0,0,0,0,0,0,0,0,0,0,0,0,0,0,0,0,0,0,0,0,0,0,,,0,0,0,0,0,0,0,0,0,0,0,0,,,,0,0,0,0,0,0,0,,0,0,0,0,,0,0
00-0038114,M.Mitchell,Max Mitchell,OT,OL,"https://static.www.nfl.com/image/upload/f_auto,q_auto/league/l1jfqww1t2fkjdjbgmyk",2023,REG,NYJ,2,0,0,0,0,0,0,0,0,0,0,0,0,,,0,,0,0,0,0,0,0,,0,0,0,0,0,0,0,0,0,0,,0,,0,0,0,0,0,0,0,0,0,0,0,0,0,0,0,0,0,0,0,0,0,0,0,0,0,1,5,0,0,0,0,0,0,0,0,,,0,0,0,0,0,0,0,0,0,0,0,0,,,,0,0,0,0,0,0,0,,0,0,0,0,,0,0
00-0038115,D.Bellinger,Daniel Bellinger,TE,TE,"https://static.www.nfl.com/image/upload/f_auto,q_auto/league/hu3gywcwp2rlsefvawh1",2023,REG,NYG,14,0,0,0,0,0,0,0,0,0,0,0,0,-0.947,,0,,0,0,0,0,0,0,,0,25,28,255,0,0,0,130,134,6,8.48108833422884,0,1.96153846153846,0.0577319587628866,0.0343370311674591,0.110633859961551,0,2,0,3,0,0,0,0,0,0,0,0,0,0,0,0,0,0,0,0,0,0,6,49,0,0,0,0,0,0,0,0,,,0,0,0,0,0,0,0,0,0,0,0,0,,,,0,0,0,0,0,0,0,,0,0,0,0,,25.5,50.5
00-0038116,A.Ebiketie,Arnold Ebiketie,LB,LB,"https://static.www.nfl.com/image/upload/f_auto,q_auto/league/w5sjq8cj5tdar5ttlll7",2023,REG,ATL,15,0,0,0,0,0,0,0,0,0,0,0,0,,,0,,0,0,0,0,0,0,,0,0,0,0,0,0,0,0,0,0,,0,,0,0,0,0,15,1,9,3,25,2,6,40,12,0,0,1,0,0,0,0,0,0,0,0,0,0,0,0,0,0,0,0,0,0,0,,,0,0,0,0,0,0,0,0,0,0,0,0,,,,0,0,0,0,0,0,0,,0,0,0,0,,0,0
00-0038117,W.Robinson,Wan'Dale Robinson,WR,WR,"https://static.www.nfl.com/image/upload/f_auto,q_auto/league/yzcvyhmilvxedfjfjglc",2023,REG,NYG,15,0,0,0,0,0,0,0,0,0,0,0,0,,,0,,9,87,1,0,0,4,4.9164190426236,0,60,78,525,1,0,0,410,287,29,21.9106207190888,0,1.28048780487805,0.160824742268041,0.108293713681986,0.317042712979452,0,0,0,0,0,0,0,0,0,0,0,0,0,0,0,0,0,1,1,0,0,0,0,0,0,0,0,0,0,0,0,0,,,0,0,0,0,0,0,0,0,0,0,0,0,,,,0,0,0,0,0,0,0,,0,0,0,0,,73.2,133.2
00-0038119,J.Armour-Davis,Jalyn Armour-Davis,CB,DB,"https://static.www.nfl.com/image/upload/f_auto,q_auto/league/stfweqraa3ezp6xtcqut",2023,REG,BAL,5,0,0,0,0,0,0,0,0,0,0,0,0,,,0,,0,0,0,0,0,0,,0,0,0,0,0,0,0,0,0,0,,0,,0,0,0,0,1,1,4,0,0,0,0,0,0,0,0,0,0,0,0,0,0,0,0,0,0,0,0,0,0,0,0,0,0,0,0,,,0,0,0,0,0,0,0,0,0,0,0,0,,,,0,0,0,0,0,0,0,,0,0,0,0,,0,0
00-0038120,Bre.Hall,Breece Hall,RB,RB,"https://static.www.nfl.com/image/upload/f_auto,q_auto/league/m3dviruymtm2wl2zcpmr",2023,REG,NYJ,17,0,0,0,0,0,0,0,0,0,0,0,0,,,0,,223,994,5,2,0,44,-20.7067802430493,1,76,95,591,4,0,0,-48,649,28,6.08812599242083,0,-12.3125,0.168738898756661,-0.012,0.244708348134991,0,2,0,0,0,0,0,0,0,0,0,0,0,0,0,0,0,3,3,0,0,0,0,0,0,0,0,0,0,0,0,0,,,0,0,0,0,0,0,0,0,0,0,0,0,,,,0,0,0,0,0,0,0,,0,0,0,0,,214.5,290.5
00-0038121,A.Taylor,Alontae Taylor,CB,DB,"https://static.www.nfl.com/image/upload/f_auto,q_auto/league/n5x6q4v3rj8lrkiiva0h",2023,REG,NO,17,0,0,0,0,0,0,0,0,0,0,0,0,,,0,,0,0,0,0,0,0,,0,0,0,0,0,0,0,0,0,0,,0,,0,0,0,0,50,6,19,4,24,1,1,14,1,2,16,14,0,0,0,0,0,0,0,0,0,6,80,0,0,0,0,0,0,0,0,,,0,0,0,0,0,0,0,0,0,0,0,0,,,,0,0,0,0,0,0,0,,0,0,0,0,,0,0
00-0038122,D.Ridder,Desmond Ridder,QB,QB,"https://static.www.nfl.com/image/upload/f_auto,q_auto/league/rhpusa7pfgd82d9ui6y7",2023,REG,ATL,15,249,388,2836,12,12,31,-197,6,4,3184,1222,137,-32.2407411758443,-1.33553502957026,2,0.89070351758794,53,193,5,6,3,24,-14.4358171576846,0,1,1,-6,0,0,0,-6,0,0,-1.51534781605005,0,0,0.00196850393700787,-0.00138089758342923,0.00198612759711135,0,2,0,0,0,0,0,0,0,0,0,0,0,0,0,0,0,4,7,0,0,0,2,26,0,0,0,0,0,0,0,0,,,0,0,0,0,0,0,0,0,0,0,0,0,,,,0,0,0,0,0,0,0,,0,0,0,0,,176.14,177.14
00-0038123,D.Belton,Dane Belton,SAF,DB,"https://static.www.nfl.com/image/upload/f_auto,q_auto/league/dteu26qeqai20d4da21f",2023,REG,NYG,13,0,0,0,0,0,0,0,0,0,0,0,0,,,0,,0,0,0,0,0,0,,0,0,0,0,0,0,0,0,0,0,,0,,0,0,0,0,17,5,11,2,18,0,1,14,2,2,22,2,0,0,0,0,0,0,1,1,0,0,0,0,0,0,0,0,0,0,0,,,0,0,0,0,0,0,0,0,0,0,0,0,,,,0,0,0,0,0,0,0,,0,0,0,0,,0,0
00-0038124,C.Watson,Christian Watson,WR,WR,"https://static.www.nfl.com/image/upload/f_auto,q_auto/league/syljognztlbghfeqyqn1",2023,REG,GB,9,0,0,0,0,0,0,0,0,0,0,0,0,,,0,,4,11,0,0,0,1,-1.52074445865583,0,28,53,422,5,0,0,817,105,20,1.88253991466269,0,0.516523867809058,0.0944741532976827,0.165384615384615,0.257480460715755,0,1,0,0,0,0,0,0,0,0,0,0,0,0,0,0,0,0,0,0,0,0,2,15,0,0,0,0,0,0,0,0,,,0,0,0,0,0,0,0,0,0,0,0,0,,,,0,0,0,0,0,0,0,,0,0,0,0,,73.3,101.3
00-0038125,R.McCreary,Roger McCreary,CB,DB,"https://static.www.nfl.com/image/upload/f_auto,q_auto/league/ntg1yix4ehhorke1zxkb",2023,REG,TEN,14,0,0,0,0,0,0,0,0,0,0,0,0,,,0,,0,0,0,0,0,0,,0,0,0,0,0,0,0,0,0,0,,0,,0,0,0,0,50,12,24,3,13,1,2,25,2,1,18,6,0,0,0,0,0,0,0,0,0,5,48,0,0,0,0,0,0,0,0,,,0,0,0,0,0,0,0,0,0,0,0,0,,,,0,0,0,0,0,0,0,,0,0,0,0,,0,0
00-0038126,P.Winfrey,Perrion Winfrey,DT,DL,"https://static.www.nfl.com/image/upload/f_auto,q_auto/league/mba0pzg4jlbxszeneexx",2023,REG,NYJ,1,0,0,0,0,0,0,0,0,0,0,0,0,,,0,,0,0,0,0,0,0,,0,0,0,0,0,0,0,0,0,0,,0,,0,0,0,0,1,0,2,0,0,0,0,0,0,0,0,0,0,0,0,0,0,0,0,0,0,1,5,0,0,0,0,0,0,0,0,,,0,0,0,0,0,0,0,0,0,0,0,0,,,,0,0,0,0,0,0,0,,0,0,0,0,,0,0
00-0038127,L.Hall,Logan Hall,DE,DL,"https://static.www.nfl.com/image/upload/f_auto,q_auto/league/bwkyc5onugo39cqnsa4e",2023,REG,TB,12,0,0,0,0,0,0,0,0,0,0,0,0,,,0,,0,0,0,0,0,0,,0,0,0,0,0,0,0,0,0,0,,0,,0,0,0,0,8,3,11,2,6,0,0.5,1.5,1,0,0,2,0,0,0,0,0,0,2,2,0,0,0,0,0,0,0,0,0,0,0,,,0,0,0,0,0,0,0,0,0,0,0,0,,,,0,0,0,0,0,0,0,,0,0,0,0,,0,0
00-0038128,M.Willis,Malik Willis,QB,QB,"https://static.www.nfl.com/image/upload/f_auto,q_auto/league/hsnetccy7bquili3gcqq",2023,REG,TEN,2,4,5,74,0,0,4,-30,0,0,39,55,1,-0.068276936013552,14.3603891134262,0,1.8974358974359,5,21,0,1,1,2,-6.96832967567025,0,0,0,0,0,0,0,0,0,0,,0,,0,0,0,0,0,0,0,0,0,0,0,0,0,0,0,0,0,0,0,0,0,1,0,0,0,0,0,0,0,0,0,0,0,0,0,,,0,0,0,0,0,0,0,0,0,0,0,0,,,,0,0,0,0,0,0,0,,0,0,0,0,,3.06,3.06
00-0038129,C.Otton,Cade Otton,TE,TE,"https://static.www.nfl.com/image/upload/f_auto,q_auto/league/dlgxvfpnufpnxkvu1ynb",2023,REG,TB,17,0,0,0,0,0,0,0,0,0,0,0,0,,,0,,0,0,0,0,0,0,,0,47,67,455,4,0,0,452,223,22,12.5909822396063,1,1.00663716814159,0.121818181818182,0.0929085303186023,0.247763243950294,0,1,0,0,0,0,0,0,0,0,0,0,0,0,0,0,0,0,0,0,0,0,2,15,0,0,0,0,0,0,0,0,,,0,0,0,0,0,0,0,0,0,0,0,0,,,,0,0,0,0,0,0,0,,0,0,0,0,,71.5,118.5
00-0038130,A.Booth,Andrew Booth,CB,DB,"https://static.www.nfl.com/image/upload/f_auto,q_auto/league/vg0kwozv8jzcn5vf4wzz",2023,REG,MIN,7,0,0,0,0,0,0,0,0,0,0,0,0,,,0,,0,0,0,0,0,0,,0,0,0,0,0,0,0,0,0,0,,0,,0,0,0,0,7,0,1,0,0,0,0,0,0,0,0,1,0,0,0,0,0,0,0,0,0,0,0,0,0,0,0,0,0,0,0,,,0,0,0,0,0,0,0,0,0,0,0,0,,,,0,0,0,0,0,0,0,,0,0,0,0,,0,0
00-0038131,E.Ingram,Ed Ingram,G,OL,"https://static.www.nfl.com/image/upload/f_auto,q_auto/league/zcqlqfil0ci0v8eftkub",2023,REG,MIN,6,0,0,0,0,0,0,0,0,0,0,0,0,,,0,,0,0,0,0,0,0,,0,0,0,0,0,0,0,0,0,0,,0,,0,0,0,0,1,0,0,0,0,0,0,0,0,0,0,0,0,0,0,0,0,0,0,0,0,5,40,0,0,0,0,0,0,0,0,,,0,0,0,0,0,0,0,0,0,0,0,0,,,,0,0,0,0,0,0,0,,0,0,0,0,,0,0
00-0038133,B.Mafe,Boye Mafe,LB,LB,"https://static.www.nfl.com/image/upload/f_auto,q_auto/league/smudeksouwxr6zynwcws",2023,REG,SEA,16,0,0,0,0,0,0,0,0,0,0,0,0,,,0,,0,0,0,0,0,0,,0,0,0,0,0,0,0,0,0,0,,0,,0,0,0,0,32,3,17,9,63,1,9,65,16,0,0,6,0,0,0,0,0,0,2,2,0,2,15,0,0,0,0,0,0,0,0,,,0,0,0,0,0,0,0,0,0,0,0,0,,,,0,0,0,0,0,0,0,,0,0,0,0,,0,0
00-0038134,K.Walker,Kenneth Walker III,RB,RB,"https://static.www.nfl.com/image/upload/f_auto,q_auto/league/mnzsnemdzbey5hbahdhk",2023,REG,SEA,15,0,0,0,0,0,0,0,0,0,0,0,0,,,0,,219,905,8,1,0,50,-9.32750174283865,0,29,37,259,1,0,0,-79,317,9,3.51092880679062,0,-3.27848101265823,0.0676416819012797,-0.0191701043436059,0.0880434498113954,0,1,0,0,0,0,0,0,0,0,0,0,0,0,0,0,0,1,2,0,0,0,2,25,0,0,0,0,0,0,0,0,,,0,0,0,0,0,0,0,0,0,0,0,0,,,,0,0,0,0,0,0,0,,0,0,0,0,,170.4,199.4
00-0038135,J.Brisker,Jaquan Brisker,SAF,DB,"https://static.www.nfl.com/image/upload/f_auto,q_auto/league/f21nhdemlyjvrtq9j01z",2023,REG,CHI,15,0,0,0,0,0,0,0,0,0,0,0,0,,,0,,0,0,0,0,0,0,,0,0,0,0,0,0,0,0,0,0,,0,,0,0,0,0,55,11,39,3,4,2,1,7.5,3,1,0,9,0,0,0,0,0,0,1,1,0,3,21,0,0,0,0,0,0,0,0,,,0,0,0,0,0,0,0,0,0,0,0,0,,,,0,0,0,0,0,0,0,,0,0,0,0,,0,0
00-0038136,C.Bryant,Coby Bryant,SAF,DB,"https://static.www.nfl.com/image/upload/f_auto,q_auto/league/dx8iy9fohocha1eh4k58",2023,REG,SEA,6,0,0,0,0,0,0,0,0,0,0,0,0,,,0,,0,0,0,0,0,0,,0,0,0,0,0,0,0,0,0,0,,0,,0,0,0,0,12,2,4,0,0,1,0,0,1,0,0,0,0,0,0,0,0,0,0,0,0,0,0,0,0,0,0,0,0,0,0,,,0,0,0,0,0,0,0,0,0,0,0,0,,,,0,0,0,0,0,0,0,,0,0,0,0,,0,0
00-0038142,D.Ojabo,David Ojabo,LB,LB,"https://static.www.nfl.com/image/upload/f_auto,q_auto/league/zhwq0frk3h6ni3uw4btp",2023,REG,BAL,3,0,0,0,0,0,0,0,0,0,0,0,0,,,0,,0,0,0,0,0,0,,0,0,0,0,0,0,0,0,0,0,,0,,0,0,0,0,4,1,1,0,0,1,1,5,1,0,0,0,0,0,0,0,0,0,0,0,0,0,0,0,0,0,0,0,0,0,0,,,0,0,0,0,0,0,0,0,0,0,0,0,,,,0,0,0,0,0,0,0,,0,0,0,0,,0,0
00-0038152,L.Havrisik,Lucas Havrisik,K,SPEC,"https://static.www.nfl.com/image/upload/f_auto,q_auto/league/dpkfsna78iqtafg1fpdm",2023,REG,LA,9,0,0,0,0,0,0,0,0,0,0,0,0,,,0,,0,0,0,0,0,0,,0,0,0,0,0,0,0,0,0,0,,0,,0,0,0,0,0,0,0,0,0,0,0,0,0,0,0,0,0,0,0,0,0,0,0,0,0,0,0,0,0,0,0,15,20,5,0,52,0.75,0,8,3,2,2,0,0,0,0,4,1,0,33;47;52;22;24;44;28;27;51;36;22;27;20;22;32,49;50;43;43;47,,487,232,0,19,22,3,0,0.863636363636364,0,0,0,0,,0,0
00-0038360,A.Ward,Alex Ward,LS,SPEC,"https://static.www.nfl.com/image/upload/f_auto,q_auto/league/bck0h02cdfjklvhxe9vq",2023,REG,LA,1,0,0,0,0,0,0,0,0,0,0,0,0,,,0,,0,0,0,0,0,0,,0,0,0,0,0,0,0,0,0,0,,0,,0,0,0,0,0,0,1,0,0,0,0,0,0,0,0,0,0,0,0,0,0,0,0,0,0,0,0,0,0,0,0,0,0,0,0,,,0,0,0,0,0,0,0,0,0,0,0,0,,,,0,0,0,0,0,0,0,,0,0,0,0,,0,0
00-0038368,Q.Johnson,Quindell Johnson,DB,DB,"https://static.www.nfl.com/image/upload/f_auto,q_auto/league/uga90lawcfxjcqna7opb",2023,REG,CHI,3,0,0,0,0,0,0,0,0,0,0,0,0,,,0,,0,0,0,0,0,0,,0,0,0,0,0,0,0,0,0,0,,0,,0,0,0,0,2,0,1,0,0,0,0,0,0,1,0,1,0,0,0,0,0,0,0,0,0,0,0,0,0,0,0,0,0,0,0,,,0,0,0,0,0,0,0,0,0,0,0,0,,,,0,0,0,0,0,0,0,,0,0,0,0,,0,0
00-0038381,K.Kelly,Kyu Blu Kelly,CB,DB,"https://static.www.nfl.com/image/upload/f_auto,q_auto/league/jmwlrbcsuzckrohnwgdu",2023,REG,WAS,1,0,0,0,0,0,0,0,0,0,0,0,0,,,0,,0,0,0,0,0,0,,0,0,0,0,0,0,0,0,0,0,,0,,0,0,0,0,5,0,0,1,1,0,0,0,0,0,0,0,0,0,0,0,0,0,0,0,0,0,0,0,0,0,0,0,0,0,0,,,0,0,0,0,0,0,0,0,0,0,0,0,,,,0,0,0,0,0,0,0,,0,0,0,0,,0,0
00-0038386,J.Carter,Jalen Carter,DT,DL,"https://static.www.nfl.com/image/upload/f_auto,q_auto/league/dxkrjv1ihimkwj9xahsz",2023,REG,PHI,16,0,0,0,0,0,0,0,0,0,0,0,0,,,0,,0,0,0,0,0,0,,0,0,0,0,0,0,0,0,0,0,,0,,0,0,0,0,20,0,13,8,35,2,6,33.5,9,0,0,0,0,0,0,0,0,0,1,1,1,5,34,0,0,0,0,0,0,0,0,,,0,0,0,0,0,0,0,0,0,0,0,0,,,,0,0,0,0,0,0,0,,0,0,0,0,,0,0
00-0038387,C.Wooden,Colby Wooden,DE,DL,"https://static.www.nfl.com/image/upload/f_auto,q_auto/league/fwupcm9mwqoufrt6sz2z",2023,REG,GB,11,0,0,0,0,0,0,0,0,0,0,0,0,,,0,,0,0,0,0,0,0,,0,0,0,0,0,0,0,0,0,0,,0,,0,0,0,0,8,2,7,1,2,0,0.5,5,2,0,0,0,0,0,0,0,0,0,0,0,0,0,0,0,0,0,0,0,0,0,0,,,0,0,0,0,0,0,0,0,0,0,0,0,,,,0,0,0,0,0,0,0,,0,0,0,0,,0,0
00-0038388,D.Rush,Darius Rush,CB,DB,"https://static.www.nfl.com/image/upload/f_auto,q_auto/league/ycmbuhp7r224vf220r0t",2023,REG,PIT,1,0,0,0,0,0,0,0,0,0,0,0,0,,,0,,0,0,0,0,0,0,,0,0,0,0,0,0,0,0,0,0,,0,,0,0,0,0,2,0,1,0,0,0,0,0,0,0,0,1,0,0,0,0,0,0,0,0,0,0,0,0,0,0,0,0,0,0,0,,,0,0,0,0,0,0,0,0,0,0,0,0,,,,0,0,0,0,0,0,0,,0,0,0,0,,0,0
00-0038389,I.Abanikanda,Israel Abanikanda,RB,RB,"https://static.www.nfl.com/image/upload/f_auto,q_auto/league/uegr8w0frbrrqmlalg48",2023,REG,NYJ,6,0,0,0,0,0,0,0,0,0,0,0,0,,,0,,22,70,0,0,0,3,-2.94553341485929,0,7,11,43,0,0,0,6,46,2,-1.21548775531119,0,7.16666666666667,0.019538188277087,0.0015,0.0303572824156306,0,0,0,0,0,0,0,0,0,0,0,0,0,0,0,0,0,0,0,0,0,0,0,0,0,0,2,31,0,0,0,0,,,0,0,0,0,0,0,0,0,0,0,0,0,,,,0,0,0,0,0,0,0,,0,0,0,0,,11.3,18.3
00-0038390,N.Sewell,Noah Sewell,LB,LB,"https://static.www.nfl.com/image/upload/f_auto,q_auto/league/sw5wea1zlc1drxoisej0",2023,REG,CHI,6,0,0,0,0,0,0,0,0,0,0,0,0,,,0,,0,0,0,0,0,0,,0,0,0,0,0,0,0,0,0,0,,0,,0,0,0,0,3,1,5,0,0,1,0,0,0,0,0,0,0,0,0,0,0,0,0,0,0,0,0,0,0,0,0,0,0,0,0,,,0,0,0,0,0,0,0,0,0,0,0,0,,,,0,0,0,0,0,0,0,,0,0,0,0,,0,0
00-0038391,S.Clifford,Sean Clifford,QB,QB,"https://static.www.nfl.com/image/upload/f_auto,q_auto/league/aox0jnclewicjmdydbmq",2023,REG,GB,2,1,1,37,0,0,0,0,0,0,34,3,1,2.14362682815408,58.5965007543564,0,1.08823529411765,3,-2,0,1,0,1,-3.49168400029885,0,0,0,0,0,0,0,0,0,0,,0,,0,0,0,0,0,0,0,0,0,0,0,0,0,0,0,0,0,0,0,0,1,2,0,0,0,0,0,0,0,0,0,0,0,0,0,,,0,0,0,0,0,0,0,0,0,0,0,0,,,,0,0,0,0,0,0,0,,0,0,0,0,,1.28,1.28
00-0038393,D.Wicks,Dontayvion Wicks,WR,WR,"https://static.www.nfl.com/image/upload/f_auto,q_auto/league/er7pbyq82nsbw1w3wyor",2023,REG,GB,15,1,1,14,0,0,0,0,0,0,9,5,1,0.889282290299889,33.030641078949,0,1.55555555555556,1,1,0,0,0,0,-0.375854366167914,0,39,58,581,4,3,1,591,211,29,29.1571217409257,0,0.983079526226734,0.103386809269162,0.119635627530364,0.238825153174998,0,0,0,1,0,0,0,0,0,0,0,0,0,0,0,0,0,1,1,0,0,0,2,15,0,0,0,0,0,0,0,0,,,0,0,0,0,0,0,0,0,0,0,0,0,,,,0,0,0,0,0,0,0,,0,0,0,0,,80.76,119.76
00-0038394,W.Mallory,Will Mallory,TE,TE,"https://static.www.nfl.com/image/upload/f_auto,q_auto/league/iedvpzvx9rric1dyi3iy",2023,REG,IND,11,0,0,0,0,0,0,0,0,0,0,0,0,,,0,,0,0,0,0,0,0,,0,18,26,207,0,1,0,203,89,11,11.6807807128644,0,1.01970443349754,0.0476190476190476,0.0477085781433608,0.104824576128924,0,0,0,0,0,0,0,0,0,0,0,0,0,0,0,0,0,1,1,0,0,0,0,0,0,0,0,0,0,0,0,0,,,0,0,0,0,0,0,0,0,0,0,0,0,,,,0,0,0,0,0,0,0,,0,0,0,0,,20.7,38.7
00-0038395,T.Smith,Terell Smith,CB,DB,"https://static.www.nfl.com/image/upload/f_auto,q_auto/league/azhrgsawgwgxed3z2dke",2023,REG,CHI,10,0,0,0,0,0,0,0,0,0,0,0,0,,,0,,0,0,0,0,0,0,,0,0,0,0,0,0,0,0,0,0,,0,,0,0,0,0,34,3,12,3,4,1,0,0,0,0,0,6,0,0,0,0,0,0,1,1,0,1,5,0,0,0,0,0,0,0,0,,,0,0,0,0,0,0,0,0,0,0,0,0,,,,0,0,0,0,0,0,0,,0,0,0,0,,0,0
00-0038396,E.Gray,Eric Gray,RB,RB,"https://static.www.nfl.com/image/upload/f_auto,q_auto/league/ijjxwxv1ccyowzhpuw2k",2023,REG,NYG,10,0,0,0,0,0,0,0,0,0,0,0,0,,,0,,17,48,0,1,0,3,-7.89402783877449,0,6,7,22,0,0,0,-8,40,0,-3.74944611499086,0,-2.75,0.0144329896907217,-0.00211304807184363,0.0201703508857919,0,0,0,0,0,0,0,0,0,0,0,0,0,0,2,0,0,0,0,0,0,0,0,0,7,28,4,58,0,0,0,0,,,0,0,0,0,0,0,0,0,0,0,0,0,,,,0,0,0,0,0,0,0,,0,0,0,0,,7,13
00-0038397,E.Hull,Evan Hull,RB,RB,"https://static.www.nfl.com/image/upload/f_auto,q_auto/league/xyyujk9mvvzegaiefp51",2023,REG,IND,1,0,0,0,0,0,0,0,0,0,0,0,0,,,0,,1,1,0,0,0,1,-1.48695376177784,0,1,1,6,0,0,0,3,3,0,-0.108118143049069,0,2,0.00183150183150183,0.000705052878965923,0.00324078976252889,0,0,0,0,0,0,0,0,0,0,0,0,0,0,0,0,0,0,0,0,0,0,0,0,0,0,0,0,0,0,0,0,,,0,0,0,0,0,0,0,0,0,0,0,0,,,,0,0,0,0,0,0,0,,0,0,0,0,,0.7,1.7
00-0038398,K.Brooks,Karl Brooks,DT,DL,"https://static.www.nfl.com/image/upload/f_auto,q_auto/league/qfyjyfmkoutz6s3ffy12",2023,REG,GB,16,0,0,0,0,0,0,0,0,0,0,0,0,,,0,,0,0,0,0,0,0,,0,0,0,0,0,0,0,0,0,0,,0,,0,0,0,0,10,2,8,5,34,1,4,31,5,0,0,4,0,0,0,0,0,0,2,2,0,1,5,0,0,0,0,0,0,0,0,,,0,0,0,0,0,0,0,0,0,0,0,0,,,,0,0,0,0,0,0,0,,0,0,0,0,,0,0
00-0038401,J.Bernard-Converse,Jarrick Bernard-Converse,CB,DB,"https://static.www.nfl.com/image/upload/f_auto,q_auto/league/qijokuz8ptkewjqktjm4",2023,REG,NYJ,2,0,0,0,0,0,0,0,0,0,0,0,0,,,0,,0,0,0,0,0,0,,0,0,0,0,0,0,0,0,0,0,,0,,0,0,0,0,1,0,1,0,0,0,0,0,0,0,0,0,0,0,0,0,0,0,0,0,0,0,0,0,0,0,0,0,0,0,0,,,0,0,0,0,0,0,0,0,0,0,0,0,,,,0,0,0,0,0,0,0,,0,0,0,0,,0,0
00-0038402,A.Carlson,Anders Carlson,K,SPEC,"https://static.www.nfl.com/image/upload/f_auto,q_auto/league/hier2cwevwkhkpgoxvb2",2023,REG,GB,17,0,0,0,0,0,0,0,0,0,0,0,0,,,0,,0,0,0,0,0,0,,0,0,0,0,0,0,0,0,0,0,,0,,0,0,0,0,1,0,0,0,0,0,0,0,0,0,0,0,0,0,0,0,0,0,0,0,0,0,0,0,0,0,0,27,33,6,0,53,0.818181818181818,0,6,14,4,3,0,0,0,0,4,1,1,52;33;38;34;50;37;22;29;30;26;34;31;28;28;43;40;48;36;32;48;36;33;53;32;34;37;25,43;48;52;63;45;41,,969,292,0,34,39,4,1,0.871794871794872,1,1,0,0,32,0,0
00-0038403,T.Hawkins,Tre Hawkins III,CB,DB,"https://static.www.nfl.com/image/upload/f_auto,q_auto/league/hluwbh24y0wuxzwz99qd",2023,REG,NYG,9,0,0,0,0,0,0,0,0,0,0,0,0,,,0,,0,0,0,0,0,0,,0,0,0,0,0,0,0,0,0,0,,0,,0,0,0,0,20,4,11,0,0,0,0,0,0,0,0,1,0,0,0,0,0,0,0,0,0,4,52,0,0,0,0,0,0,0,0,,,0,0,0,0,0,0,0,0,0,0,0,0,,,,0,0,0,0,0,0,0,,0,0,0,0,,0,0
00-0038405,T.Bell,Travis Bell,DT,DL,"https://static.www.nfl.com/image/upload/f_auto,q_auto/league/vxtxq2pl29wefdsqyvhz",2023,REG,ATL,2,0,0,0,0,0,0,0,0,0,0,0,0,,,0,,0,0,0,0,0,0,,0,0,0,0,0,0,0,0,0,0,,0,,0,0,0,0,2,0,0,0,0,0,0,0,0,0,0,0,0,0,0,0,0,0,0,0,0,0,0,0,0,0,0,0,0,0,0,,,0,0,0,0,0,0,0,0,0,0,0,0,,,,0,0,0,0,0,0,0,,0,0,0,0,,0,0
00-0038407,J.Jones,Jaylon Jones,CB,DB,"https://static.www.nfl.com/image/upload/f_auto,q_auto/league/wa0dnjnbqq4emnlkykd4",2023,REG,IND,14,0,0,0,0,0,0,0,0,0,0,0,0,,,0,,0,0,0,0,0,0,,0,0,0,0,0,0,0,0,0,0,,0,,0,0,0,0,32,1,11,0,0,0,0,0,0,0,0,5,0,0,0,0,0,0,0,0,0,6,53,0,0,0,0,0,0,0,0,,,0,0,0,0,0,0,0,0,0,0,0,0,,,,0,0,0,0,0,0,0,,0,0,0,0,,0,0
00-0038408,C.Valentine,Carrington Valentine,CB,DB,"https://static.www.nfl.com/image/upload/f_auto,q_auto/league/wtkzctyceullg5napiwx",2023,REG,GB,13,0,0,0,0,0,0,0,0,0,0,0,0,,,0,,0,0,0,0,0,0,,0,0,0,0,0,0,0,0,0,0,,0,,0,0,0,0,31,2,11,0,0,0,0,0,0,0,0,9,0,0,0,0,0,0,1,1,0,2,30,0,0,0,0,0,0,0,0,,,0,0,0,0,0,0,0,0,0,0,0,0,,,,0,0,0,0,0,0,0,,0,0,0,0,,0,0
00-0038411,A.Johnson,Anthony Johnson Jr.,SAF,DB,"https://static.www.nfl.com/image/upload/f_auto,q_auto/league/refvxunbbme3kanexiyp",2023,REG,GB,8,0,0,0,0,0,0,0,0,0,0,0,0,,,0,,0,0,0,0,0,0,,0,0,0,0,0,0,0,0,0,0,,0,,0,0,0,0,15,3,6,0,0,0,0,0,0,1,1,3,0,0,0,0,0,0,0,0,0,2,21,0,0,0,0,0,0,0,0,,,0,0,0,0,0,0,0,0,0,0,0,0,,,,0,0,0,0,0,0,0,,0,0,0,0,,0,0
00-0038412,M.Ojomo,Moro Ojomo,DT,DL,"https://static.www.nfl.com/image/upload/f_auto,q_auto/league/bbiomvn996iwm4ckkzio",2023,REG,PHI,2,0,0,0,0,0,0,0,0,0,0,0,0,,,0,,0,0,0,0,0,0,,0,0,0,0,0,0,0,0,0,0,,0,,0,0,0,0,1,1,1,0,0,0,0,0,0,0,0,0,0,0,0,0,0,0,0,0,0,0,0,0,0,0,0,0,0,0,0,,,0,0,0,0,0,0,0,0,0,0,0,0,,,,0,0,0,0,0,0,0,,0,0,0,0,,0,0
00-0038413,G.Owens,Gervarrius Owens,SAF,DB,"https://static.www.nfl.com/image/upload/f_auto,q_auto/league/c6ftowfm8bhcipydmtni",2023,REG,NYG,1,0,0,0,0,0,0,0,0,0,0,0,0,,,0,,0,0,0,0,0,0,,0,0,0,0,0,0,0,0,0,0,,0,,0,0,0,0,0,0,1,0,0,0,0,0,0,0,0,0,0,0,0,0,0,0,1,1,0,0,0,0,0,0,0,0,0,0,0,,,0,0,0,0,0,0,0,0,0,0,0,0,,,,0,0,0,0,0,0,0,,0,0,0,0,,0,0
00-0038416,T.Bagent,Tyson Bagent,QB,QB,"https://static.www.nfl.com/image/upload/f_auto,q_auto/league/kfwnayxjfnbfs3sm5a21",2023,REG,CHI,5,94,143,859,3,6,5,-35,2,2,814,498,48,-26.3647472920779,-2.43258316447769,0,1.05528255528256,23,109,2,0,0,11,11.0232879592463,0,0,0,0,0,0,0,0,0,0,,0,,0,0,0,0,0,0,0,0,0,0,0,0,0,0,0,0,0,0,0,0,1,1,0,0,0,0,0,0,0,0,0,0,0,0,0,,,0,0,0,0,0,0,0,0,0,0,0,0,,,,0,0,0,0,0,0,0,,0,0,0,0,,53.26,53.26
00-0038423,J.Harris,Jalen Harris,DE,DL,"https://static.www.nfl.com/image/upload/f_auto,q_auto/league/bp06ity6j442g9rdxzmp",2023,REG,WAS,4,0,0,0,0,0,0,0,0,0,0,0,0,,,0,,0,0,0,0,0,0,,0,0,0,0,0,0,0,0,0,0,,0,,0,0,0,0,4,1,1,0,0,0,0,0,1,0,0,1,0,0,0,0,0,0,0,0,0,0,0,0,0,0,0,0,0,0,0,,,0,0,0,0,0,0,0,0,0,0,0,0,,,,0,0,0,0,0,0,0,,0,0,0,0,,0,0
00-0038454,K.Mitchell,Keaton Mitchell,RB,RB,"https://static.www.nfl.com/image/upload/f_auto,q_auto/league/klpn2btfhgfv5a8dp3jj",2023,REG,BAL,7,0,0,0,0,0,0,0,0,0,0,0,0,,,0,,47,396,2,0,0,19,17.4030145683792,0,9,11,93,0,0,0,-2,122,5,2.59173651613891,0,-46.5,0.023109243697479,-0.000489117143555882,0.0343214835457294,0,1,0,1,0,0,0,0,0,0,0,0,0,0,0,0,0,0,0,0,0,0,0,0,0,0,0,0,0,0,0,0,,,0,0,0,0,0,0,0,0,0,0,0,0,,,,0,0,0,0,0,0,0,,0,0,0,0,,60.9,69.9
00-0038465,M.Heath,Malik Heath,WR,WR,"https://static.www.nfl.com/image/upload/f_auto,q_auto/league/gtvkkadrxfzlj1qxshhx",2023,REG,GB,12,0,0,0,0,0,0,0,0,0,0,0,0,,,0,,0,0,0,0,0,0,,0,15,24,125,1,0,0,210,35,6,4.74385148757169,0,0.595238095238095,0.0427807486631016,0.0425101214574899,0.0939282080148953,0,2,0,0,0,0,0,0,0,0,0,0,0,0,0,0,0,0,0,0,0,0,0,0,0,0,1,1,0,0,0,0,,,0,0,0,0,0,0,0,0,0,0,0,0,,,,0,0,0,0,0,0,0,,0,0,0,0,,18.5,33.5
00-0038468,H.Pearson,Henry Pearson,TE,TE,"https://static.www.nfl.com/image/private/f_auto,q_auto/league/nwuhn6inss8ksuvqtrrc",2023,REG,GB,1,0,0,0,0,0,0,0,0,0,0,0,0,,,0,,0,0,0,0,0,0,,0,0,0,0,0,0,0,0,0,0,,0,,0,0,0,0,0,0,0,0,0,0,0,0,0,0,0,0,0,0,0,0,0,0,0,0,0,1,5,0,0,0,0,0,0,0,0,,,0,0,0,0,0,0,0,0,0,0,0,0,,,,0,0,0,0,0,0,0,,0,0,0,0,,0,0
00-0038470,B.Sapp,Benny Sapp III,SAF,DB,"https://static.www.nfl.com/image/upload/f_auto,q_auto/league/nzljjxkadkyh9ijuylmp",2023,REG,GB,2,0,0,0,0,0,0,0,0,0,0,0,0,,,0,,0,0,0,0,0,0,,0,0,0,0,0,0,0,0,0,0,,0,,0,0,0,0,1,0,1,0,0,0,0,0,0,0,0,0,0,0,0,0,0,0,0,0,0,0,0,0,0,0,0,0,0,0,0,,,0,0,0,0,0,0,0,0,0,0,0,0,,,,0,0,0,0,0,0,0,,0,0,0,0,,0,0
00-0038475,A.Cook,Alex Cook,SAF,DB,"https://static.www.nfl.com/image/upload/f_auto,q_auto/league/c8bvrjjpsaccjsokwptb",2023,REG,CAR,5,0,0,0,0,0,0,0,0,0,0,0,0,,,0,,0,0,0,0,0,0,,0,0,0,0,0,0,0,0,0,0,,0,,0,0,0,0,3,3,5,0,0,0,0,0,0,0,0,0,0,0,0,0,0,0,0,0,0,0,0,0,0,0,0,0,0,0,0,,,0,0,0,0,0,0,0,0,0,0,0,0,,,,0,0,0,0,0,0,0,,0,0,0,0,,0,0
00-0038476,T.DeVito,Tommy DeVito,QB,QB,"https://static.www.nfl.com/image/upload/f_auto,q_auto/league/iazdkuygt4kb7j6dgygi",2023,REG,NYG,9,114,178,1101,8,3,37,-196,0,0,1149,583,46,-49.3222322049457,-2.90265702420757,0,0.95822454308094,36,195,1,2,1,8,-3.23050817197391,0,0,0,0,0,0,0,0,0,0,-0.947,0,,0,0,0,0,0,0,0,0,0,0,0,0,0,0,0,0,0,0,0,0,1,2,0,0,0,1,12,0,0,0,0,0,0,0,0,,,0,0,0,0,0,0,0,0,0,0,0,0,,,,0,0,0,0,0,0,0,,0,0,0,0,,93.54,93.54
00-0038487,E.Ricks,Eli Ricks,CB,DB,"https://static.www.nfl.com/image/upload/f_auto,q_auto/league/yelfjbtjqpgpt8ypmlal",2023,REG,PHI,13,0,0,0,0,0,0,0,0,0,0,0,0,,,0,,0,0,0,0,0,0,,0,0,0,0,0,0,0,0,0,0,,0,,0,0,0,0,12,1,6,1,1,0,0,0,0,0,0,3,0,0,0,0,0,0,0,0,0,3,14,0,0,0,0,0,0,0,0,,,0,0,0,0,0,0,0,0,0,0,0,0,,,,0,0,0,0,0,0,0,,0,0,0,0,,0,0
00-0038488,B.Russell,Brady Russell,FB,RB,"https://static.www.nfl.com/image/upload/f_auto,q_auto/league/qvf5yojj8rznahzzxffx",2023,REG,SEA,6,0,0,0,0,0,0,0,0,0,0,0,0,,,0,,0,0,0,0,0,0,,0,0,0,0,0,0,0,0,0,0,,0,,0,0,0,0,4,1,2,0,0,0,0,0,0,0,0,0,0,0,0,0,0,0,0,0,0,0,0,0,0,0,0,0,0,0,0,,,0,0,0,0,0,0,0,0,0,0,0,0,,,,0,0,0,0,0,0,0,,0,0,0,0,,0,0
00-0038489,B.VanSumeren,Ben VanSumeren,RB,RB,"https://static.www.nfl.com/image/upload/f_auto,q_auto/league/nkj6hhniksfdsoan2jnm",2023,REG,PHI,5,0,0,0,0,0,0,0,0,0,0,0,0,,,0,,0,0,0,0,0,0,,0,0,0,0,0,0,0,0,0,0,,0,,0,0,0,0,4,0,9,0,0,0,0,0,0,0,0,0,0,0,0,0,0,0,0,0,0,0,0,0,0,0,0,0,0,0,0,,,0,0,0,0,0,0,0,0,0,0,0,0,,,,0,0,0,0,0,0,0,,0,0,0,0,,0,0
00-0038490,T.Zentner,Ty Zentner,P,SPEC,"https://static.www.nfl.com/image/upload/f_auto,q_auto/league/rmprz572lgnxuojnxh5p",2023,REG,TEN,9,0,0,0,0,0,0,0,0,0,0,0,0,,,0,,1,0,0,1,0,1,-2.25709495862247,0,0,0,0,0,0,0,0,0,0,,0,,0,0,0,0,0,0,0,0,0,0,0,0,0,0,0,0,0,0,0,0,1,2,0,0,0,0,0,0,0,0,0,0,0,0,0,,,0,0,0,0,0,0,0,0,0,0,0,0,,,,0,0,0,0,0,0,0,,0,0,0,0,,0,0
00-0038492,J.Brownlee,Jason Brownlee,WR,WR,"https://static.www.nfl.com/image/upload/f_auto,q_auto/league/gnqpsix71nvcuclltghc",2023,REG,NYJ,4,0,0,0,0,0,0,0,0,0,0,0,0,,,0,,0,0,0,0,0,0,,0,5,8,56,1,0,0,62,20,2,-4.21006814829889,0,0.903225806451613,0.0142095914742451,0.0155,0.0321643872113677,0,1,0,0,0,0,0,0,0,0,0,0,0,0,0,0,0,0,0,0,0,0,2,20,0,0,0,0,0,0,0,0,,,0,0,0,0,0,0,0,0,0,0,0,0,,,,0,0,0,0,0,0,0,,0,0,0,0,,11.6,16.6
00-0038496,X.Gipson,Xavier Gipson,WR,WR,"https://static.www.nfl.com/image/upload/f_auto,q_auto/league/xmtz360jnxg9psmqifnp",2023,REG,NYJ,17,0,0,0,0,0,0,0,0,0,0,0,0,,,0,,8,68,1,1,0,4,3.83869661652716,0,21,38,229,0,0,0,358,109,9,-0.636455722892927,0,0.639664804469274,0.0674955595026643,0.0895,0.163893339253996,1,2,0,0,0,0,0,0,0,0,0,0,0,0,3,0,0,1,1,0,0,0,2,20,33,319,22,511,0,0,0,0,,,0,0,0,0,0,0,0,0,0,0,0,0,,,,0,0,0,0,0,0,0,,0,0,0,0,,41.7,62.7
00-0038504,T.Simpson,Trenton Simpson,LB,LB,"https://static.www.nfl.com/image/upload/f_auto,q_auto/league/ozi4oorc2wbcbonnjoo8",2023,REG,BAL,6,0,0,0,0,0,0,0,0,0,0,0,0,,,0,,0,0,0,0,0,0,,0,0,0,0,0,0,0,0,0,0,,0,,0,0,0,0,10,0,3,2,11,0,1,6,1,0,0,0,0,0,0,0,0,0,1,1,0,1,6,0,0,0,0,0,0,0,0,,,0,0,0,0,0,0,0,0,0,0,0,0,,,,0,0,0,0,0,0,0,,0,0,0,0,,0,0
00-0038505,T.Robinson,Tavius Robinson,LB,LB,"https://static.www.nfl.com/image/upload/f_auto,q_auto/league/jmwnobonw2ieerdw5ynd",2023,REG,BAL,11,0,0,0,0,0,0,0,0,0,0,0,0,,,0,,0,0,0,0,0,0,,0,0,0,0,0,0,0,0,0,0,,0,,0,0,0,0,12,1,13,2,27,0,1,7,1,0,0,0,0,0,0,0,0,0,0,0,0,1,15,0,0,0,0,0,0,0,0,,,0,0,0,0,0,0,0,0,0,0,0,0,,,,0,0,0,0,0,0,0,,0,0,0,0,,0,0
00-0038506,J.Riley,Jordon Riley,DT,DL,"https://static.www.nfl.com/image/upload/f_auto,q_auto/league/usm4wso1im2kvuxcv7sb",2023,REG,NYG,5,0,0,0,0,0,0,0,0,0,0,0,0,,,0,,0,0,0,0,0,0,,0,0,0,0,0,0,0,0,0,0,,0,,0,0,0,0,3,1,4,0,0,0,0,0,0,0,0,0,0,0,0,0,0,0,0,0,0,0,0,0,0,0,0,0,0,0,0,,,0,0,0,0,0,0,0,0,0,0,0,0,,,,0,0,0,0,0,0,0,,0,0,0,0,,0,0
00-0038513,Ca.Jones,Cam Jones,LB,LB,"https://static.www.nfl.com/image/upload/f_auto,q_auto/league/hu5ays6cwy6vlibjuscy",2023,REG,KC,7,0,0,0,0,0,0,0,0,0,0,0,0,,,0,,0,0,0,0,0,0,,0,0,0,0,0,0,0,0,0,0,,0,,0,0,0,0,11,3,3,0,0,0,0,0,0,0,0,0,0,0,0,0,0,0,0,0,0,1,10,0,0,0,0,0,0,0,0,,,0,0,0,0,0,0,0,0,0,0,0,0,,,,0,0,0,0,0,0,0,,0,0,0,0,,0,0
00-0038523,K.Hailassie,Kahlef Hailassie,CB,DB,"https://static.www.nfl.com/image/upload/f_auto,q_auto/league/le2icrrvczzvuzc9tdqh",2023,REG,CLE,4,0,0,0,0,0,0,0,0,0,0,0,0,,,0,,0,0,0,0,0,0,,0,0,0,0,0,0,0,0,0,0,,0,,0,0,0,0,7,0,1,1,2,0,0,0,0,0,0,1,0,0,0,0,0,0,0,0,0,1,10,0,0,0,0,0,0,0,0,,,0,0,0,0,0,0,0,0,0,0,0,0,,,,0,0,0,0,0,0,0,,0,0,0,0,,0,0
00-0038535,D.Johnson,DJ Johnson,LB,LB,"https://static.www.nfl.com/image/upload/f_auto,q_auto/league/msiycion6qjuafdstc2z",2023,REG,CAR,7,0,0,0,0,0,0,0,0,0,0,0,0,,,0,,0,0,0,0,0,0,,0,0,0,0,0,0,0,0,0,0,,0,,0,0,0,0,4,2,10,1,3,0,0,0,0,0,0,1,0,0,0,0,0,0,0,0,0,1,9,0,0,0,0,0,0,0,0,,,0,0,0,0,0,0,0,0,0,0,0,0,,,,0,0,0,0,0,0,0,,0,0,0,0,,0,0
00-0038536,C.Zavala,Chandler Zavala,G,OL,"https://static.www.nfl.com/image/upload/f_auto,q_auto/league/i9wpf8cyyxwj1uou1jyy",2023,REG,CAR,3,0,0,0,0,0,0,0,0,0,0,0,0,,,0,,0,0,0,0,0,0,,0,0,0,0,0,0,0,0,0,0,,0,,0,0,0,0,0,0,0,0,0,0,0,0,0,0,0,0,0,0,0,0,0,0,0,0,0,3,15,0,0,0,0,0,0,0,0,,,0,0,0,0,0,0,0,0,0,0,0,0,,,,0,0,0,0,0,0,0,,0,0,0,0,,0,0
00-0038540,P.Johnson,Paris Johnson Jr.,OT,OL,"https://static.www.nfl.com/image/upload/f_auto,q_auto/league/fto9oiuqts9esmpl7dxf",2023,REG,ARI,8,0,0,0,0,0,0,0,0,0,0,0,0,,,0,,0,0,0,0,0,0,,0,0,0,0,0,0,0,0,0,0,,0,,0,0,0,0,0,0,0,0,0,0,0,0,0,0,0,0,0,0,0,0,1,1,0,0,0,7,74,0,0,0,0,0,0,0,0,,,0,0,0,0,0,0,0,0,0,0,0,0,,,,0,0,0,0,0,0,0,,0,0,0,0,,0,0
00-0038541,T.Wilson,Tyree Wilson,DE,DL,"https://static.www.nfl.com/image/upload/f_auto,q_auto/league/wrybvbogxpg3f0fiakaz",2023,REG,LV,14,0,0,0,0,0,0,0,0,0,0,0,0,,,0,,0,0,0,0,0,0,,0,0,0,0,0,0,0,0,0,0,,0,,0,0,0,0,14,2,13,2,9,1,3.5,18,8,0,0,0,0,0,0,0,0,0,1,1,0,2,16,0,0,0,0,0,0,0,0,,,0,0,0,0,0,0,0,0,0,0,0,0,,,,0,0,0,0,0,0,0,,0,0,0,0,,0,0
00-0038542,B.Robinson,Bijan Robinson,RB,RB,"https://static.www.nfl.com/image/upload/f_auto,q_auto/league/rjaf9auhx3lrktzgwpfb",2023,REG,ATL,17,0,0,0,0,0,0,0,0,0,0,0,0,,,0,,214,976,4,4,3,53,-26.7062713821204,0,58,86,487,4,0,0,24,519,24,-12.9156967204551,0,20.2916666666667,0.169291338582677,0.00552359033371692,0.257803521107618,0,2,0,0,0,0,0,0,0,0,0,0,0,0,0,0,0,0,1,0,0,0,2,10,1,8,0,0,0,0,0,0,,,0,0,0,0,0,0,0,0,0,0,0,0,,,,0,0,0,0,0,0,0,,0,0,0,0,,188.3,246.3
00-0038543,J.Smith-Njigba,Jaxon Smith-Njigba,WR,WR,"https://static.www.nfl.com/image/upload/f_auto,q_auto/league/jpvhsregfvw46mlyckzj",2023,REG,SEA,17,0,0,0,0,0,0,0,0,0,0,0,0,,,0,,0,0,0,0,0,0,,0,63,93,628,4,0,0,569,366,29,12.1654319769567,0,1.10369068541301,0.170018281535649,0.138073283183693,0.351678720532059,0,2,0,0,0,0,0,0,0,0,0,0,0,0,0,0,0,0,0,0,0,0,1,15,0,0,0,0,0,0,0,0,,,0,0,0,0,0,0,0,0,0,0,0,0,,,,0,0,0,0,0,0,0,,0,0,0,0,,86.8,149.8
00-0038544,Q.Johnston,Quentin Johnston,WR,WR,"https://static.www.nfl.com/image/upload/f_auto,q_auto/league/bpzdpin1xp1kjxmbkq6d",2023,REG,LAC,17,0,0,0,0,0,0,0,0,0,0,0,0,,,0,,3,9,0,0,0,0,-0.905528398929164,0,38,67,431,2,0,0,861,152,20,7.0593832861998,0,0.500580720092915,0.109120521172638,0.181914219311219,0.291020735276811,0,1,0,0,0,0,0,0,0,0,0,0,0,0,0,0,0,0,0,0,0,0,0,0,0,0,0,0,0,0,0,0,,,0,0,0,0,0,0,0,0,0,0,0,0,,,,0,0,0,0,0,0,0,,0,0,0,0,,56,94
00-0038545,M.Smith,Mazi Smith,DT,DL,"https://static.www.nfl.com/image/upload/f_auto,q_auto/league/y2b8scr5fmymetjob0lz",2023,REG,DAL,9,0,0,0,0,0,0,0,0,0,0,0,0,,,0,,0,0,0,0,0,0,,0,0,0,0,0,0,0,0,0,0,,0,,0,0,0,0,9,0,4,3,14,0,1,9,3,0,0,0,0,0,0,0,0,0,0,0,0,0,0,0,0,0,0,0,0,0,0,,,0,0,0,0,0,0,0,0,0,0,0,0,,,,0,0,0,0,0,0,0,,0,0,0,0,,0,0
00-0038546,M.Murphy,Myles Murphy,DE,DL,"https://static.www.nfl.com/image/upload/f_auto,q_auto/league/u0zvh5to1xhky5oiyonv",2023,REG,CIN,12,0,0,0,0,0,0,0,0,0,0,0,0,,,0,,0,0,0,0,0,0,,0,0,0,0,0,0,0,0,0,0,,0,,0,0,0,0,10,0,10,3,10,0,3,10,3,0,0,0,0,0,0,0,0,0,0,0,0,1,5,0,0,0,0,0,0,0,0,,,0,0,0,0,0,0,0,0,0,0,0,0,,,,0,0,0,0,0,0,0,,0,0,0,0,,0,0
00-0038547,L.Schoonmaker,Luke Schoonmaker,TE,TE,"https://static.www.nfl.com/image/upload/f_auto,q_auto/league/mjaidpltef1ctqwrk5o5",2023,REG,DAL,12,0,0,0,0,0,0,0,0,0,0,0,0,,,0,,0,0,0,0,0,0,,0,8,15,65,2,0,0,81,27,5,-4.43451169170361,0,0.802469135802469,0.0247933884297521,0.0168961201501877,0.0490173667497595,0,2,0,0,0,0,0,0,0,0,0,0,0,0,0,0,0,0,0,0,0,0,1,10,0,0,0,0,0,0,0,0,,,0,0,0,0,0,0,0,0,0,0,0,0,,,,0,0,0,0,0,0,0,,0,0,0,0,,18.5,26.5
00-0038548,O.Torrence,O'Cyrus Torrence,G,OL,"https://static.www.nfl.com/image/upload/f_auto,q_auto/league/bkbuobkm9dwoyprlaasp",2023,REG,BUF,5,0,0,0,0,0,0,0,0,0,0,0,0,,,0,,0,0,0,0,0,0,,0,0,0,0,0,0,0,0,0,0,,0,,0,0,0,0,0,0,0,0,0,0,0,0,0,0,0,0,0,0,0,0,1,1,0,0,0,5,39,0,0,0,0,0,0,0,0,,,0,0,0,0,0,0,0,0,0,0,0,0,,,,0,0,0,0,0,0,0,,0,0,0,0,,0,0
00-0038549,D.Turner,DJ Turner II,CB,DB,"https://static.www.nfl.com/image/upload/f_auto,q_auto/league/nijmaqsa0uggtjzmpzgy",2023,REG,CIN,16,0,0,0,0,0,0,0,0,0,0,0,0,,,0,,0,0,0,0,0,0,,0,0,0,0,0,0,0,0,0,0,,0,,0,0,0,0,37,3,10,1,5,0,1,5,1,0,0,7,0,0,0,0,0,0,1,1,0,3,75,0,0,0,0,0,0,0,0,,,0,0,0,0,0,0,0,0,0,0,0,0,,,,0,0,0,0,0,0,0,,0,0,0,0,,0,0
00-0038551,K.Miller,Kendre Miller,RB,RB,"https://static.www.nfl.com/image/upload/f_auto,q_auto/league/jz3mpvifmldus3ipdvu1",2023,REG,NO,7,0,0,0,0,0,0,0,0,0,0,0,0,,,0,,41,156,1,0,0,11,-3.09782426408492,0,10,11,117,0,0,0,-8,128,5,5.60439573490294,0,-14.625,0.0189982728842832,-0.00159489633173844,0.027380981894208,0,0,0,0,0,0,0,0,0,0,0,0,0,0,0,0,0,0,0,0,0,0,0,0,0,0,0,0,0,0,0,0,,,0,0,0,0,0,0,0,0,0,0,0,0,,,,0,0,0,0,0,0,0,,0,0,0,0,,33.3,43.3
00-0038552,R.Moss,Riley Moss,CB,DB,"https://static.www.nfl.com/image/upload/f_auto,q_auto/league/ien8dnxggtcrizatnuom",2023,REG,DEN,7,0,0,0,0,0,0,0,0,0,0,0,0,,,0,,0,0,0,0,0,0,,0,0,0,0,0,0,0,0,0,0,,0,,0,0,0,0,1,1,4,0,0,0,0,0,0,0,0,0,0,0,0,0,0,0,0,0,0,2,15,0,0,0,0,0,0,0,0,,,0,0,0,0,0,0,0,0,0,0,0,0,,,,0,0,0,0,0,0,0,,0,0,0,0,,0,0
00-0038553,D.Henley,Daiyan Henley,LB,LB,"https://static.www.nfl.com/image/upload/f_auto,q_auto/league/rkogtmgnthxju5bqrtx1",2023,REG,LAC,8,0,0,0,0,0,0,0,0,0,0,0,0,,,0,,0,0,0,0,0,0,,0,0,0,0,0,0,0,0,0,0,,0,,0,0,0,0,8,1,7,0,0,0,0,0,0,0,0,0,0,0,0,0,0,0,0,0,0,0,0,0,0,0,0,0,0,0,0,,,0,0,0,0,0,0,0,0,0,0,0,0,,,,0,0,0,0,0,0,0,,0,0,0,0,,0,0
00-0038554,J.Brown,Ji'Ayir Brown,SAF,DB,"https://static.www.nfl.com/image/upload/f_auto,q_auto/league/gmgewszcsvxdb63dmqby",2023,REG,SF,9,0,0,0,0,0,0,0,0,0,0,0,0,,,0,,0,0,0,0,0,0,,0,0,0,0,0,0,0,0,0,0,,0,,0,0,0,0,22,0,13,0,0,0,0,0,0,2,0,4,0,0,0,0,0,0,0,0,0,0,0,0,0,0,0,0,0,0,0,,,0,0,0,0,0,0,0,0,0,0,0,0,,,,0,0,0,0,0,0,0,,0,0,0,0,,0,0
00-0038555,T.Bigsby,Tank Bigsby,RB,RB,"https://static.www.nfl.com/image/upload/f_auto,q_auto/league/nin8aexyipca7g7u7f4a",2023,REG,JAX,13,0,0,0,0,0,0,0,0,0,0,0,0,,,0,,50,132,2,1,1,13,-12.3360569415672,0,1,4,6,0,0,0,6,5,0,-13.6886951426277,0,1,0.00658978583196046,0.00120457739409757,0.010727882923809,0,1,0,0,0,0,0,0,0,0,0,0,0,0,0,0,0,1,1,0,0,0,1,4,0,0,4,99,0,0,0,0,,,0,0,0,0,0,0,0,0,0,0,0,0,,,,0,0,0,0,0,0,0,,0,0,0,0,,23.8,24.8
00-0038557,D.Williams,Dorian Williams,LB,LB,"https://static.www.nfl.com/image/upload/f_auto,q_auto/league/fsslbcbp87yehsofpwg1",2023,REG,BUF,12,0,0,0,0,0,0,0,0,0,0,0,0,,,0,,0,0,0,0,0,0,,0,0,0,0,0,0,0,0,0,0,,0,,0,0,0,0,23,2,15,0,0,0,0,0,2,0,0,1,0,0,0,0,0,0,0,0,0,2,20,0,0,0,0,0,0,0,0,,,0,0,0,0,0,0,0,0,0,0,0,0,,,,0,0,0,0,0,0,0,,0,0,0,0,,0,0
00-0038558,D.Washington,Darnell Washington,TE,TE,"https://static.www.nfl.com/image/upload/f_auto,q_auto/league/nza9bxmg2tdtg7wldjct",2023,REG,PIT,8,0,0,0,0,0,0,0,0,0,0,0,0,,,0,,0,0,0,0,0,0,,0,7,10,61,0,0,0,11,50,4,1.19134930105065,0,5.54545454545455,0.0206611570247934,0.00290620871862616,0.0330260816402284,0,0,0,0,0,0,0,0,0,0,0,0,0,0,0,0,0,0,0,0,0,0,0,0,0,0,0,0,0,0,0,0,,,0,0,0,0,0,0,0,0,0,0,0,0,,,,0,0,0,0,0,0,0,,0,0,0,0,,6.1,13.1
00-0038559,Mi.Wilson,Michael Wilson,WR,WR,"https://static.www.nfl.com/image/upload/f_auto,q_auto/league/yc8awtck004bz2a5oeb8",2023,REG,ARI,13,0,0,0,0,0,0,0,0,0,0,0,0,,,0,,0,0,0,0,0,0,,0,38,58,565,3,0,0,720,139,29,19.1087974182642,1,0.784722222222222,0.107407407407407,0.172001911132346,0.281512448903753,0,0,0,0,0,0,0,0,0,0,0,0,0,0,0,0,0,0,0,0,0,0,2,14,0,0,0,0,0,0,0,0,,,0,0,0,0,0,0,0,0,0,0,0,0,,,,0,0,0,0,0,0,0,,0,0,0,0,,76.5,114.5
00-0038560,J.Battle,Jordan Battle,SAF,DB,"https://static.www.nfl.com/image/upload/f_auto,q_auto/league/cqndmjyignuar0ekntsy",2023,REG,CIN,15,0,0,0,0,0,0,0,0,0,0,0,0,,,0,,0,0,0,0,0,0,,0,0,0,0,0,0,0,0,0,0,,0,,0,0,0,0,34,9,28,3,13,0,2,12,3,1,0,5,0,0,0,0,0,0,0,0,0,0,0,0,0,0,0,0,0,0,0,,,0,0,0,0,0,0,0,0,0,0,0,0,,,,0,0,0,0,0,0,0,,0,0,0,0,,0,0
00-0038561,S.Ika,Siaki Ika,DT,DL,"https://static.www.nfl.com/image/upload/f_auto,q_auto/league/otjbz9eqgulexs1atlsd",2023,REG,CLE,2,0,0,0,0,0,0,0,0,0,0,0,0,,,0,,0,0,0,0,0,0,,0,0,0,0,0,0,0,0,0,0,,0,,0,0,0,0,0,0,0,0,0,0,0,0,1,0,0,1,0,0,0,0,0,0,0,0,0,2,10,0,0,0,0,0,0,0,0,,,0,0,0,0,0,0,0,0,0,0,0,0,,,,0,0,0,0,0,0,0,,0,0,0,0,,0,0
00-0038562,J.Moody,Jake Moody,K,SPEC,"https://static.www.nfl.com/image/upload/f_auto,q_auto/league/wkqqi3zfucoti8g5ncob",2023,REG,SF,17,0,0,0,0,0,0,0,0,0,0,0,0,,,0,,0,0,0,0,0,0,,0,0,0,0,0,0,0,0,0,0,,0,,0,0,0,0,0,0,0,0,0,0,0,0,0,0,0,0,0,0,0,0,0,0,0,0,0,0,0,0,0,0,0,21,25,4,0,57,0.84,0,7,8,4,2,0,0,0,1,2,1,0,41;32;40;27;57;26;28;21;36;25;55;36;39;35;37;28;32;43;45;38;22,54;41;40;38,,743,173,0,60,61,1,0,0.983606557377049,0,1,1,0,41,0,0
00-0038563,T.Tucker,Tre Tucker,WR,WR,"https://static.www.nfl.com/image/upload/f_auto,q_auto/league/fsx05ats4azj8mus03d4",2023,REG,LV,13,0,0,0,0,0,0,0,0,0,0,0,0,,,0,,10,77,0,0,0,5,1.24505679437425,0,19,34,331,2,0,0,624,28,12,6.24242019746453,0,0.530448717948718,0.064030131826742,0.145760336370007,0.198077433199118,0,4,0,1,0,0,0,0,0,0,0,0,0,0,0,0,0,0,0,0,0,0,1,5,0,0,0,0,0,0,0,0,,,0,0,0,0,0,0,0,0,0,0,0,0,,,,0,0,0,0,0,0,0,,0,0,0,0,,52.8,71.8
00-0038565,M.Blackmon,Mekhi Blackmon,CB,DB,"https://static.www.nfl.com/image/upload/f_auto,q_auto/league/uo4d3xkm63u1elamfvxw",2023,REG,MIN,13,0,0,0,0,0,0,0,0,0,0,0,0,,,0,,0,0,0,0,0,0,,0,0,0,0,0,0,0,0,0,0,,0,,0,0,0,0,33,1,7,3,11,0,0,0,0,1,0,8,0,0,0,0,0,0,1,1,0,0,0,0,0,0,0,0,0,0,0,,,0,0,0,0,0,0,0,0,0,0,0,0,,,,0,0,0,0,0,0,0,,0,0,0,0,,0,0
00-0038567,C.Ryland,Chad Ryland,K,SPEC,"https://static.www.nfl.com/image/upload/f_auto,q_auto/league/hqbrncv4ktphfcmkf23g",2023,REG,NE,17,0,0,0,0,0,0,0,0,0,0,0,0,,,0,,0,0,0,0,0,0,,0,0,0,0,0,0,0,0,0,0,,0,,0,0,0,0,0,0,0,0,0,0,0,0,0,0,0,0,0,0,0,0,0,0,0,0,0,0,0,0,0,0,0,16,25,9,0,56,0.64,0,4,5,5,2,0,0,0,2,5,2,0,49;48;51;29;43;30;24;49;38;43;37;24;25;33;56;30,48;57;52;48;35;35;41;47;47,,609,410,0,24,25,1,0,0.96,1,1,0,0,56,0,0
00-0038568,C.Phillips,Clark Phillips III,CB,DB,"https://static.www.nfl.com/image/upload/f_auto,q_auto/league/hamwwwt2yzzd1l7kjj7t",2023,REG,ATL,7,0,0,0,0,0,0,0,0,0,0,0,0,,,0,,0,0,0,0,0,0,,0,0,0,0,0,0,0,0,0,0,,0,,0,0,0,0,19,3,5,0,0,0,0,0,0,0,0,5,0,0,0,0,0,0,0,0,0,6,52,0,0,0,0,0,0,0,0,,,0,0,0,0,0,0,0,0,0,0,0,0,,,,0,0,0,0,0,0,0,,0,0,0,0,,0,0
00-0038569,S.Sow,Sidy Sow,G,OL,"https://static.www.nfl.com/image/upload/f_auto,q_auto/league/blaqsoggckre8xjgfxgr",2023,REG,NE,2,0,0,0,0,0,0,0,0,0,0,0,0,,,0,,0,0,0,0,0,0,,0,0,0,0,0,0,0,0,0,0,,0,,0,0,0,0,0,0,1,0,0,0,0,0,0,0,0,0,0,0,0,0,0,0,0,0,0,1,5,0,0,0,0,0,0,0,0,,,0,0,0,0,0,0,0,0,0,0,0,0,,,,0,0,0,0,0,0,0,,0,0,0,0,,0,0
00-0038572,Ca.Young,Cameron Young,DT,DL,"https://static.www.nfl.com/image/upload/f_auto,q_auto/league/bxua8lc5zasfkdmvu99e",2023,REG,SEA,9,0,0,0,0,0,0,0,0,0,0,0,0,,,0,,0,0,0,0,0,0,,0,0,0,0,0,0,0,0,0,0,,0,,0,0,0,0,8,2,8,0,0,0,0,0,1,0,0,1,0,0,0,0,0,0,0,0,0,1,15,0,0,0,0,0,0,0,0,,,0,0,0,0,0,0,0,0,0,0,0,0,,,,0,0,0,0,0,0,0,,0,0,0,0,,0,0
00-0038573,D.Davis,Derius Davis,WR,WR,"https://static.www.nfl.com/image/upload/f_auto,q_auto/league/if9lcwax4p0gwlqswr1y",2023,REG,LAC,17,0,0,0,0,0,0,0,0,0,0,0,0,,,0,,14,101,0,0,0,6,5.18793454649858,0,15,17,66,0,0,0,-38,115,0,-5.93209154814757,0,0,0.0276872964169381,-0.00802873441791675,0.0359108305328654,1,0,0,0,0,0,0,0,0,0,0,0,0,0,4,0,0,2,2,0,0,0,1,5,24,385,17,374,0,0,0,0,,,0,0,0,0,0,0,0,0,0,0,0,0,,,,0,0,0,0,0,0,0,,0,0,0,0,,22.7,37.7
00-0038574,I.McGuire,Isaiah McGuire,DE,DL,"https://static.www.nfl.com/image/upload/f_auto,q_auto/league/bgay7c5onbqadb4qjguc",2023,REG,CLE,2,0,0,0,0,0,0,0,0,0,0,0,0,,,0,,0,0,0,0,0,0,,0,0,0,0,0,0,0,0,0,0,,0,,0,0,0,0,4,1,1,2,13,0,1,12,2,0,0,0,0,0,0,0,0,0,0,0,0,0,0,0,0,0,0,0,0,0,0,,,0,0,0,0,0,0,0,0,0,0,0,0,,,,0,0,0,0,0,0,0,,0,0,0,0,,0,0
00-0038576,C.Jones,Charlie Jones,WR,WR,"https://static.www.nfl.com/image/upload/f_auto,q_auto/league/rofwl0wrsdqnfvv4iokq",2023,REG,CIN,11,0,0,0,0,0,0,0,0,0,0,0,0,,,0,,2,13,0,0,0,1,1.09994524694048,0,7,9,64,0,0,0,79,38,3,2.37626150279539,0,0.810126582278481,0.0152027027027027,0.020371325425477,0.037063981851888,1,0,0,0,0,0,0,0,0,0,0,0,0,0,0,0,0,0,0,0,0,0,0,0,23,248,0,0,0,0,0,0,,,0,0,0,0,0,0,0,0,0,0,0,0,,,,0,0,0,0,0,0,0,,0,0,0,0,,13.7,20.7
00-0038577,Ni.Herbig,Nick Herbig,LB,LB,"https://static.www.nfl.com/image/upload/f_auto,q_auto/league/x2pdurg2nwxy1tiyfeac",2023,REG,PIT,12,0,0,0,0,0,0,0,0,0,0,0,0,,,0,,0,0,0,0,0,0,,0,0,0,0,0,0,0,0,0,0,,0,,0,0,0,0,15,4,8,4,18,2,3,24,3,0,0,0,0,0,0,0,0,0,1,1,0,0,0,0,0,0,0,0,0,0,0,,,0,0,0,0,0,0,0,0,0,0,0,0,,,,0,0,0,0,0,0,0,,0,0,0,0,,0,0
00-0038578,J.Ward,Jay Ward,SAF,DB,"https://static.www.nfl.com/image/upload/f_auto,q_auto/league/c3y0kln3tvfhyw5e3nbt",2023,REG,MIN,7,0,0,0,0,0,0,0,0,0,0,0,0,,,0,,0,0,0,0,0,0,,0,0,0,0,0,0,0,0,0,0,,0,,0,0,0,0,5,0,3,0,0,0,0,0,0,0,0,0,0,0,0,0,0,0,1,1,0,3,20,0,0,0,0,0,0,0,0,,,0,0,0,0,0,0,0,0,0,0,0,0,,,,0,0,0,0,0,0,0,,0,0,0,0,,0,0
00-0038579,A.O'Connell,Aidan O'Connell,QB,QB,"https://static.www.nfl.com/image/upload/f_auto,q_auto/league/bcejxo7ofgk5pszhup12",2023,REG,LV,11,213,343,2218,12,7,24,-173,3,2,2561,1063,107,-17.7996077894484,-3.90354969671794,0,0.866067942210074,17,11,1,1,0,8,-4.11663526669145,0,0,0,0,0,0,0,0,0,0,,0,,0,0,0,0,0,0,0,0,0,0,0,0,0,0,0,0,0,0,0,0,2,3,0,0,0,1,12,0,0,0,0,0,0,0,0,,,0,0,0,0,0,0,0,0,0,0,0,0,,,,0,0,0,0,0,0,0,,0,0,0,0,,125.82,125.82
00-0038580,Y.Abdullah,Yasir Abdullah,LB,LB,"https://static.www.nfl.com/image/upload/f_auto,q_auto/league/xcqrvdytgfa12io99n2w",2023,REG,JAX,2,0,0,0,0,0,0,0,0,0,0,0,0,,,0,,0,0,0,0,0,0,,0,0,0,0,0,0,0,0,0,0,,0,,0,0,0,0,1,0,0,0,0,0,0,0,1,0,0,0,0,0,0,0,0,0,0,0,0,0,0,0,0,0,0,0,0,0,0,,,0,0,0,0,0,0,0,0,0,0,0,0,,,,0,0,0,0,0,0,0,,0,0,0,0,,0,0
00-0038581,K.Henry,KJ Henry,DE,DL,"https://static.www.nfl.com/image/upload/f_auto,q_auto/league/tuxlq3yp5alivdyqugdw",2023,REG,WAS,8,0,0,0,0,0,0,0,0,0,0,0,0,,,0,,0,0,0,0,0,0,,0,0,0,0,0,0,0,0,0,0,,0,,0,0,0,0,10,4,5,4,18,0,1.5,4.5,2,0,0,2,0,0,0,0,0,0,0,0,0,1,15,0,0,0,0,0,0,0,0,,,0,0,0,0,0,0,0,0,0,0,0,0,,,,0,0,0,0,0,0,0,,0,0,0,0,,0,0
00-0038582,C.Tune,Clayton Tune,QB,QB,"https://static.www.nfl.com/image/upload/f_auto,q_auto/league/qf8khbyllgjzfyqd3yuz",2023,REG,ARI,6,12,21,62,0,2,7,-41,1,1,53,43,3,-34.7495431726566,-15.1477938606626,0,1.16981132075472,8,30,1,1,0,4,0.41171421630145,1,0,0,0,0,0,0,0,0,0,,0,,0,0,0,0,0,0,0,0,0,0,0,0,0,0,0,0,0,0,0,0,0,1,0,0,0,0,0,0,0,0,0,0,0,0,0,,,0,0,0,0,0,0,0,0,0,0,0,0,,,,0,0,0,0,0,0,0,,0,0,0,0,,7.48,7.48
00-0038583,D.Thompson-Robinson,Dorian Thompson-Robinson,QB,QB,"https://static.www.nfl.com/image/upload/f_auto,q_auto/league/ujuyt3hpswlin3aahmhu",2023,REG,CLE,7,60,112,440,1,4,6,-60,1,0,662,204,26,-39.5271300967777,-11.6548249267396,0,0.664652567975831,14,65,0,1,0,6,1.78510558580467,1,0,0,0,0,0,0,0,0,0,,0,,0,0,0,0,1,0,0,0,0,0,0,0,0,0,0,0,0,0,0,0,0,1,0,0,0,1,5,0,0,0,0,0,0,0,0,,,0,0,0,0,0,0,0,0,0,0,0,0,,,,0,0,0,0,0,0,0,,0,0,0,0,,22.1,22.1
00-0038584,J.Roy,Jaquelin Roy,DT,DL,"https://static.www.nfl.com/image/upload/f_auto,q_auto/league/qnbp4fkzgxvoq9ujzsvg",2023,REG,MIN,4,0,0,0,0,0,0,0,0,0,0,0,0,,,0,,0,0,0,0,0,0,,0,0,0,0,0,0,0,0,0,0,,0,,0,0,0,0,2,1,5,0,0,0,0,0,1,0,0,0,0,0,0,0,0,0,0,0,0,0,0,0,0,0,0,0,0,0,0,,,0,0,0,0,0,0,0,0,0,0,0,0,,,,0,0,0,0,0,0,0,,0,0,0,0,,0,0
00-0038585,C.Mitchell,Cameron Mitchell,CB,DB,"https://static.www.nfl.com/image/upload/f_auto,q_auto/league/ozye3yup4gplbpdy23ig",2023,REG,CLE,9,0,0,0,0,0,0,0,0,0,0,0,0,,,0,,0,0,0,0,0,0,,0,0,0,0,0,0,0,0,0,0,,0,,0,0,0,0,14,2,2,0,0,0,1,0,1,0,0,2,0,0,0,0,0,0,0,0,0,1,5,0,0,0,0,0,0,0,0,,,0,0,0,0,0,0,0,0,0,0,0,0,,,,0,0,0,0,0,0,0,,0,0,0,0,,0,0
00-0038586,A.Mafi,Atonio Mafi,G,OL,"https://static.www.nfl.com/image/upload/f_auto,q_auto/league/xdqzggyys7bapcjjajcl",2023,REG,NE,4,0,0,0,0,0,0,0,0,0,0,0,0,,,0,,0,0,0,0,0,0,,0,0,0,0,0,0,0,0,0,0,,0,,0,0,0,0,0,0,0,0,0,0,0,0,0,0,0,0,0,0,0,0,0,0,0,0,0,5,42,0,0,0,0,0,0,0,0,,,0,0,0,0,0,0,0,0,0,0,0,0,,,,0,0,0,0,0,0,0,,0,0,0,0,,0,0
00-0038587,J.Robinson,Jammie Robinson,SAF,DB,"https://static.www.nfl.com/image/upload/f_auto,q_auto/league/ngfibwfaxwwdtwqe40qy",2023,REG,CAR,7,0,0,0,0,0,0,0,0,0,0,0,0,,,0,,0,0,0,0,0,0,,0,0,0,0,0,0,0,0,0,0,,0,,0,0,0,0,10,1,6,0,0,0,0,0,0,0,0,0,0,0,0,0,0,0,0,0,0,2,20,0,0,0,0,0,0,0,0,,,0,0,0,0,0,0,0,0,0,0,0,0,,,,0,0,0,0,0,0,0,,0,0,0,0,,0,0
00-0038588,J.Howden,Jordan Howden,SAF,DB,"https://static.www.nfl.com/image/upload/f_auto,q_auto/league/x87djeswtkpxvuvyw5xh",2023,REG,NO,11,0,0,0,0,0,0,0,0,0,0,0,0,,,0,,0,0,0,0,0,0,,0,0,0,0,0,0,0,0,0,0,,0,,0,0,0,0,22,1,20,0,0,1,1,12,1,0,0,5,0,0,0,0,0,0,0,0,0,1,5,0,0,0,0,0,0,0,0,,,0,0,0,0,0,0,0,0,0,0,0,0,,,,0,0,0,0,0,0,0,,0,0,0,0,,0,0
00-0038589,J.Whyle,Josh Whyle,TE,TE,"https://static.www.nfl.com/image/upload/f_auto,q_auto/league/anwoxedspnle4xdk0cnl",2023,REG,TEN,9,0,0,0,0,0,0,0,0,0,0,0,0,,,0,,0,0,0,0,0,0,,0,9,15,94,1,0,0,146,40,8,3.78255183811416,0,0.643835616438356,0.0313807531380753,0.0319544758152769,0.0694392627778068,0,0,1,0,0,0,0,0,0,0,0,0,0,0,0,0,0,0,0,0,0,0,1,5,0,0,0,0,0,0,0,0,,,0,0,0,0,0,0,0,0,0,0,0,0,,,,0,0,0,0,0,0,0,,0,0,0,0,,15.4,24.4
00-0038591,M.Morris,Mike Morris,DE,DL,"https://static.www.nfl.com/image/upload/f_auto,q_auto/league/hknu9azwhvn7pq4tfaiz",2023,REG,SEA,1,0,0,0,0,0,0,0,0,0,0,0,0,,,0,,0,0,0,0,0,0,,0,0,0,0,0,0,0,0,0,0,,0,,0,0,0,0,2,0,1,0,0,0,0,0,0,0,0,0,0,0,0,0,0,0,0,0,0,0,0,0,0,0,0,0,0,0,0,,,0,0,0,0,0,0,0,0,0,0,0,0,,,,0,0,0,0,0,0,0,,0,0,0,0,,0,0
00-0038592,C.Sorsdal,Colby Sorsdal,G,OL,"https://static.www.nfl.com/image/upload/f_auto,q_auto/league/fd5jmocmvxp7lo6wf1rp",2023,REG,DET,1,0,0,0,0,0,0,0,0,0,0,0,0,,,0,,0,0,0,0,0,0,,0,0,0,0,0,0,0,0,0,0,,0,,0,0,0,0,0,0,0,0,0,0,0,0,0,0,0,0,0,0,0,0,0,0,0,0,0,1,10,0,0,0,0,0,0,0,0,,,0,0,0,0,0,0,0,0,0,0,0,0,,,,0,0,0,0,0,0,0,,0,0,0,0,,0,0
00-0038593,O.Oluwatimi,Olu Oluwatimi,C,OL,"https://static.www.nfl.com/image/upload/f_auto,q_auto/league/tckr2bfo3rzwbhzuppsh",2023,REG,SEA,1,0,0,0,0,0,0,0,0,0,0,0,0,,,0,,0,0,0,0,0,0,,0,0,0,0,0,0,0,0,0,0,,0,,0,0,0,0,0,0,0,0,0,0,0,0,0,0,0,0,0,0,0,0,0,0,0,0,0,1,5,0,0,0,0,0,0,0,0,,,0,0,0,0,0,0,0,0,0,0,0,0,,,,0,0,0,0,0,0,0,,0,0,0,0,,0,0
00-0038594,D.Luter,Darrell Luter Jr.,CB,DB,"https://static.www.nfl.com/image/upload/f_auto,q_auto/league/c7i5bj3inrno1uvjxwv4",2023,REG,SF,3,0,0,0,0,0,0,0,0,0,0,0,0,,,0,,0,0,0,0,0,0,,0,0,0,0,0,0,0,0,0,0,,0,,0,0,0,0,2,2,3,0,0,0,0,0,0,0,0,0,0,0,0,0,0,0,0,0,0,0,0,0,0,0,0,0,0,0,0,,,0,0,0,0,0,0,0,0,0,0,0,0,,,,0,0,0,0,0,0,0,,0,0,0,0,,0,0
00-0038596,A.Johnson,Antonio Johnson,SAF,DB,"https://static.www.nfl.com/image/upload/f_auto,q_auto/league/zpd9kentvqmeamoeg6g1",2023,REG,JAX,10,0,0,0,0,0,0,0,0,0,0,0,0,,,0,,0,0,0,0,0,0,,0,0,0,0,0,0,0,0,0,0,,0,,0,0,0,0,10,3,4,0,0,1,1,4,1,2,50,3,0,0,0,0,0,0,0,0,0,1,15,0,0,0,0,0,0,0,0,,,0,0,0,0,0,0,0,0,0,0,0,0,,,,0,0,0,0,0,0,0,,0,0,0,0,,0,0
00-0038597,C.Brown,Chase Brown,RB,RB,"https://static.www.nfl.com/image/upload/f_auto,q_auto/league/pv3sq3uzosixxexbznq5",2023,REG,CIN,12,0,0,0,0,0,0,0,0,0,0,0,0,,,0,,44,179,0,1,0,6,-9.0110161552813,0,14,15,156,1,0,0,-45,194,4,6.43528223148314,0,-3.46666666666667,0.0253378378378378,-0.0116039195461578,0.0298840130744463,0,1,1,3,0,0,0,0,0,0,0,0,0,0,0,0,0,1,1,0,0,0,1,10,0,0,2,44,0,0,0,0,,,0,0,0,0,0,0,0,0,0,0,0,0,,,,0,0,0,0,0,0,0,,0,0,0,0,,39.5,53.5
00-0038598,J.Hall,Jaren Hall,QB,QB,"https://static.www.nfl.com/image/upload/f_auto,q_auto/league/ki7jq97gzu1dv16hi4jq",2023,REG,MIN,3,13,20,168,0,1,4,-28,2,2,156,99,7,-12.6760427974374,0.456173012131139,0,1.07692307692308,6,14,0,0,0,0,-1.96601992518322,0,0,0,0,0,0,0,0,0,0,,0,,0,0,0,0,0,0,0,0,0,0,0,0,0,0,0,0,0,0,0,0,0,0,0,0,0,0,0,0,0,0,0,0,0,0,0,,,0,0,0,0,0,0,0,0,0,0,0,0,,,,0,0,0,0,0,0,0,,0,0,0,0,,2.12,2.12
00-0038599,H.To'oTo'o,Henry To'oTo'o,LB,LB,"https://static.www.nfl.com/image/upload/f_auto,q_auto/league/epsdr0zqlm2vrhizwama",2023,REG,HOU,14,0,0,0,0,0,0,0,0,0,0,0,0,,,0,,0,0,0,0,0,0,,0,0,0,0,0,0,0,0,0,0,,0,,0,0,0,0,28,7,26,2,4,1,0,0,1,0,0,2,0,0,0,0,0,0,1,1,0,1,5,0,0,0,0,0,0,0,0,,,0,0,0,0,0,0,0,0,0,0,0,0,,,,0,0,0,0,0,0,0,,0,0,0,0,,0,0
00-0038600,O.Pappoe,Owen Pappoe,LB,LB,"https://static.www.nfl.com/image/upload/f_auto,q_auto/league/in0wnyee7iv62hkgvnhf",2023,REG,ARI,10,0,0,0,0,0,0,0,0,0,0,0,0,,,0,,0,0,0,0,0,0,,0,0,0,0,0,0,0,0,0,0,,0,,0,0,0,0,5,0,6,0,0,0,0,0,1,0,0,1,0,0,0,0,0,0,0,0,0,2,15,0,0,0,0,0,0,0,0,,,0,0,0,0,0,0,0,0,0,0,0,0,,,,0,0,0,0,0,0,0,,0,0,0,0,,0,0
00-0038602,C.Smith,Chris Smith II,S,DB,"https://static.www.nfl.com/image/upload/f_auto,q_auto/league/vada29u8cv7aooueespg",2023,REG,LV,1,0,0,0,0,0,0,0,0,0,0,0,0,,,0,,0,0,0,0,0,0,,0,0,0,0,0,0,0,0,0,0,,0,,0,0,0,0,1,0,0,0,0,0,0,0,0,0,0,0,0,0,0,0,0,0,0,0,0,0,0,0,0,0,0,0,0,0,0,,,0,0,0,0,0,0,0,0,0,0,0,0,,,,0,0,0,0,0,0,0,,0,0,0,0,,0,0
00-0038603,R.Beal,Robert Beal Jr.,DE,DL,"https://static.www.nfl.com/image/upload/f_auto,q_auto/league/yuxokzgzu2p3o68w0wfx",2023,REG,SF,3,0,0,0,0,0,0,0,0,0,0,0,0,,,0,,0,0,0,0,0,0,,0,0,0,0,0,0,0,0,0,0,,0,,0,0,0,0,2,0,3,1,7,0,1,7,1,0,0,0,0,0,0,0,0,0,0,0,0,0,0,0,0,0,0,0,0,0,0,,,0,0,0,0,0,0,0,0,0,0,0,0,,,,0,0,0,0,0,0,0,,0,0,0,0,,0,0
00-0038606,P.Washington,Parker Washington,WR,WR,"https://static.www.nfl.com/image/upload/f_auto,q_auto/league/sqgxayp6nrrpvwonksdm",2023,REG,JAX,8,0,0,0,0,0,0,0,0,0,0,0,0,,,0,,0,0,0,0,0,0,,0,16,21,132,2,1,1,155,34,5,-1.51960613223491,0,0.851612903225806,0.0345963756177924,0.0311182493475206,0.0736773379699531,0,0,0,0,0,0,0,0,0,0,0,0,0,0,1,0,0,2,2,0,0,0,0,0,12,126,2,51,0,0,0,0,,,0,0,0,0,0,0,0,0,0,0,0,0,,,,0,0,0,0,0,0,0,,0,0,0,0,,23.2,39.2
00-0038607,J.Duncan,Jaelyn Duncan,OT,OL,"https://static.www.nfl.com/image/upload/f_auto,q_auto/league/ndqy0svsgab2tcuflu3x",2023,REG,TEN,3,0,0,0,0,0,0,0,0,0,0,0,0,,,0,,0,0,0,0,0,0,,0,0,0,0,0,0,0,0,0,0,,0,,0,0,0,0,0,0,0,0,0,0,0,0,0,0,0,0,0,0,0,0,0,0,0,0,0,4,25,0,0,0,0,0,0,0,0,,,0,0,0,0,0,0,0,0,0,0,0,0,,,,0,0,0,0,0,0,0,,0,0,0,0,,0,0
00-0038608,K.Boutte,Kayshon Boutte,WR,WR,"https://static.www.nfl.com/image/upload/f_auto,q_auto/league/mg4icjqhwhnc5uobmau5",2023,REG,NE,3,0,0,0,0,0,0,0,0,0,0,0,0,,,0,,0,0,0,0,0,0,,0,2,7,19,0,0,0,125,10,1,-2.69103665847797,0,0.152,0.0129390018484288,0.030517578125,0.0407708074601433,0,0,0,0,0,0,0,0,0,0,0,0,0,0,0,0,0,0,0,0,0,0,0,0,0,0,0,0,0,0,0,0,,,0,0,0,0,0,0,0,0,0,0,0,0,,,,0,0,0,0,0,0,0,,0,0,0,0,,1.9,3.9
00-0038609,L.Wypler,Luke Wypler,C,OL,"https://static.www.nfl.com/image/upload/f_auto,q_auto/league/alkthyatyuxkudodqhke",2023,REG,CLE,1,0,0,0,0,0,0,0,0,0,0,0,0,,,0,,0,0,0,0,0,0,,0,0,0,0,0,0,0,0,0,0,,0,,0,0,0,0,1,0,0,0,0,0,0,0,0,0,0,0,0,0,0,0,0,0,0,0,0,0,0,0,0,0,0,0,0,0,0,,,0,0,0,0,0,0,0,0,0,0,0,0,,,,0,0,0,0,0,0,0,,0,0,0,0,,0,0
00-0038610,B.Baringer,Bryce Baringer,P,SPEC,"https://static.www.nfl.com/image/upload/f_auto,q_auto/league/chin7dbgay28deurzjbb",2023,REG,NE,17,0,0,0,0,0,0,0,0,0,0,0,0,,,0,,0,0,0,0,0,0,,0,0,0,0,0,0,0,0,0,0,,0,,0,0,0,0,1,0,0,0,0,0,0,0,0,0,0,0,0,0,0,0,1,1,0,0,0,0,0,0,0,0,0,0,0,0,0,,,0,0,0,0,0,0,0,0,0,0,0,0,,,,0,0,0,0,0,0,0,,0,0,0,0,,0,0
00-0038611,C.Rodriguez,Chris Rodriguez Jr.,RB,RB,"https://static.www.nfl.com/image/upload/f_auto,q_auto/league/z5nbh1nza9je683o17h1",2023,REG,WAS,9,0,0,0,0,0,0,0,0,0,0,0,0,,,0,,51,247,2,1,1,14,-3.48416020427248,0,2,2,12,0,0,0,-7,19,1,0.454330039210618,0,-1.71428571428571,0.00332778702163062,-0.00146842878120411,0.00396378038560305,0,1,0,0,0,0,0,0,0,0,0,0,0,0,0,0,0,0,0,0,0,0,0,0,0,0,0,0,0,0,0,0,,,0,0,0,0,0,0,0,0,0,0,0,0,,,,0,0,0,0,0,0,0,,0,0,0,0,,35.9,37.9
00-0038612,A.Perry,A.T. Perry,WR,WR,"https://static.www.nfl.com/image/upload/f_auto,q_auto/league/ctnvhmwcin0vif2gunca",2023,REG,NO,8,0,0,0,0,0,0,0,0,0,0,0,0,,,0,,0,0,0,0,0,0,,0,12,18,246,4,0,0,293,20,10,19.0714940344568,0,0.839590443686007,0.0310880829015544,0.0584130781499203,0.0875212790572758,0,1,0,0,0,0,0,0,0,0,0,0,0,0,0,0,0,1,1,0,0,0,0,0,0,0,0,0,0,0,0,0,,,0,0,0,0,0,0,0,0,0,0,0,0,,,,0,0,0,0,0,0,0,,0,0,0,0,,48.6,60.6
00-0038613,Je.Reed,Jerrick Reed II,SAF,DB,"https://static.www.nfl.com/image/upload/f_auto,q_auto/league/jdg6nd5cot2srdfixjnv",2023,REG,SEA,7,0,0,0,0,0,0,0,0,0,0,0,0,,,0,,0,0,0,0,0,0,,0,0,0,0,0,0,0,0,0,0,,0,,0,0,0,0,7,2,2,0,0,0,0,0,0,0,0,0,0,0,0,0,0,0,0,0,0,0,0,0,0,0,0,0,0,0,0,,,0,0,0,0,0,0,0,0,0,0,0,0,,,,0,0,0,0,0,0,0,,0,0,0,0,,0,0
00-0038614,S.Matlock,Scott Matlock,DT,DL,"https://static.www.nfl.com/image/upload/f_auto,q_auto/league/cuk2ssb69ywuhputouz8",2023,REG,LAC,9,0,0,0,0,0,0,0,0,0,0,0,0,,,0,,0,0,0,0,0,0,,0,0,0,0,0,0,0,0,0,0,,0,,0,0,0,0,5,1,9,1,1,0,0,0,1,0,0,0,0,0,0,0,0,0,0,0,0,0,0,0,0,0,0,0,0,0,0,,,0,0,0,0,0,0,0,0,0,0,0,0,,,,0,0,0,0,0,0,0,,0,0,0,0,,0,0
00-0038615,J.Patterson,Jarrett Patterson,C,OL,"https://static.www.nfl.com/image/upload/f_auto,q_auto/league/etaxd4fgrxgfeygli9af",2023,REG,HOU,2,0,0,0,0,0,0,0,0,0,0,0,0,,,0,,0,0,0,0,0,0,,0,0,0,0,0,0,0,0,0,0,,0,,0,0,0,0,0,0,0,0,0,0,0,0,0,0,0,0,0,0,0,0,0,0,0,0,0,1,5,0,0,0,0,0,0,0,0,,,0,0,0,0,0,0,0,0,0,0,0,0,,,,0,0,0,0,0,0,0,,0,0,0,0,,0,0
00-0038617,A.Burney,Amari Burney,LB,LB,"https://static.www.nfl.com/image/upload/f_auto,q_auto/league/ppsvzbopjgq7uc57e8hp",2023,REG,LV,4,0,0,0,0,0,0,0,0,0,0,0,0,,,0,,0,0,0,0,0,0,,0,0,0,0,0,0,0,0,0,0,,0,,0,0,0,0,9,1,5,0,0,0,0,0,0,0,0,0,0,0,0,0,0,0,0,0,0,0,0,0,0,0,0,0,0,0,0,,,0,0,0,0,0,0,0,0,0,0,0,0,,,,0,0,0,0,0,0,0,,0,0,0,0,,0,0
00-0038618,X.Hutchinson,Xavier Hutchinson,WR,WR,"https://static.www.nfl.com/image/upload/f_auto,q_auto/league/hv3mfhadliph08b4pl4s",2023,REG,HOU,12,0,0,0,0,0,0,0,0,0,0,0,0,,,0,,5,49,0,0,0,3,2.87029675941449,0,8,19,90,0,0,0,216,20,3,-6.57425334799914,0,0.416666666666667,0.0335689045936396,0.0417230056016998,0.0795594608116493,0,2,0,0,0,0,0,0,0,0,0,0,0,0,0,0,0,0,0,0,0,0,3,20,0,0,0,0,0,0,0,0,,,0,0,0,0,0,0,0,0,0,0,0,0,,,,0,0,0,0,0,0,0,,0,0,0,0,,13.9,21.9
00-0038619,A.Iosivas,Andrei Iosivas,WR,WR,"https://static.www.nfl.com/image/upload/f_auto,q_auto/league/zvanfldklpds1gp08bsp",2023,REG,CIN,11,0,0,0,0,0,0,0,0,0,0,0,0,,,0,,0,0,0,0,0,0,,0,15,25,116,4,0,0,215,35,11,5.36112963134656,0,0.53953488372093,0.0422297297297297,0.055440948942754,0.102153258854522,0,3,0,1,0,0,0,0,0,0,0,0,0,0,0,0,0,0,0,0,0,0,0,0,1,0,0,0,0,0,0,0,,,0,0,0,0,0,0,0,0,0,0,0,0,,,,0,0,0,0,0,0,0,,0,0,0,0,,35.6,50.6
00-0038621,D.Douglas,DeMario Douglas,WR,WR,"https://static.www.nfl.com/image/upload/f_auto,q_auto/league/almsm6nmovpasu8ts9u3",2023,REG,NE,14,0,0,0,0,0,0,0,0,0,0,0,0,,,0,,8,41,0,0,0,2,1.02506967773661,0,49,79,561,0,1,1,648,336,26,-5.60288788062322,0,0.865740740740741,0.146025878003697,0.158203125,0.329781004505545,0,1,0,0,0,0,0,0,0,0,0,0,0,0,3,0,0,1,1,0,0,0,2,25,11,56,0,0,0,0,0,0,,,0,0,0,0,0,0,0,0,0,0,0,0,,,,0,0,0,0,0,0,0,,0,0,0,0,,58.2,107.2
00-0038622,D.Vaughn,Deuce Vaughn,RB,RB,"https://static.www.nfl.com/image/upload/f_auto,q_auto/league/z8lnunc6vvq9qlnidaw3",2023,REG,DAL,6,0,0,0,0,0,0,0,0,0,0,0,0,,,0,,23,40,0,0,0,3,-12.9092501658597,0,7,7,40,0,0,0,-6,46,1,0.745196180476341,0,-6.66666666666667,0.0115702479338843,-0.00125156445556946,0.0164792767819278,0,0,0,0,0,0,0,0,0,0,0,0,0,0,0,0,0,0,0,0,0,0,0,0,4,19,0,0,0,0,0,0,,,0,0,0,0,0,0,0,0,0,0,0,0,,,,0,0,0,0,0,0,0,,0,0,0,0,,8,15
00-0038623,D.Stills,Dante Stills,DT,DL,"https://static.www.nfl.com/image/upload/f_auto,q_auto/league/aqvvpt76ifof0r42hsgg",2023,REG,ARI,14,0,0,0,0,0,0,0,0,0,0,0,0,,,0,,0,0,0,0,0,0,,0,0,0,0,0,0,0,0,0,0,,0,,0,0,0,0,15,3,29,4,27,0,3.5,25,5,0,0,0,0,0,0,0,0,0,1,1,0,1,7,0,0,0,0,0,0,0,0,,,0,0,0,0,0,0,0,0,0,0,0,0,,,,0,0,0,0,0,0,0,,0,0,0,0,,0,0
00-0038624,A.Speed,Ameer Speed,DB,DB,"https://static.www.nfl.com/image/upload/f_auto,q_auto/league/o9d89l2prvb5k7uawpzi",2023,REG,IND,7,0,0,0,0,0,0,0,0,0,0,0,0,,,0,,0,0,0,0,0,0,,0,0,0,0,0,0,0,0,0,0,,0,,0,0,0,0,8,0,1,1,23,0,0,0,0,0,0,0,0,0,1,0,0,0,0,0,0,1,4,0,0,0,0,0,0,0,0,,,0,0,0,0,0,0,0,0,0,0,0,0,,,,0,0,0,0,0,0,0,,0,0,0,0,,0,0
00-0038625,D.Winters,Dee Winters,LB,LB,"https://static.www.nfl.com/image/upload/f_auto,q_auto/league/uq6qbsrwlkhnu7lsrejj",2023,REG,SF,9,0,0,0,0,0,0,0,0,0,0,0,0,,,0,,0,0,0,0,0,0,,0,0,0,0,0,0,0,0,0,0,,0,,0,0,0,0,6,0,4,0,0,0,0,0,0,0,0,1,0,0,0,0,0,0,0,0,0,0,0,0,0,0,0,0,0,0,0,,,0,0,0,0,0,0,0,0,0,0,0,0,,,,0,0,0,0,0,0,0,,0,0,0,0,,0,0
00-0038626,B.Robbins,Brad Robbins,P,SPEC,"https://static.www.nfl.com/image/upload/f_auto,q_auto/league/vhvczed44djnv8vrfwly",2023,REG,CIN,17,0,0,0,0,0,0,0,0,0,0,0,0,,,0,,0,0,0,0,0,0,,0,0,0,0,0,0,0,0,0,0,,0,,0,0,0,0,1,0,0,0,0,0,0,0,0,0,0,0,0,0,0,0,0,0,0,0,0,0,0,0,0,0,0,0,0,0,0,,,0,0,0,0,0,0,0,0,0,0,0,0,,,,0,0,0,0,0,0,0,,0,0,0,0,,0,0
00-0038627,A.Green,Antoine Green,WR,WR,"https://static.www.nfl.com/image/upload/f_auto,q_auto/league/x5jwwdjpwiwe5sdtjzsd",2023,REG,DET,2,0,0,0,0,0,0,0,0,0,0,0,0,,,0,,0,0,0,0,0,0,,0,1,2,2,0,0,0,11,1,0,-3.53832730645081,0,0.181818181818182,0.00348432055749129,0.00269211943220754,0.00711096443878221,0,0,0,0,0,0,0,0,0,0,0,0,0,0,0,0,0,0,0,0,0,0,0,0,0,0,0,0,0,0,0,0,,,0,0,0,0,0,0,0,0,0,0,0,0,,,,0,0,0,0,0,0,0,,0,0,0,0,,0.2,1.2
00-0038628,D.Hellams,DeMarcco Hellams,SAF,DB,"https://static.www.nfl.com/image/upload/f_auto,q_auto/league/sgwgvm0vfhjzx2skseii",2023,REG,ATL,11,0,0,0,0,0,0,0,0,0,0,0,0,,,0,,0,0,0,0,0,0,,0,0,0,0,0,0,0,0,0,0,,0,,0,0,0,0,22,3,15,1,1,0,0,0,1,0,0,0,0,0,0,0,0,0,0,0,0,3,42,0,0,0,0,0,0,0,0,,,0,0,0,0,0,0,0,0,0,0,0,0,,,,0,0,0,0,0,0,0,,0,0,0,0,,0,0
00-0038632,C.Dowell,Colton Dowell,WR,WR,"https://static.www.nfl.com/image/upload/f_auto,q_auto/league/asnykoet55r5qhhewijc",2023,REG,TEN,4,0,0,0,0,0,0,0,0,0,0,0,0,,,0,,0,0,0,0,0,0,,0,1,2,3,0,0,0,40,0,0,-2.6527392360731,0,0.075,0.00418410041841004,0.00875465090829503,0.0124044062634216,0,3,0,1,0,0,0,0,0,0,0,0,0,0,0,0,0,0,0,0,0,0,0,0,0,0,0,0,0,0,0,0,,,0,0,0,0,0,0,0,0,0,0,0,0,,,,0,0,0,0,0,0,0,,0,0,0,0,,0.3,1.3
00-0038634,N.Silvera,Nesta Jade Silvera,DT,DL,"https://static.www.nfl.com/image/upload/f_auto,q_auto/league/bkxlwccg77a4trgxflfh",2023,REG,LV,2,0,0,0,0,0,0,0,0,0,0,0,0,,,0,,0,0,0,0,0,0,,0,0,0,0,0,0,0,0,0,0,,0,,0,0,0,0,1,0,1,0,0,0,0,0,0,0,0,0,0,0,0,0,0,0,0,0,0,0,0,0,0,0,0,0,0,0,0,,,0,0,0,0,0,0,0,0,0,0,0,0,,,,0,0,0,0,0,0,0,,0,0,0,0,,0,0
00-0038635,A.Jones,Andre Jones Jr.,DE,DL,"https://static.www.nfl.com/image/upload/f_auto,q_auto/league/gom8feliopfzca4zgdqs",2023,REG,WAS,4,0,0,0,0,0,0,0,0,0,0,0,0,,,0,,0,0,0,0,0,0,,0,0,0,0,0,0,0,0,0,0,,0,,0,0,0,0,1,0,3,0,0,0,0,0,0,0,0,3,0,0,0,0,0,0,0,0,0,0,0,0,0,0,0,0,0,0,0,,,0,0,0,0,0,0,0,0,0,0,0,0,,,,0,0,0,0,0,0,0,,0,0,0,0,,0,0
00-0038640,J.Brooks,Jalen Brooks,WR,WR,"https://static.www.nfl.com/image/upload/f_auto,q_auto/league/drpljzij7e0e9ojwf0cq",2023,REG,DAL,3,0,0,0,0,0,0,0,0,0,0,0,0,,,0,,0,0,0,0,0,0,,0,6,6,64,0,0,0,36,28,4,3.85487076992285,0,1.77777777777778,0.00991735537190083,0.00750938673341677,0.020132603771243,0,0,0,0,0,0,0,0,0,0,0,0,0,0,0,0,0,0,0,0,0,0,0,0,0,0,0,0,0,0,0,0,,,0,0,0,0,0,0,0,0,0,0,0,0,,,,0,0,0,0,0,0,0,,0,0,0,0,,6.4,12.4
00-0038642,D.Ivey,D.J. Ivey,CB,DB,"https://static.www.nfl.com/image/upload/f_auto,q_auto/league/bgycp6whsc4bd61aumsq",2023,REG,CIN,3,0,0,0,0,0,0,0,0,0,0,0,0,,,0,,0,0,0,0,0,0,,0,0,0,0,0,0,0,0,0,0,,0,,0,0,0,0,2,1,0,0,0,0,0,0,0,0,0,1,0,0,0,0,0,0,1,1,0,0,0,0,0,0,0,0,0,0,0,,,0,0,0,0,0,0,0,0,0,0,0,0,,,,0,0,0,0,0,0,0,,0,0,0,0,,0,0
00-0038643,B.Willis,Brayden Willis,TE,TE,"https://static.www.nfl.com/image/upload/f_auto,q_auto/league/pz1nzzfellquco7nk65e",2023,REG,SF,1,0,0,0,0,0,0,0,0,0,0,0,0,,,0,,0,0,0,0,0,0,,0,0,0,0,0,0,0,0,0,0,,0,,0,0,0,0,0,1,0,0,0,0,0,0,0,0,0,0,0,0,0,0,0,0,0,0,0,0,0,0,0,0,0,0,0,0,0,,,0,0,0,0,0,0,0,0,0,0,0,0,,,,0,0,0,0,0,0,0,,0,0,0,0,,0,0
00-0038646,A.Austin,Alex Austin,CB,DB,"https://static.www.nfl.com/image/upload/f_auto,q_auto/league/vtgwc8celooprxtaqlb6",2023,REG,NE,4,0,0,0,0,0,0,0,0,0,0,0,0,,,0,,0,0,0,0,0,0,,0,0,0,0,0,0,0,0,0,0,,0,,0,0,0,0,6,1,2,0,0,0,0,0,0,1,0,2,0,0,0,0,0,0,0,0,0,2,10,0,0,0,0,0,0,0,0,,,0,0,0,0,0,0,0,0,0,0,0,0,,,,0,0,0,0,0,0,0,,0,0,0,0,,0,0
00-0038647,R.Bell,Ronnie Bell,WR,WR,"https://static.www.nfl.com/image/upload/f_auto,q_auto/league/iz3uiudpv80vgvgjzzej",2023,REG,SF,13,0,0,0,0,0,0,0,0,0,0,0,0,,,0,,0,0,0,0,0,0,,0,6,13,68,3,0,0,160,10,5,6.73542628084298,0,0.425,0.0276008492569002,0.039820806371329,0.0692758383452806,0,2,0,1,0,0,0,0,0,0,0,0,0,0,2,0,0,0,0,1,1,0,2,15,10,70,1,0,0,0,0,0,,,0,0,0,0,0,0,0,0,0,0,0,0,,,,0,0,0,0,0,0,0,,0,0,0,0,,24.8,30.8
00-0038648,J.Graham,Jalen Graham,LB,LB,"https://static.www.nfl.com/image/upload/f_auto,q_auto/league/oxlmlst1qeq1wi0hq0j6",2023,REG,SF,1,0,0,0,0,0,0,0,0,0,0,0,0,,,0,,0,0,0,0,0,0,,0,0,0,0,0,0,0,0,0,0,,0,,0,0,0,0,1,0,0,0,0,0,0,0,0,0,0,0,0,0,0,0,0,0,0,0,0,0,0,0,0,0,0,0,0,0,0,,,0,0,0,0,0,0,0,0,0,0,0,0,,,,0,0,0,0,0,0,0,,0,0,0,0,,0,0
00-0038653,C.Durden,Cory Durden,DT,DL,"https://static.www.nfl.com/image/upload/f_auto,q_auto/league/cdqrqnmvljjdupjz9wgc",2023,REG,LA,3,0,0,0,0,0,0,0,0,0,0,0,0,,,0,,0,0,0,0,0,0,,0,0,0,0,0,0,0,0,0,0,,0,,0,0,0,0,1,0,2,0,0,0,0,0,0,0,0,0,0,0,0,0,0,0,0,0,0,0,0,0,0,0,0,0,0,0,0,,,0,0,0,0,0,0,0,0,0,0,0,0,,,,0,0,0,0,0,0,0,,0,0,0,0,,0,0
00-0038656,M.Ibrahim,Mohamed Ibrahim,RB,RB,"https://static.www.nfl.com/image/private/f_auto,q_auto/league/pza5mwdk8hlnkdxi03at",2023,REG,DET,1,0,0,0,0,0,0,0,0,0,0,0,0,,,0,,0,0,0,0,0,0,,0,0,0,0,0,0,0,0,0,0,,0,,0,0,0,0,0,0,0,0,0,0,0,0,0,0,0,0,0,0,0,0,0,0,0,0,0,0,0,0,0,1,22,0,0,0,0,,,0,0,0,0,0,0,0,0,0,0,0,0,,,,0,0,0,0,0,0,0,,0,0,0,0,,0,0
00-0038660,T.Nowaske,Trevor Nowaske,LB,LB,"https://static.www.nfl.com/image/upload/f_auto,q_auto/league/kwj6mthtdunxiwdcogz2",2023,REG,DET,1,0,0,0,0,0,0,0,0,0,0,0,0,,,0,,0,0,0,0,0,0,,0,0,0,0,0,0,0,0,0,0,,0,,0,0,0,0,1,0,0,0,0,0,0,0,0,0,0,0,0,0,0,0,0,0,0,0,0,1,5,0,0,0,0,0,0,0,0,,,0,0,0,0,0,0,0,0,0,0,0,0,,,,0,0,0,0,0,0,0,,0,0,0,0,,0,0
00-0038663,S.Thomas,Starling Thomas V,CB,DB,"https://static.www.nfl.com/image/upload/f_auto,q_auto/league/wep63sxqoqc3yyyo8hds",2023,REG,ARI,10,0,0,0,0,0,0,0,0,0,0,0,0,,,0,,0,0,0,0,0,0,,0,0,0,0,0,0,0,0,0,0,,0,,0,0,0,0,33,2,3,1,1,0,0,0,0,0,0,5,0,0,0,0,0,0,0,0,0,3,13,0,0,0,0,0,0,0,0,,,0,0,0,0,0,0,0,0,0,0,0,0,,,,0,0,0,0,0,0,0,,0,0,0,0,,0,0
00-0038667,E.Cooks,Elijah Cooks,WR,WR,"https://static.www.nfl.com/image/upload/f_auto,q_auto/league/jdwpqogatij3pqncde1l",2023,REG,JAX,4,0,0,0,0,0,0,0,0,0,0,0,0,,,0,,0,0,0,0,0,0,,0,3,4,38,0,0,0,33,8,2,3.90436287743445,0,1.15151515151515,0.00658978583196046,0.00662517566753664,0.0145223017152163,0,0,0,0,0,0,0,0,0,0,0,0,0,0,0,0,0,0,0,0,0,0,2,20,0,0,0,0,0,0,0,0,,,0,0,0,0,0,0,0,0,0,0,0,0,,,,0,0,0,0,0,0,0,,0,0,0,0,,3.8,6.8
00-0038674,D.Wilson,Divaad Wilson,CB,DB,"https://static.www.nfl.com/image/upload/f_auto,q_auto/league/p98t3eilvrv5mgvlagcq",2023,REG,ARI,2,0,0,0,0,0,0,0,0,0,0,0,0,,,0,,0,0,0,0,0,0,,0,0,0,0,0,0,0,0,0,0,,0,,0,0,0,0,3,1,1,0,0,0,0,0,0,0,0,0,0,0,0,0,0,0,0,0,0,1,16,0,0,0,0,0,0,0,0,,,0,0,0,0,0,0,0,0,0,0,0,0,,,,0,0,0,0,0,0,0,,0,0,0,0,,0,0
00-0038678,J.Mims,Jordan Mims,RB,RB,"https://static.www.nfl.com/image/upload/f_auto,q_auto/league/nvamfcrdqvkwtnpgmzdh",2023,REG,NO,2,0,0,0,0,0,0,0,0,0,0,0,0,,,0,,0,0,0,0,0,0,,0,0,2,0,0,0,0,10,0,0,-1.37122827977873,0,0,0.00345423143350605,0.00199362041467305,0.0065768814405302,0,0,0,1,0,0,0,0,0,0,0,0,0,0,0,0,0,0,0,0,0,0,0,0,0,0,0,0,0,0,0,0,,,0,0,0,0,0,0,0,0,0,0,0,0,,,,0,0,0,0,0,0,0,,0,0,0,0,,0,0
00-0038684,E.Bonner,Ethan Bonner,CB,DB,"https://static.www.nfl.com/image/upload/f_auto,q_auto/league/dgnoznkjwxtrum7vg5oe",2023,REG,MIA,1,0,0,0,0,0,0,0,0,0,0,0,0,,,0,,0,0,0,0,0,0,,0,0,0,0,0,0,0,0,0,0,,0,,0,0,0,0,0,0,1,0,0,0,0,0,0,0,0,1,0,0,0,0,0,0,0,0,0,0,0,0,0,0,0,0,0,0,0,,,0,0,0,0,0,0,0,0,0,0,0,0,,,,0,0,0,0,0,0,0,,0,0,0,0,,0,0
00-0038685,C.Brooks,Chris Brooks,RB,RB,"https://static.www.nfl.com/image/upload/f_auto,q_auto/league/nnwloijqopel4em6vfhb",2023,REG,MIA,3,0,0,0,0,0,0,0,0,0,0,0,0,,,0,,19,106,0,0,0,2,-3.39220510114683,0,0,0,0,0,0,0,0,0,0,,0,,0,0,0,0,0,0,0,0,0,0,0,0,0,0,0,0,0,0,0,0,0,0,0,0,0,0,0,0,0,0,0,0,0,0,0,,,0,0,0,0,0,0,0,0,0,0,0,0,,,,0,0,0,0,0,0,0,,0,0,0,0,,10.6,10.6
00-0038694,B.Pili,Brandon Pili,DT,DL,"https://static.www.nfl.com/image/upload/f_auto,q_auto/league/hwulhwha4dlvlwapdl4r",2023,REG,MIA,1,0,0,0,0,0,0,0,0,0,0,0,0,,,0,,0,0,0,0,0,0,,0,0,0,0,0,0,0,0,0,0,,0,,0,0,0,0,1,0,1,0,0,0,0,0,0,0,0,0,0,0,0,0,0,0,0,0,0,0,0,0,0,0,0,0,0,0,0,,,0,0,0,0,0,0,0,0,0,0,0,0,,,,0,0,0,0,0,0,0,,0,0,0,0,,0,0
00-0038705,E.Demercado,Emari Demercado,RB,RB,"https://static.www.nfl.com/image/upload/f_auto,q_auto/league/jasnk9akri8eghfgolsn",2023,REG,ARI,11,0,0,0,0,0,0,0,0,0,0,0,0,,,0,,58,284,2,0,0,12,-5.29673494500512,0,21,30,119,0,0,0,27,109,4,-14.9465063101843,0,4.40740740740741,0.0555555555555556,0.00645007166746297,0.0878483835005574,0,0,0,0,0,0,0,0,0,0,0,0,0,0,0,0,0,0,0,0,0,0,0,0,0,0,0,0,0,0,0,0,,,0,0,0,0,0,0,0,0,0,0,0,0,,,,0,0,0,0,0,0,0,,0,0,0,0,,52.3,73.3
00-0038711,M.Diabate,Mohamoud Diabate,LB,LB,"https://static.www.nfl.com/image/upload/f_auto,q_auto/league/clvmbgcxk6mw8gqdzyxa",2023,REG,CLE,9,0,0,0,0,0,0,0,0,0,0,0,0,,,0,,0,0,0,0,0,0,,0,0,0,0,0,0,0,0,0,0,,0,,0,0,0,0,3,0,5,0,0,0,0,0,0,0,0,0,0,0,0,0,0,0,1,1,0,0,0,0,0,0,0,0,0,0,0,,,0,0,0,0,0,0,0,0,0,0,0,0,,,,0,0,0,0,0,0,0,,0,0,0,0,,0,0
00-0038715,R.Hickman,Ronnie Hickman Jr.,SAF,DB,"https://static.www.nfl.com/image/upload/f_auto,q_auto/league/ds24p7j86p9mwshsjvbu",2023,REG,CLE,7,0,0,0,0,0,0,0,0,0,0,0,0,,,0,,0,0,0,0,0,0,,0,0,0,0,0,0,0,0,0,0,,0,,0,0,0,0,15,2,8,0,0,0,0,0,0,1,30,3,1,0,0,0,0,0,0,0,0,0,0,0,0,0,0,0,0,0,0,,,0,0,0,0,0,0,0,0,0,0,0,0,,,,0,0,0,0,0,0,0,,0,0,0,0,,0,0
00-0038717,T.McCalister,Tanner McCalister,SAF,DB,"https://static.www.nfl.com/image/upload/f_auto,q_auto/league/qhx1wwej9q7ktxomelx1",2023,REG,CLE,1,0,0,0,0,0,0,0,0,0,0,0,0,,,0,,0,0,0,0,0,0,,0,0,0,0,0,0,0,0,0,0,,0,,0,0,0,0,1,0,1,0,0,0,0,0,0,0,0,0,0,0,0,0,0,0,0,0,0,0,0,0,0,0,0,0,0,0,0,,,0,0,0,0,0,0,0,0,0,0,0,0,,,,0,0,0,0,0,0,0,,0,0,0,0,,0,0
00-0038719,C.Thomas,Charlie Thomas,LB,LB,,2023,REG,CLE,2,0,0,0,0,0,0,0,0,0,0,0,0,,,0,,0,0,0,0,0,0,,0,0,0,0,0,0,0,0,0,0,,0,,0,0,0,0,2,0,0,0,0,0,0,0,0,0,0,0,0,0,0,0,0,0,0,0,0,0,0,0,0,0,0,0,0,0,0,,,0,0,0,0,0,0,0,0,0,0,0,0,,,,0,0,0,0,0,0,0,,0,0,0,0,,0,0
00-0038720,J.Hill,Julian Hill,TE,TE,"https://static.www.nfl.com/image/upload/f_auto,q_auto/league/yogwwyzq4sydycahhbgw",2023,REG,MIA,10,0,0,0,0,0,0,0,0,0,0,0,0,,,0,,0,0,0,0,0,0,,0,6,9,48,0,1,1,29,30,2,-4.41332055769442,0,1.6551724137931,0.0163934426229508,0.00673478866697631,0.0293045160013096,0,0,0,0,0,0,0,0,0,0,0,0,0,0,0,0,0,0,0,0,0,0,5,43,0,0,0,0,0,0,0,0,,,0,0,0,0,0,0,0,0,0,0,0,0,,,,0,0,0,0,0,0,0,,0,0,0,0,,2.8,8.8
00-0038731,T.Bass,TJ Bass,G,OL,"https://static.www.nfl.com/image/upload/f_auto,q_auto/league/hnmg3ncfxso056ybw5zz",2023,REG,DAL,1,0,0,0,0,0,0,0,0,0,0,0,0,,,0,,0,0,0,0,0,0,,0,0,0,0,0,0,0,0,0,0,,0,,0,0,0,0,0,0,0,0,0,0,0,0,0,0,0,0,0,0,0,0,0,0,0,0,0,1,10,0,0,0,0,0,0,0,0,,,0,0,0,0,0,0,0,0,0,0,0,0,,,,0,0,0,0,0,0,0,,0,0,0,0,,0,0
00-0038737,I.Land,Isaiah Land,DE,DL,"https://static.www.nfl.com/image/upload/f_auto,q_auto/league/sskntoeekejhqz1wkbmj",2023,REG,IND,4,0,0,0,0,0,0,0,0,0,0,0,0,,,0,,0,0,0,0,0,0,,0,0,0,0,0,0,0,0,0,0,,0,,0,0,0,0,2,0,4,0,0,0,1,0,1,0,0,0,0,0,0,0,0,0,0,0,0,0,0,0,0,0,0,0,0,0,0,,,0,0,0,0,0,0,0,0,0,0,0,0,,,,0,0,0,0,0,0,0,,0,0,0,0,,0,0
00-0038738,H.Luepke,Hunter Luepke,RB,RB,"https://static.www.nfl.com/image/upload/f_auto,q_auto/league/buachhzmd8p3hq2olwtf",2023,REG,DAL,10,0,0,0,0,0,0,0,0,0,0,0,0,,,0,,6,19,1,0,0,5,4.6964431242086,0,3,4,18,0,0,0,-2,16,1,-1.23849394835997,0,-9,0.00661157024793388,-0.000417188151856487,0.00962532366560128,0,3,0,1,0,0,0,0,0,0,0,0,0,0,0,0,0,0,0,0,0,0,0,0,0,0,2,15,0,0,0,0,,,0,0,0,0,0,0,0,0,0,0,0,0,,,,0,0,0,0,0,0,0,,0,0,0,0,,9.7,12.7
00-0038742,T.Wheat,Tyrus Wheat,DE,DL,"https://static.www.nfl.com/image/upload/f_auto,q_auto/league/mismzdnqkzpufwxohzvf",2023,REG,DAL,3,0,0,0,0,0,0,0,0,0,0,0,0,,,0,,0,0,0,0,0,0,,0,0,0,0,0,0,0,0,0,0,,0,,0,0,0,0,1,1,1,0,0,0,0,0,0,0,0,0,0,0,0,0,0,0,0,0,0,1,5,0,0,0,0,0,0,0,0,,,0,0,0,0,0,0,0,0,0,0,0,0,,,,0,0,0,0,0,0,0,,0,0,0,0,,0,0
00-0038752,J.Bobo,Jake Bobo,WR,WR,"https://static.www.nfl.com/image/upload/f_auto,q_auto/league/xkwlqqmn2dcjlyeywpw5",2023,REG,SEA,14,0,0,0,0,0,0,0,0,0,0,0,0,,,0,,1,3,1,0,0,1,0.775604387134081,0,19,25,196,2,0,0,150,87,9,8.033546223538,0,1.30666666666667,0.0457038391224863,0.0363989322979859,0.0940350112923196,0,2,0,0,0,0,0,0,0,0,0,0,0,0,0,0,0,0,0,0,0,0,1,5,0,0,0,0,0,0,0,0,,,0,0,0,0,0,0,0,0,0,0,0,0,,,,0,0,0,0,0,0,0,,0,0,0,0,,37.9,56.9
00-0038764,P.O'Connell,Patrick O'Connell,LB,LB,"https://static.www.nfl.com/image/upload/f_auto,q_auto/league/s5wok0ocqr8yc86xhucm",2023,REG,SEA,1,0,0,0,0,0,0,0,0,0,0,0,0,,,0,,0,0,0,0,0,0,,0,0,0,0,0,0,0,0,0,0,,0,,0,0,0,0,0,0,1,0,0,0,0,0,0,0,0,0,0,0,0,0,0,0,0,0,0,0,0,0,0,0,0,0,0,0,0,,,0,0,0,0,0,0,0,0,0,0,0,0,,,,0,0,0,0,0,0,0,,0,0,0,0,,0,0
00-0038765,T.Okada,Ty Okada,SAF,DB,"https://static.www.nfl.com/image/upload/f_auto,q_auto/league/qnhwwei8cfomvdveuhg2",2023,REG,SEA,1,0,0,0,0,0,0,0,0,0,0,0,0,,,0,,0,0,0,0,0,0,,0,0,0,0,0,0,0,0,0,0,,0,,0,0,0,0,0,0,1,0,0,0,0,0,0,0,0,0,0,0,0,0,0,0,0,0,0,0,0,0,0,0,0,0,0,0,0,,,0,0,0,0,0,0,0,0,0,0,0,0,,,,0,0,0,0,0,0,0,,0,0,0,0,,0,0
00-0038769,C.Stoll,Chris Stoll,LS,SPEC,"https://static.www.nfl.com/image/upload/f_auto,q_auto/league/lqeose8mmkyqtdnhirab",2023,REG,SEA,1,0,0,0,0,0,0,0,0,0,0,0,0,,,0,,0,0,0,0,0,0,,0,0,0,0,0,0,0,0,0,0,,0,,0,0,0,0,0,0,1,0,0,0,0,0,0,0,0,0,0,0,0,0,0,0,0,0,0,0,0,0,0,0,0,0,0,0,0,,,0,0,0,0,0,0,0,0,0,0,0,0,,,,0,0,0,0,0,0,0,,0,0,0,0,,0,0
00-0038775,N.Jensen,Nash Jensen,G,OL,"https://static.www.nfl.com/image/upload/f_auto,q_auto/league/ud7qe9fw9yl5hrswc6h9",2023,REG,CAR,1,0,0,0,0,0,0,0,0,0,0,0,0,,,0,,0,0,0,0,0,0,,0,0,0,0,0,0,0,0,0,0,,0,,0,0,0,0,0,0,0,0,0,0,0,0,0,0,0,0,0,0,0,0,0,0,0,0,0,1,5,0,0,0,0,0,0,0,0,,,0,0,0,0,0,0,0,0,0,0,0,0,,,,0,0,0,0,0,0,0,,0,0,0,0,,0,0
00-0038782,E.Leota,Eku Leota,LB,LB,"https://static.www.nfl.com/image/upload/f_auto,q_auto/league/omtbxuvxr6jedl4ukduv",2023,REG,CAR,3,0,0,0,0,0,0,0,0,0,0,0,0,,,0,,0,0,0,0,0,0,,0,0,0,0,0,0,0,0,0,0,,0,,0,0,0,0,2,0,2,0,0,0,0,0,1,0,0,0,0,0,0,0,0,0,0,0,0,1,5,0,0,0,0,0,0,0,0,,,0,0,0,0,0,0,0,0,0,0,0,0,,,,0,0,0,0,0,0,0,,0,0,0,0,,0,0
00-0038783,N.Adkins,Nate Adkins,TE,TE,"https://static.www.nfl.com/image/upload/f_auto,q_auto/league/k3js5r3a9fl0q2gghqmv",2023,REG,DEN,5,0,0,0,0,0,0,0,0,0,0,0,0,,,0,,0,0,0,0,0,0,,0,4,5,22,0,0,0,-5,24,1,1.5452797129401,0,0,0.010482180293501,-0.0013319126265317,0.0147909316016794,0,0,0,1,0,0,0,0,0,0,0,0,0,0,0,0,0,0,0,0,0,0,1,10,0,0,0,0,0,0,0,0,,,0,0,0,0,0,0,0,0,0,0,0,0,,,,0,0,0,0,0,0,0,,0,0,0,0,,2.2,6.2
00-0038791,T.Incoom,Thomas Incoom,LB,LB,"https://static.www.nfl.com/image/upload/f_auto,q_auto/league/fdp1jblpdjc6l7nw8u8a",2023,REG,DEN,2,0,0,0,0,0,0,0,0,0,0,0,0,,,0,,0,0,0,0,0,0,,0,0,0,0,0,0,0,0,0,0,,0,,0,0,0,0,1,0,1,0,0,0,0,0,0,0,0,0,0,0,0,0,0,0,0,0,0,0,0,0,0,0,0,0,0,0,0,,,0,0,0,0,0,0,0,0,0,0,0,0,,,,0,0,0,0,0,0,0,,0,0,0,0,,0,0
00-0038794,J.McLaughlin,Jaleel McLaughlin,RB,RB,"https://static.www.nfl.com/image/upload/f_auto,q_auto/league/pw2tngyy8k8jlb1qpooo",2023,REG,DEN,17,0,0,0,0,0,0,0,0,0,0,0,0,,,0,,76,410,1,0,0,16,5.87916513410164,0,31,36,160,2,0,0,-140,290,5,1.97124671394542,0,-1.14285714285714,0.0754716981132076,-0.0372935535428876,0.08710205968979,0,1,0,0,0,0,0,0,0,0,0,0,0,0,0,0,0,0,0,0,0,0,0,0,0,0,0,0,0,0,0,0,,,0,0,0,0,0,0,0,0,0,0,0,0,,,,0,0,0,0,0,0,0,,0,0,0,0,,75,106
00-0038795,P.Mustipher,PJ Mustipher,DT,DL,"https://static.www.nfl.com/image/upload/f_auto,q_auto/league/z6ege6sbkke2esr7vx0u",2023,REG,NO,2,0,0,0,0,0,0,0,0,0,0,0,0,,,0,,0,0,0,0,0,0,,0,0,0,0,0,0,0,0,0,0,,0,,0,0,0,0,0,1,3,0,0,0,0,0,0,0,0,0,0,0,0,0,0,0,0,0,0,0,0,0,0,0,0,0,0,0,0,,,0,0,0,0,0,0,0,0,0,0,0,0,,,,0,0,0,0,0,0,0,,0,0,0,0,,0,0
00-0038797,Em.Wilson,Emanuel Wilson,RB,RB,"https://static.www.nfl.com/image/upload/f_auto,q_auto/league/xni9gnwmhdex7h1ey3jq",2023,REG,GB,5,0,0,0,0,0,0,0,0,0,0,0,0,,,0,,14,85,0,0,0,2,0.564533199358266,0,4,5,23,0,0,0,-4,30,1,0.850902887439588,0,-5.75,0.0089126559714795,-0.000809716599190283,0.0128021823377861,0,0,0,0,0,0,0,0,0,0,0,0,0,0,0,0,0,0,0,0,0,0,0,0,0,0,0,0,0,0,0,0,,,0,0,0,0,0,0,0,0,0,0,0,0,,,,0,0,0,0,0,0,0,,0,0,0,0,,10.8,14.8
00-0038801,A.Carter,Andre Carter II,LB,LB,"https://static.www.nfl.com/image/upload/f_auto,q_auto/league/bituv2j2sivdpcqpxlbs",2023,REG,MIN,2,0,0,0,0,0,0,0,0,0,0,0,0,,,0,,0,0,0,0,0,0,,0,0,0,0,0,0,0,0,0,0,,0,,0,0,0,0,0,0,2,0,0,0,0,0,0,0,0,0,0,0,0,0,0,0,0,0,0,0,0,0,0,0,0,0,0,0,0,,,0,0,0,0,0,0,0,0,0,0,0,0,,,,0,0,0,0,0,0,0,,0,0,0,0,,0,0
00-0038807,I.Pace,Ivan Pace Jr.,LB,LB,"https://static.www.nfl.com/image/upload/f_auto,q_auto/league/til1eiumoueha3mnindj",2023,REG,MIN,16,0,0,0,0,0,0,0,0,0,0,0,0,,,0,,0,0,0,0,0,0,,0,0,0,0,0,0,0,0,0,0,,0,,0,0,0,0,53,10,39,2,12,1,2.5,12.5,9,1,0,2,0,0,0,0,0,0,1,1,0,1,10,0,0,0,0,0,0,0,0,,,0,0,0,0,0,0,0,0,0,0,0,0,,,,0,0,0,0,0,0,0,,0,0,0,0,,0,0
00-0038809,B.Sims,Ben Sims,TE,TE,"https://static.www.nfl.com/image/upload/f_auto,q_auto/league/ew1gt7xokysjzgksmzfq",2023,REG,GB,6,0,0,0,0,0,0,0,0,0,0,0,0,,,0,,0,0,0,0,0,0,,0,4,6,21,1,0,0,30,18,3,2.01392656628741,0,0.7,0.0106951871657754,0.00607287449392713,0.0202937928944121,0,0,0,0,0,0,0,0,0,0,0,0,0,0,0,0,0,0,0,0,0,0,0,0,0,0,0,0,0,0,0,0,,,0,0,0,0,0,0,0,0,0,0,0,0,,,,0,0,0,0,0,0,0,,0,0,0,0,,8.1,12.1
00-0038811,N.Thompson,NaJee Thompson,CB,DB,"https://static.www.nfl.com/image/private/f_auto,q_auto/league/ctes8fi6xzretoy0hjop",2023,REG,MIN,7,0,0,0,0,0,0,0,0,0,0,0,0,,,0,,0,0,0,0,0,0,,0,0,0,0,0,0,0,0,0,0,,0,,0,0,0,0,5,0,2,0,0,0,0,0,0,0,0,0,0,0,0,0,0,0,1,1,0,2,14,0,0,0,0,0,0,0,0,,,0,0,0,0,0,0,0,0,0,0,0,0,,,,0,0,0,0,0,0,0,,0,0,0,0,,0,0
00-0038812,J.Williams,Jaylin Williams,DB,DB,"https://static.www.nfl.com/image/upload/f_auto,q_auto/league/mmb0tunfhcmd3wrspkvm",2023,REG,MIN,2,0,0,0,0,0,0,0,0,0,0,0,0,,,0,,0,0,0,0,0,0,,0,0,0,0,0,0,0,0,0,0,,0,,0,0,0,0,1,0,0,0,0,0,0,0,0,0,0,0,0,0,0,0,0,0,0,0,0,1,5,0,0,0,0,0,0,0,0,,,0,0,0,0,0,0,0,0,0,0,0,0,,,,0,0,0,0,0,0,0,,0,0,0,0,,0,0
00-0038820,C.Izien,Christian Izien,SAF,DB,"https://static.www.nfl.com/image/upload/f_auto,q_auto/league/klbosecrlbeeqvuts8l4",2023,REG,TB,17,0,0,0,0,0,0,0,0,0,0,0,0,,,0,,0,0,0,0,0,0,,0,0,0,0,0,0,0,0,0,0,,0,,0,0,0,0,41,6,18,0,0,1,0,0,2,2,18,2,0,0,0,0,0,0,0,0,0,6,61,0,0,0,0,0,0,0,0,,,0,0,0,0,0,0,0,0,0,0,0,0,,,,0,0,0,0,0,0,0,,0,0,0,0,,0,0
00-0038821,R.Jarrett,Rakim Jarrett,WR,WR,"https://static.www.nfl.com/image/upload/f_auto,q_auto/league/clvmliknnulpmcoofvik",2023,REG,TB,7,0,0,0,0,0,0,0,0,0,0,0,0,,,0,,1,0,0,0,0,0,-0.479814174177591,0,4,9,60,0,0,0,142,27,1,-1.14751283451915,0,0.422535211267606,0.0163636363636364,0.0291880781089414,0.0449771092217135,0,1,0,0,0,0,0,0,0,0,0,0,0,0,0,0,0,0,0,0,0,0,0,0,0,0,0,0,0,0,0,0,,,0,0,0,0,0,0,0,0,0,0,0,0,,,,0,0,0,0,0,0,0,,0,0,0,0,,6,10
00-0038823,K.Merriweather,Kaevon Merriweather,SAF,DB,"https://static.www.nfl.com/image/upload/f_auto,q_auto/league/tglrg1tbq9ixnb81ala0",2023,REG,TB,11,0,0,0,0,0,0,0,0,0,0,0,0,,,0,,0,0,0,0,0,0,,0,0,0,0,0,0,0,0,0,0,,0,,0,0,0,0,12,1,8,0,0,0,0,0,0,0,0,1,0,0,0,0,0,0,0,0,0,1,8,0,0,0,0,0,0,0,0,,,0,0,0,0,0,0,0,0,0,0,0,0,,,,0,0,0,0,0,0,0,,0,0,0,0,,0,0
00-0038827,D.Pitts,Derrek Pitts,CB,DB,"https://static.www.nfl.com/image/private/f_auto,q_auto/league/qgubsq8pd8sowh8yymbo",2023,REG,TB,1,0,0,0,0,0,0,0,0,0,0,0,0,,,0,,0,0,0,0,0,0,,0,0,0,0,0,0,0,0,0,0,,0,,0,0,0,0,2,0,0,0,0,0,0,0,0,0,0,0,0,0,0,0,0,0,0,0,0,1,5,0,0,0,0,0,0,0,0,,,0,0,0,0,0,0,0,0,0,0,0,0,,,,0,0,0,0,0,0,0,,0,0,0,0,,0,0
00-0038835,J.Pryor,Joshua Pryor,DE,DL,"https://static.www.nfl.com/image/private/f_auto,q_auto/league/zlyoco3d0b8mxmelqiff",2023,REG,WAS,2,0,0,0,0,0,0,0,0,0,0,0,0,,,0,,0,0,0,0,0,0,,0,0,0,0,0,0,0,0,0,0,,0,,0,0,0,0,0,1,0,0,0,0,0,0,0,0,0,0,0,0,0,0,0,0,0,0,0,0,0,0,0,0,0,0,0,0,0,,,0,0,0,0,0,0,0,0,0,0,0,0,,,,0,0,0,0,0,0,0,,0,0,0,0,,0,0
00-0038845,M.Jackson,Matthew Jackson,DB,DB,"https://static.www.nfl.com/image/upload/f_auto,q_auto/league/lhc67rtkbayfwvvghqdz",2023,REG,TEN,6,0,0,0,0,0,0,0,0,0,0,0,0,,,0,,0,0,0,0,0,0,,0,0,0,0,0,0,0,0,0,0,,0,,0,0,0,0,2,1,3,0,0,0,0,0,0,0,0,0,0,0,0,0,0,0,0,0,0,0,0,0,0,0,0,0,0,0,0,,,0,0,0,0,0,0,0,0,0,0,0,0,,,,0,0,0,0,0,0,0,,0,0,0,0,,0,0
00-0038848,A.Kendall,Anthony Kendall,CB,DB,"https://static.www.nfl.com/image/upload/f_auto,q_auto/league/kgha3oguelser2rcl2lp",2023,REG,TEN,7,0,0,0,0,0,0,0,0,0,0,0,0,,,0,,0,0,0,0,0,0,,0,0,0,0,0,0,0,0,0,0,,0,,0,0,0,0,5,0,4,0,0,0,0,0,0,0,0,0,0,0,0,0,0,0,0,0,0,2,19,0,0,0,0,0,0,0,0,,,0,0,0,0,0,0,0,0,0,0,0,0,,,,0,0,0,0,0,0,0,,0,0,0,0,,0,0
00-0038850,T.McLendon,TK McLendon Jr.,DE,DL,"https://static.www.nfl.com/image/upload/f_auto,q_auto/league/cxy58xbvrbpfscpynrhc",2023,REG,TEN,7,0,0,0,0,0,0,0,0,0,0,0,0,,,0,,0,0,0,0,0,0,,0,0,0,0,0,0,0,0,0,0,,0,,0,0,0,0,1,2,5,0,0,0,0,0,0,0,0,0,0,0,0,0,0,0,1,1,0,0,0,0,0,0,0,0,0,0,0,,,0,0,0,0,0,0,0,0,0,0,0,0,,,,0,0,0,0,0,0,0,,0,0,0,0,,0,0
00-0038851,C.Murphy,Caleb Murphy,LB,LB,"https://static.www.nfl.com/image/upload/f_auto,q_auto/league/qenmdl6vsivdtjpj9mvk",2023,REG,TEN,2,0,0,0,0,0,0,0,0,0,0,0,0,,,0,,0,0,0,0,0,0,,0,0,0,0,0,0,0,0,0,0,,0,,0,0,0,0,1,0,1,0,0,0,0,0,0,0,0,0,0,0,0,0,0,0,0,0,0,1,5,0,0,0,0,0,0,0,0,,,0,0,0,0,0,0,0,0,0,0,0,0,,,,0,0,0,0,0,0,0,,0,0,0,0,,0,0
00-0038853,O.Reese,Otis Reese,LB,LB,"https://static.www.nfl.com/image/upload/f_auto,q_auto/league/mif8jzstvkmzvcxnz69m",2023,REG,TEN,4,0,0,0,0,0,0,0,0,0,0,0,0,,,0,,0,0,0,0,0,0,,0,0,0,0,0,0,0,0,0,0,,0,,0,0,0,0,12,0,9,0,0,0,0,0,0,0,0,0,0,0,0,0,0,0,0,0,0,0,0,0,0,0,0,0,0,0,0,,,0,0,0,0,0,0,0,0,0,0,0,0,,,,0,0,0,0,0,0,0,,0,0,0,0,,0,0
00-0038862,E.Dotson,Elijah Dotson,RB,RB,"https://static.www.nfl.com/image/upload/f_auto,q_auto/league/yx9vzbdqe6khlgdanbk3",2023,REG,LAC,1,0,0,0,0,0,0,0,0,0,0,0,0,,,0,,4,6,0,0,0,0,-3.19679077283945,0,2,2,13,0,0,0,-1,14,0,0.376442842651159,0,-13,0.00325732899022801,-0.00021128248468202,0.00473809574606461,0,0,0,0,0,0,0,0,0,0,0,0,0,0,0,0,0,0,0,0,0,0,0,0,0,0,0,0,0,0,0,0,,,0,0,0,0,0,0,0,0,0,0,0,0,,,,0,0,0,0,0,0,0,,0,0,0,0,,1.9,3.9
00-0038865,A.Farmer,Andrew Farmer,LB,LB,"https://static.www.nfl.com/image/upload/f_auto,q_auto/league/yhtbla5k72ipuqg7kfne",2023,REG,LAC,3,0,0,0,0,0,0,0,0,0,0,0,0,,,0,,0,0,0,0,0,0,,0,0,0,0,0,0,0,0,0,0,,0,,0,0,0,0,1,0,2,0,0,0,0,0,0,0,0,0,0,0,0,0,0,0,0,0,0,0,0,0,0,0,0,0,0,0,0,,,0,0,0,0,0,0,0,0,0,0,0,0,,,,0,0,0,0,0,0,0,,0,0,0,0,,0,0
00-0038866,A.Finley,AJ Finley,SAF,DB,"https://static.www.nfl.com/image/upload/f_auto,q_auto/league/zc71zmnbxjzpnaunxawc",2023,REG,LAC,3,0,0,0,0,0,0,0,0,0,0,0,0,,,0,,0,0,0,0,0,0,,0,0,0,0,0,0,0,0,0,0,,0,,0,0,0,0,1,0,2,0,0,1,0,0,0,0,0,0,0,0,0,0,0,0,0,0,0,0,0,0,0,0,0,0,0,0,0,,,0,0,0,0,0,0,0,0,0,0,0,0,,,,0,0,0,0,0,0,0,,0,0,0,0,,0,0
00-0038877,D.Jamison,D'Shawn Jamison,CB,DB,"https://static.www.nfl.com/image/upload/f_auto,q_auto/league/tpz66swcddlot6x1lcfz",2023,REG,CAR,7,0,0,0,0,0,0,0,0,0,0,0,0,,,0,,0,0,0,0,0,0,,0,0,0,0,0,0,0,0,0,0,,0,,0,0,0,0,6,0,4,0,0,0,0,0,0,0,0,1,0,0,0,0,0,0,0,0,0,0,0,0,0,2,40,0,0,0,0,,,0,0,0,0,0,0,0,0,0,0,0,0,,,,0,0,0,0,0,0,0,,0,0,0,0,,0,0
00-0038891,S.Jackson,Shedrick Jackson,WR,WR,"https://static.www.nfl.com/image/upload/f_auto,q_auto/league/el1geev5wxc1cqbbrou7",2023,REG,CIN,2,0,0,0,0,0,0,0,0,0,0,0,0,,,0,,0,0,0,0,0,0,,0,0,1,0,0,0,0,30,0,0,-0.856143947923556,0,0,0.00168918918918919,0.00773594636410521,0.00794894623865743,0,1,0,0,0,0,0,0,0,0,0,0,0,0,0,0,0,0,0,0,0,0,0,0,0,0,0,0,0,0,0,0,,,0,0,0,0,0,0,0,0,0,0,0,0,,,,0,0,0,0,0,0,0,,0,0,0,0,,0,0
00-0038905,B.Grupe,Blake Grupe,K,SPEC,"https://static.www.nfl.com/image/upload/f_auto,q_auto/league/de3vz6xjjo9paba6encd",2023,REG,NO,17,0,0,0,0,0,0,0,0,0,0,0,0,,,0,,0,0,0,0,0,0,,0,0,0,0,0,0,0,0,0,0,,0,,0,0,0,0,0,0,0,0,0,0,0,0,0,0,0,0,0,0,0,0,0,0,0,0,0,0,0,0,0,0,0,30,37,7,0,55,0.810810810810811,0,10,6,8,6,0,0,2,0,2,3,0,26;33;52;28;23;25;37;32;44;54;53;48;45;23;35;42;27;55;48;25;52;41;45;39;50;45;28;38;24;24,46;52;29;51;47;54;29,,1141,308,0,40,40,0,0,1,0,1,1,0,46,0,0
00-0038906,L.Hedley,Lou Hedley,P,SPEC,"https://static.www.nfl.com/image/upload/f_auto,q_auto/league/vuqqx26distms66oakam",2023,REG,NO,17,0,0,0,0,0,0,0,0,0,0,0,0,,,0,,0,0,0,0,0,0,,0,0,0,0,0,0,0,0,0,0,,0,,0,0,0,0,0,0,0,0,0,0,0,0,0,0,0,0,0,0,0,0,0,0,0,0,0,0,0,0,0,0,0,0,0,0,0,,,0,0,0,0,0,0,0,0,0,0,0,0,,,,0,0,0,0,0,0,0,,0,0,0,0,,0,0
00-0038911,M.Cunningham,Malik Cunningham,WR,WR,"https://static.www.nfl.com/image/upload/f_auto,q_auto/league/pspxhbxgnqanfsrcf7ux",2023,REG,NE,1,0,0,0,0,0,1,-5,0,0,0,0,0,-1.28537227399647,,0,,0,0,0,0,0,0,,0,0,0,0,0,0,0,0,0,0,,0,,0,0,0,0,0,0,0,0,0,0,0,0,0,0,0,0,0,0,0,0,0,0,0,0,0,0,0,0,0,0,0,0,0,0,0,,,0,0,0,0,0,0,0,0,0,0,0,0,,,,0,0,0,0,0,0,0,,0,0,0,0,,0,0
00-0038922,D.Thomas,Drake Thomas,LB,LB,"https://static.www.nfl.com/image/upload/f_auto,q_auto/league/egqpcx91rp0iadqqxu2v",2023,REG,SEA,2,0,0,0,0,0,0,0,0,0,0,0,0,,,0,,0,0,0,0,0,0,,0,0,0,0,0,0,0,0,0,0,,0,,0,0,0,0,0,1,2,0,0,0,0,0,0,0,0,0,0,0,0,0,0,0,0,0,0,0,0,0,0,0,0,0,0,0,0,,,0,0,0,0,0,0,0,0,0,0,0,0,,,,0,0,0,0,0,0,0,,0,0,0,0,,0,0
00-0038932,D.Wright,Darnell Wright,OT,OL,"https://static.www.nfl.com/image/upload/f_auto,q_auto/league/ihow3o7fo62p8abdqgn3",2023,REG,CHI,8,0,0,0,0,0,0,0,0,0,0,0,0,,,0,,0,0,0,0,0,0,,0,0,0,0,0,0,0,0,0,0,,0,,0,0,0,0,0,0,0,0,0,0,0,0,0,0,0,0,0,0,0,0,0,0,0,0,0,11,86,0,0,0,0,0,0,0,0,,,0,0,0,0,0,0,0,0,0,0,0,0,,,,0,0,0,0,0,0,0,,0,0,0,0,,0,0
00-0038933,D.Kincaid,Dalton Kincaid,TE,TE,"https://static.www.nfl.com/image/upload/f_auto,q_auto/league/zwkeaiecuyafkidllebz",2023,REG,BUF,16,0,0,0,0,0,0,0,0,0,0,0,0,,,0,,0,0,0,0,0,0,,0,73,91,673,2,1,1,538,315,29,12.5995076311643,0,1.25092936802974,0.16697247706422,0.107128634010354,0.325448759403578,0,2,0,0,0,0,0,0,0,0,0,0,0,0,0,0,0,0,0,0,0,0,5,40,0,0,0,0,0,0,0,0,,,0,0,0,0,0,0,0,0,0,0,0,0,,,,0,0,0,0,0,0,0,,0,0,0,0,,77.3,150.3
00-0038934,A.Harrison,Anton Harrison,OT,OL,"https://static.www.nfl.com/image/upload/f_auto,q_auto/league/zgvchtxhtni7sablqnu9",2023,REG,JAX,5,0,0,0,0,0,0,0,0,0,0,0,0,,,0,,0,0,0,0,0,0,,0,0,0,0,0,0,0,0,0,0,,0,,0,0,0,0,1,0,0,0,0,0,0,0,0,0,0,0,0,0,0,0,0,0,0,0,0,5,35,0,0,0,0,0,0,0,0,,,0,0,0,0,0,0,0,0,0,0,0,0,,,,0,0,0,0,0,0,0,,0,0,0,0,,0,0
00-0038935,B.Strange,Brenton Strange,TE,TE,"https://static.www.nfl.com/image/upload/f_auto,q_auto/league/yabpcvadjlrkxzducv7k",2023,REG,JAX,7,0,0,0,0,0,0,0,0,0,0,0,0,,,0,,0,0,0,0,0,0,,0,5,9,35,1,0,0,68,28,2,-0.461921395751558,0,0.514705882352941,0.014827018121911,0.0136518771331058,0.0317968411760406,0,1,0,0,1,6,0,0,0,0,0,0,0,0,0,0,0,0,0,0,0,0,4,29,0,0,0,0,0,0,0,0,,,0,0,0,0,0,0,0,0,0,0,0,0,,,,0,0,0,0,0,0,0,,0,0,0,0,,9.5,14.5
00-0038936,J.Scruggs,Juice Scruggs,C,OL,"https://static.www.nfl.com/image/upload/f_auto,q_auto/league/k4ptrnct4nayobia4qcw",2023,REG,HOU,3,0,0,0,0,0,0,0,0,0,0,0,0,,,0,,0,0,0,0,0,0,,0,0,0,0,0,0,0,0,0,0,,0,,0,0,0,0,0,0,0,0,0,0,0,0,0,0,0,0,0,0,0,0,0,0,0,0,0,3,30,0,0,0,0,0,0,0,0,,,0,0,0,0,0,0,0,0,0,0,0,0,,,,0,0,0,0,0,0,0,,0,0,0,0,,0,0
00-0038937,Z.Pickens,Zacch Pickens,DT,DL,"https://static.www.nfl.com/image/upload/f_auto,q_auto/league/gd66kzu0v4hgipt6lppc",2023,REG,CHI,13,0,0,0,0,0,0,0,0,0,0,0,0,,,0,,0,0,0,0,0,0,,0,0,0,0,0,0,0,0,0,0,,0,,0,0,0,0,6,3,11,0,0,1,0.5,4.5,2,0,0,1,0,0,0,0,0,0,0,0,0,0,0,0,0,0,0,0,0,0,0,,,0,0,0,0,0,0,0,0,0,0,0,0,,,,0,0,0,0,0,0,0,,0,0,0,0,,0,0
00-0038938,J.Hyatt,Jalin Hyatt,WR,WR,"https://static.www.nfl.com/image/upload/f_auto,q_auto/league/bzyn9cpmwfqjtztwblmy",2023,REG,NYG,13,0,0,0,0,0,0,0,0,0,0,0,0,,,0,,0,0,0,0,0,0,,0,23,40,373,0,1,0,841,48,11,3.0651579910464,0,0.443519619500595,0.0824742268041237,0.222134178552562,0.279205265192979,0,1,0,0,0,0,0,0,0,0,0,0,0,0,0,0,0,0,0,0,0,0,0,0,0,0,0,0,0,0,0,0,,,0,0,0,0,0,0,0,0,0,0,0,0,,,,0,0,0,0,0,0,0,,0,0,0,0,,37.3,60.3
00-0038939,B.Martin,Brodric Martin,DT,DL,"https://static.www.nfl.com/image/upload/f_auto,q_auto/league/fxo9xafpvo3nphye3bwq",2023,REG,DET,2,0,0,0,0,0,0,0,0,0,0,0,0,,,0,,0,0,0,0,0,0,,0,0,0,0,0,0,0,0,0,0,,0,,0,0,0,0,1,0,2,0,0,0,0,0,0,0,0,0,0,0,0,0,0,0,0,0,0,0,0,0,0,0,0,0,0,0,0,,,0,0,0,0,0,0,0,0,0,0,0,0,,,,0,0,0,0,0,0,0,,0,0,0,0,,0,0
00-0038940,T.Lacy,Tyler Lacy,DE,DL,"https://static.www.nfl.com/image/upload/f_auto,q_auto/league/t11eflx8jvobxmnssg22",2023,REG,JAX,10,0,0,0,0,0,0,0,0,0,0,0,0,,,0,,0,0,0,0,0,0,,0,0,0,0,0,0,0,0,0,0,,0,,0,0,0,0,4,1,7,1,4,0,0,0,3,0,0,1,0,0,0,0,0,0,0,0,0,0,0,0,0,0,0,0,0,0,0,,,0,0,0,0,0,0,0,0,0,0,0,0,,,,0,0,0,0,0,0,0,,0,0,0,0,,0,0
00-0038941,T.Scott,Tyler Scott,WR,WR,"https://static.www.nfl.com/image/upload/f_auto,q_auto/league/k6g5zzfxtkvu21okobss",2023,REG,CHI,13,0,0,0,0,0,0,0,0,0,0,0,0,,,0,,7,41,0,0,0,2,0.259178570762742,0,17,32,168,0,1,1,370,70,10,-11.0538348869636,0,0.454054054054054,0.0670859538784067,0.0980132450331126,0.169238202340789,0,2,0,0,0,0,0,0,0,0,0,0,0,0,0,0,0,0,0,0,0,0,1,5,0,0,5,108,0,0,0,0,,,0,0,0,0,0,0,0,0,0,0,0,0,,,,0,0,0,0,0,0,0,,0,0,0,0,,18.9,35.9
00-0038951,S.Tucker,Sean Tucker,RB,RB,"https://static.www.nfl.com/image/upload/f_auto,q_auto/league/zyzp7e2gos47ebzur9gi",2023,REG,TB,3,0,0,0,0,0,0,0,0,0,0,0,0,,,0,,15,23,0,0,0,1,-6.20917500916403,0,2,2,9,0,0,0,-3,12,0,-0.171700917882845,0,-3,0.00363636363636364,-0.000616649537512847,0.00502289077828646,0,1,0,0,0,0,0,0,0,0,0,0,0,0,0,0,0,0,0,0,0,0,0,0,0,0,0,0,0,0,0,0,,,0,0,0,0,0,0,0,0,0,0,0,0,,,,0,0,0,0,0,0,0,,0,0,0,0,,3.2,5.2
00-0038958,M.Watts,Markees Watts,LB,LB,"https://static.www.nfl.com/image/upload/f_auto,q_auto/league/hwxh3ps9lwnj0qu4mw8v",2023,REG,TB,4,0,0,0,0,0,0,0,0,0,0,0,0,,,0,,0,0,0,0,0,0,,0,0,0,0,0,0,0,0,0,0,,0,,0,0,0,0,4,0,0,1,6,0,1,6,1,0,0,0,0,0,0,0,0,0,0,0,0,1,5,0,0,0,0,0,0,0,0,,,0,0,0,0,0,0,0,0,0,0,0,0,,,,0,0,0,0,0,0,0,,0,0,0,0,,0,0
00-0038961,E.Garror,Eric Garror,CB,DB,"https://static.www.nfl.com/image/upload/f_auto,q_auto/league/vhdzdxva7on1mvkwc0fg",2023,REG,TEN,11,0,0,0,0,0,0,0,0,0,0,0,0,,,0,,0,0,0,0,0,0,,0,0,0,0,0,0,0,0,0,0,,0,,0,0,0,0,15,4,3,0,0,0,0,0,1,0,0,2,0,2,0,0,0,0,0,0,0,1,3,21,159,0,0,0,0,0,0,,,0,0,0,0,0,0,0,0,0,0,0,0,,,,0,0,0,0,0,0,0,,0,0,0,0,,0,0
00-0038969,K.Jackson,Kearis Jackson,WR,WR,"https://static.www.nfl.com/image/upload/f_auto,q_auto/league/jgrj4b7pqoigggkcms80",2023,REG,TEN,2,0,0,0,0,0,0,0,0,0,0,0,0,,,0,,0,0,0,0,0,0,,0,0,0,0,0,0,0,0,0,0,,0,,0,0,0,0,0,0,0,0,0,0,0,0,0,0,0,0,0,0,0,0,0,0,0,0,0,0,0,6,48,0,0,0,0,0,0,,,0,0,0,0,0,0,0,0,0,0,0,0,,,,0,0,0,0,0,0,0,,0,0,0,0,,0,0
00-0038976,M.Mims,Marvin Mims Jr.,WR,WR,"https://static.www.nfl.com/image/upload/f_auto,q_auto/league/zbdjtph5xplbf4yocz0l",2023,REG,DEN,16,0,0,0,0,0,0,0,0,0,0,0,0,,,0,,9,30,0,0,0,2,-1.33484730974305,0,22,33,377,1,0,0,497,154,9,9.03245314614398,0,0.758551307847083,0.0691823899371069,0.132392115077251,0.196448065459736,1,2,0,0,0,0,0,0,0,0,0,0,0,0,1,0,0,0,0,0,0,0,1,15,19,312,15,397,0,0,0,0,,,0,0,0,0,0,0,0,0,0,0,0,0,,,,0,0,0,0,0,0,0,,0,0,0,0,,52.7,74.7
00-0038977,N.Dell,Tank Dell,WR,WR,"https://static.www.nfl.com/image/upload/f_auto,q_auto/league/ykyiamjbjkjklnnttisw",2023,REG,HOU,10,0,0,0,0,0,1,-1,0,0,0,0,0,-0.777416687400546,,0,,11,51,0,0,0,3,-0.155402226373553,0,47,75,709,7,0,0,1070,152,34,30.0752832701029,0,0.662616822429906,0.132508833922262,0.206683407378791,0.343441636048546,0,1,0,0,0,0,0,0,0,0,0,0,0,0,1,0,0,2,2,0,0,0,1,5,11,100,2,44,0,0,0,0,,,0,0,0,0,0,0,0,0,0,0,0,0,,,,0,0,0,0,0,0,0,,0,0,0,0,,118,165
00-0038978,B.Young,Byron Young,DT,DL,"https://static.www.nfl.com/image/upload/f_auto,q_auto/league/zkjuhizs7now7kfwp9s3",2023,REG,LV,3,0,0,0,0,0,0,0,0,0,0,0,0,,,0,,0,0,0,0,0,0,,0,0,0,0,0,0,0,0,0,0,,0,,0,0,0,0,4,0,0,0,0,0,0,0,0,0,0,0,0,0,0,0,0,0,0,0,0,0,0,0,0,0,0,0,0,0,0,,,0,0,0,0,0,0,0,0,0,0,0,0,,,,0,0,0,0,0,0,0,,0,0,0,0,,0,0
00-0038979,C.Tillman,Cedric Tillman,WR,WR,"https://static.www.nfl.com/image/upload/f_auto,q_auto/league/a4mcdjjl1pkxr3etechx",2023,REG,CLE,11,0,0,0,0,0,0,0,0,0,0,0,0,,,0,,1,8,0,0,0,0,0.234092467464507,0,21,44,224,0,0,0,468,88,12,-26.5160423246959,0,0.478632478632479,0.0737018425460637,0.0883185506699377,0.172375749288052,0,0,0,0,0,0,0,0,0,0,0,0,0,0,0,0,0,0,0,0,0,0,1,5,0,0,0,0,0,0,0,0,,,0,0,0,0,0,0,0,0,0,0,0,0,,,,0,0,0,0,0,0,0,,0,0,0,0,,23.2,44.2
00-0038980,Z.Harrison,Zach Harrison,DE,DL,"https://static.www.nfl.com/image/upload/f_auto,q_auto/league/ufhdwcktmkeamlzdcuvg",2023,REG,ATL,15,0,0,0,0,0,0,0,0,0,0,0,0,,,0,,0,0,0,0,0,0,,0,0,0,0,0,0,0,0,0,0,,0,,0,0,0,0,13,5,15,3,11,0,3,10,5,0,0,1,0,0,0,0,0,0,0,0,0,0,0,0,0,0,0,0,0,0,0,,,0,0,0,0,0,0,0,0,0,0,0,0,,,,0,0,0,0,0,0,0,,0,0,0,0,,0,0
00-0038981,W.Morris,Wanya Morris,OT,OL,"https://static.www.nfl.com/image/upload/f_auto,q_auto/league/snaxi8ken7hkapokvwfr",2023,REG,KC,2,0,0,0,0,0,0,0,0,0,0,0,0,,,0,,0,0,0,0,0,0,,0,0,0,0,0,0,0,0,0,0,,0,,0,0,0,0,0,0,0,0,0,0,0,0,0,0,0,0,0,0,0,0,0,0,0,0,0,2,20,0,0,0,0,0,0,0,0,,,0,0,0,0,0,0,0,0,0,0,0,0,,,,0,0,0,0,0,0,0,,0,0,0,0,,0,0
00-0038982,C.Conner,Chamarri Conner,DB,DB,"https://static.www.nfl.com/image/upload/f_auto,q_auto/league/fzzbwoogfbowestdz7gz",2023,REG,KC,14,0,0,0,0,0,0,0,0,0,0,0,0,,,0,,0,0,0,0,0,0,,0,0,0,0,0,0,0,0,0,0,,0,,0,0,0,0,26,5,5,2,5,0,0,0,0,1,4,1,0,0,0,0,0,0,0,0,0,0,0,0,0,0,0,0,0,0,0,,,0,0,0,0,0,0,0,0,0,0,0,0,,,,0,0,0,0,0,0,0,,0,0,0,0,,0,0
00-0038983,B.Thompson,BJ Thompson,DE,DL,"https://static.www.nfl.com/image/private/f_auto,q_auto/league/y8ahoqoytfuw62piwnjc",2023,REG,KC,1,0,0,0,0,0,0,0,0,0,0,0,0,,,0,,0,0,0,0,0,0,,0,0,0,0,0,0,0,0,0,0,,0,,0,0,0,0,2,0,0,0,0,0,0,0,0,0,0,0,0,0,0,0,0,0,0,0,0,0,0,0,0,0,0,0,0,0,0,,,0,0,0,0,0,0,0,0,0,0,0,0,,,,0,0,0,0,0,0,0,,0,0,0,0,,0,0
00-0038984,K.Clark,Kei'Trel Clark,CB,DB,"https://static.www.nfl.com/image/upload/f_auto,q_auto/league/mcmz4ef4fvvoqapbf8rf",2023,REG,ARI,9,0,0,0,0,0,0,0,0,0,0,0,0,,,0,,0,0,0,0,0,0,,0,0,0,0,0,0,0,0,0,0,,0,,0,0,0,0,32,5,6,1,2,0,0,0,0,0,0,4,0,0,0,0,0,0,0,0,0,2,24,0,0,0,0,0,0,0,0,,,0,0,0,0,0,0,0,0,0,0,0,0,,,,0,0,0,0,0,0,0,,0,0,0,0,,0,0
00-0038985,K.Coburn,Keondre Coburn,DE,DL,"https://static.www.nfl.com/image/upload/f_auto,q_auto/league/z9daqscjnbr5kbfpayzt",2023,REG,TEN,5,0,0,0,0,0,0,0,0,0,0,0,0,,,0,,0,0,0,0,0,0,,0,0,0,0,0,0,0,0,0,0,,0,,0,0,0,0,2,1,5,0,0,0,0,0,0,0,0,0,0,0,0,0,0,0,0,0,0,0,0,0,0,0,0,0,0,0,0,,,0,0,0,0,0,0,0,0,0,0,0,0,,,,0,0,0,0,0,0,0,,0,0,0,0,,0,0
00-0038986,N.Jones,Nic Jones,CB,DB,"https://static.www.nfl.com/image/upload/f_auto,q_auto/league/y6vbjn7oqj8j5zm94cwx",2023,REG,KC,3,0,0,0,0,0,0,0,0,0,0,0,0,,,0,,0,0,0,0,0,0,,0,0,0,0,0,0,0,0,0,0,,0,,0,0,0,0,4,0,0,1,4,0,0,0,1,0,0,0,0,0,0,0,0,0,0,0,0,1,15,0,0,0,0,0,0,0,0,,,0,0,0,0,0,0,0,0,0,0,0,0,,,,0,0,0,0,0,0,0,,0,0,0,0,,0,0
00-0038994,J.Addison,Jordan Addison,WR,WR,"https://static.www.nfl.com/image/upload/f_auto,q_auto/league/s2ey8g5memyqvxc52uzy",2023,REG,MIN,17,0,0,0,0,0,0,0,0,0,0,0,0,,,0,,1,2,0,0,0,0,-0.410606599703897,0,70,108,911,10,0,0,1347,262,38,26.0986823215143,0,0.676317743132888,0.178217821782178,0.273225152129817,0.45858433916414,0,5,0,0,0,0,0,0,0,0,0,0,0,0,0,0,0,0,1,0,0,0,0,0,0,0,0,0,0,0,0,0,,,0,0,0,0,0,0,0,0,0,0,0,0,,,,0,0,0,0,0,0,0,,0,0,0,0,,151.3,221.3
00-0038995,B.Bresee,Bryan Bresee,DT,DL,"https://static.www.nfl.com/image/upload/f_auto,q_auto/league/ggluxdivvc7bhfhpfrsl",2023,REG,NO,15,0,0,0,0,0,0,0,0,0,0,0,0,,,0,,0,0,0,0,0,0,,0,0,0,0,0,0,0,0,0,0,,0,,0,0,0,0,10,2,12,6,42,0,4.5,42,9,0,0,6,0,0,0,0,0,0,0,0,0,6,40,0,0,0,0,0,0,0,0,,,0,0,0,0,0,0,0,0,0,0,0,0,,,,0,0,0,0,0,0,0,,0,0,0,0,,0,0
00-0038996,T.Kraft,Tucker Kraft,TE,TE,"https://static.www.nfl.com/image/upload/f_auto,q_auto/league/yr6nj1zqaqg6nbdnxu3q",2023,REG,GB,14,0,0,0,0,0,0,0,0,0,0,0,0,,,0,,0,0,0,0,0,0,,0,31,40,355,2,0,0,156,232,18,17.7748128229508,0,2.27564102564103,0.071301247771836,0.0315789473684211,0.129057134815649,0,3,0,2,0,0,0,0,0,0,0,0,0,0,0,0,0,0,0,0,0,0,1,8,0,0,0,0,0,0,0,0,,,0,0,0,0,0,0,0,0,0,0,0,0,,,,0,0,0,0,0,0,0,,0,0,0,0,,47.5,78.5
00-0038997,J.Downs,Josh Downs,WR,WR,"https://static.www.nfl.com/image/upload/f_auto,q_auto/league/gqozitn9vxnp8acz6wwg",2023,REG,IND,17,0,0,0,0,0,0,0,0,0,0,0,0,,,0,,0,0,0,0,0,0,,0,68,98,771,2,0,0,707,371,30,26.5076010227959,0,1.09052333804809,0.17948717948718,0.166157461809636,0.385540992497514,0,2,0,0,0,0,0,0,0,0,0,0,0,0,0,0,0,0,0,0,0,0,1,5,6,63,2,24,0,0,0,0,,,0,0,0,0,0,0,0,0,0,0,0,0,,,,0,0,0,0,0,0,0,,0,0,0,0,,89.1,157.1
00-0039000,D.Banks,Deonte Banks,CB,DB,"https://static.www.nfl.com/image/upload/f_auto,q_auto/league/disrzmax4qwvr20oheiw",2023,REG,NYG,15,0,0,0,0,0,0,0,0,0,0,0,0,,,0,,0,0,0,0,0,0,,0,0,0,0,0,0,0,0,0,0,,0,,0,0,0,0,51,2,11,2,2,0,0,0,0,2,6,11,0,0,0,0,0,0,0,0,0,4,22,0,0,0,0,0,0,0,0,,,0,0,0,0,0,0,0,0,0,0,0,0,,,,0,0,0,0,0,0,0,,0,0,0,0,,0,0
00-0039001,T.Steen,Tyler Steen,OT,OL,"https://static.www.nfl.com/image/upload/f_auto,q_auto/league/vql0qqvuq0eqkaolcqep",2023,REG,PHI,1,0,0,0,0,0,0,0,0,0,0,0,0,,,0,,0,0,0,0,0,0,,0,0,0,0,0,0,0,0,0,0,,0,,0,0,0,0,0,0,0,0,0,0,0,0,0,0,0,0,0,0,0,0,1,1,0,0,0,1,5,0,0,0,0,0,0,0,0,,,0,0,0,0,0,0,0,0,0,0,0,0,,,,0,0,0,0,0,0,0,,0,0,0,0,,0,0
00-0039002,S.Brown,Sydney Brown,SAF,DB,"https://static.www.nfl.com/image/upload/f_auto,q_auto/league/r3cwxtqft79kjy5nvpjm",2023,REG,PHI,12,0,0,0,0,0,0,0,0,0,0,0,0,,,0,,0,0,0,0,0,0,,0,0,0,0,0,0,0,0,0,0,,0,,0,0,0,0,30,2,13,1,1,1,0,0,0,1,99,3,1,0,0,0,0,0,0,0,0,0,0,0,0,0,0,0,0,0,0,,,0,0,0,0,0,0,0,0,0,0,0,0,,,,0,0,0,0,0,0,0,,0,0,0,0,,0,0
00-0039003,D.Sanders,Drew Sanders,LB,LB,"https://static.www.nfl.com/image/upload/f_auto,q_auto/league/pwssntxbrgoe7n4x9b9a",2023,REG,DEN,11,0,0,0,0,0,0,0,0,0,0,0,0,,,0,,0,0,0,0,0,0,,0,0,0,0,0,0,0,0,0,0,,0,,0,0,0,0,11,2,11,1,2,0,0,0,0,0,0,0,0,0,0,0,0,0,1,1,0,1,15,0,0,0,0,0,0,0,0,,,0,0,0,0,0,0,0,0,0,0,0,0,,,,0,0,0,0,0,0,0,,0,0,0,0,,0,0
00-0039004,C.Warren,Carter Warren,OT,OL,"https://static.www.nfl.com/image/upload/f_auto,q_auto/league/tatbe1k9y37qwi63q3yp",2023,REG,NYJ,3,0,0,0,0,0,0,0,0,0,0,0,0,,,0,,0,0,0,0,0,0,,0,0,0,0,0,0,0,0,0,0,,0,,0,0,0,0,2,0,0,0,0,0,0,0,0,0,0,0,0,0,0,0,1,1,0,0,0,2,10,0,0,0,0,0,0,0,0,,,0,0,0,0,0,0,0,0,0,0,0,0,,,,0,0,0,0,0,0,0,,0,0,0,0,,0,0
00-0039006,F.Anudike-Uzomah,Felix Anudike-Uzomah,DE,DL,"https://static.www.nfl.com/image/upload/f_auto,q_auto/league/mvdexbrnafjhz7ld7oct",2023,REG,KC,11,0,0,0,0,0,0,0,0,0,0,0,0,,,0,,0,0,0,0,0,0,,0,0,0,0,0,0,0,0,0,0,,0,,0,0,0,0,7,1,6,2,6,1,0.5,1,7,0,0,0,0,0,0,0,0,0,0,0,0,0,0,0,0,0,0,0,0,0,0,,,0,0,0,0,0,0,0,0,0,0,0,0,,,,0,0,0,0,0,0,0,,0,0,0,0,,0,0
00-0039007,G.Williams,Garrett Williams,CB,DB,"https://static.www.nfl.com/image/upload/f_auto,q_auto/league/xlczxxctbgim3ynwtsw4",2023,REG,ARI,8,0,0,0,0,0,0,0,0,0,0,0,0,,,0,,0,0,0,0,0,0,,0,0,0,0,0,0,0,0,0,0,,0,,0,0,0,0,16,3,4,1,2,0,0,0,0,1,0,2,0,0,0,0,0,0,0,0,0,0,0,0,0,0,0,0,0,0,0,,,0,0,0,0,0,0,0,0,0,0,0,0,,,,0,0,0,0,0,0,0,,0,0,0,0,,0,0
00-0039009,D.Horton,Dylan Horton,DE,DL,"https://static.www.nfl.com/image/upload/f_auto,q_auto/league/ocqc1uhsjinyou8klloj",2023,REG,HOU,9,0,0,0,0,0,0,0,0,0,0,0,0,,,0,,0,0,0,0,0,0,,0,0,0,0,0,0,0,0,0,0,,0,,0,0,0,0,6,2,5,1,6,0,0,0,2,0,0,0,0,0,0,0,0,0,1,1,0,0,0,0,0,0,0,0,0,0,0,,,0,0,0,0,0,0,0,0,0,0,0,0,,,,0,0,0,0,0,0,0,,0,0,0,0,,0,0
00-0039013,N.Smith,Nolan Smith,LB,LB,"https://static.www.nfl.com/image/upload/f_auto,q_auto/league/mutic3dzmrlfruwqlgcb",2023,REG,PHI,12,0,0,0,0,0,0,0,0,0,0,0,0,,,0,,0,0,0,0,0,0,,0,0,0,0,0,0,0,0,0,0,,0,,0,0,0,0,8,2,8,1,2,0,1,2,3,0,0,0,0,0,0,0,0,0,0,0,0,2,15,0,0,0,0,0,0,0,0,,,0,0,0,0,0,0,0,0,0,0,0,0,,,,0,0,0,0,0,0,0,,0,0,0,0,,0,0
00-0039014,D.Jones,Dawand Jones,OT,OL,"https://static.www.nfl.com/image/upload/f_auto,q_auto/league/tm5zyhltmnhwcqkutc2u",2023,REG,CLE,3,0,0,0,0,0,0,0,0,0,0,0,0,,,0,,0,0,0,0,0,0,,0,0,0,0,0,0,0,0,0,0,,0,,0,0,0,0,0,0,0,0,0,0,0,0,0,0,0,0,0,0,0,0,1,1,0,0,0,3,20,0,0,0,0,0,0,0,0,,,0,0,0,0,0,0,0,0,0,0,0,0,,,,0,0,0,0,0,0,0,,0,0,0,0,,0,0
00-0039018,J.Campbell,Jack Campbell,LB,LB,"https://static.www.nfl.com/image/upload/f_auto,q_auto/league/mmmtiej4dp5nt7giycwy",2023,REG,DET,17,0,0,0,0,0,0,0,0,0,0,0,0,,,0,,0,0,0,0,0,0,,0,0,0,0,0,0,0,0,0,0,,0,,0,0,0,0,43,9,43,4,17,0,2,14,3,0,0,1,0,0,0,0,0,0,0,0,0,2,20,0,0,0,0,0,0,0,0,,,0,0,0,0,0,0,0,0,0,0,0,0,,,,0,0,0,0,0,0,0,,0,0,0,0,,0,0
00-0039019,J.Schmitz,John Michael Schmitz,C,OL,"https://static.www.nfl.com/image/private/f_auto,q_auto/league/viajsunbxleejrou46vu",2023,REG,NYG,3,0,0,0,0,0,0,0,0,0,0,0,0,,,0,,0,0,0,0,0,0,,0,0,0,0,0,0,0,0,0,0,,0,,0,0,0,0,0,0,0,0,0,0,0,0,0,0,0,0,0,0,0,0,0,1,0,0,0,3,25,0,0,0,0,0,0,0,0,,,0,0,0,0,0,0,0,0,0,0,0,0,,,,0,0,0,0,0,0,0,,0,0,0,0,,0,0
00-0039020,A.Bradford,Anthony Bradford,G,OL,"https://static.www.nfl.com/image/upload/f_auto,q_auto/league/yooqcfbbgozkkkcuhhva",2023,REG,SEA,2,0,0,0,0,0,0,0,0,0,0,0,0,,,0,,0,0,0,0,0,0,,0,0,0,0,0,0,0,0,0,0,,0,,0,0,0,0,0,0,0,0,0,0,0,0,0,0,0,0,0,0,0,0,0,0,0,0,0,2,20,0,0,0,0,0,0,0,0,,,0,0,0,0,0,0,0,0,0,0,0,0,,,,0,0,0,0,0,0,0,,0,0,0,0,,0,0
00-0039021,R.Johnson,Roschon Johnson,RB,RB,"https://static.www.nfl.com/image/upload/f_auto,q_auto/league/gxzw5kntjivjixre9whh",2023,REG,CHI,15,0,0,0,0,0,0,0,0,0,0,0,0,,,0,,81,352,2,1,0,18,-6.61616354286162,0,34,40,209,0,0,0,-33,247,6,-6.06627508539603,0,-6.33333333333333,0.0838574423480084,-0.00874172185430464,0.119666958223999,0,1,0,2,0,0,0,0,0,0,0,0,0,0,0,0,0,1,1,0,0,0,0,0,0,0,1,0,0,0,0,0,,,0,0,0,0,0,0,0,0,0,0,0,0,,,,0,0,0,0,0,0,0,,0,0,0,0,,68.1,102.1
00-0039031,A.Adebawore,Adetomiwa Adebawore,DT,DL,"https://static.www.nfl.com/image/upload/f_auto,q_auto/league/of8dhgchuzh584ipm4ut",2023,REG,IND,5,0,0,0,0,0,0,0,0,0,0,0,0,,,0,,0,0,0,0,0,0,,0,0,0,0,0,0,0,0,0,0,,0,,0,0,0,0,4,0,1,1,9,0,1.5,12.5,4,0,0,0,0,0,0,0,0,0,0,0,0,1,5,0,0,0,0,0,0,0,0,,,0,0,0,0,0,0,0,0,0,0,0,0,,,,0,0,0,0,0,0,0,,0,0,0,0,,0,0
00-0039032,T.Spears,Tyjae Spears,RB,RB,"https://static.www.nfl.com/image/upload/f_auto,q_auto/league/fc7vhbtw80einad9hsfu",2023,REG,TEN,17,0,0,0,0,0,0,0,0,0,0,0,0,,,0,,100,453,2,0,0,24,-0.736231872569715,0,52,70,385,1,1,0,-12,460,17,-1.36095726210109,0,-32.0833333333333,0.146443514644351,-0.00262639527248851,0.217826795275785,0,2,0,0,0,0,0,0,0,0,0,0,0,0,0,0,0,1,1,0,0,0,1,10,0,0,13,270,0,0,0,0,,,0,0,0,0,0,0,0,0,0,0,0,0,,,,0,0,0,0,0,0,0,,0,0,0,0,,101.8,153.8
00-0039034,P.Skoronski,Peter Skoronski,OT,OL,"https://static.www.nfl.com/image/upload/f_auto,q_auto/league/c4arvhcrnxg0y3vkzgp7",2023,REG,TEN,1,0,0,0,0,0,0,0,0,0,0,0,0,,,0,,0,0,0,0,0,0,,0,0,0,0,0,0,0,0,0,0,,0,,0,0,0,0,0,0,0,0,0,0,0,0,0,0,0,0,0,0,0,0,0,0,0,0,0,1,5,0,0,0,0,0,0,0,0,,,0,0,0,0,0,0,0,0,0,0,0,0,,,,0,0,0,0,0,0,0,,0,0,0,0,,0,0
00-0039040,D.Achane,De'Von Achane,RB,RB,"https://static.www.nfl.com/image/upload/f_auto,q_auto/league/xk1xwio0bryfxo1ylweu",2023,REG,MIA,11,0,0,0,0,0,1,-6,0,0,0,0,0,-1.43372882343829,,0,,103,800,8,1,1,32,33.2339752366848,0,27,37,197,3,0,0,26,262,10,1.49171892736697,0,7.57692307692308,0.0673952641165756,0.00603808639108221,0.105319556648621,0,0,0,0,0,0,0,0,0,0,0,0,0,0,0,0,0,0,0,0,0,0,0,0,0,0,0,0,0,0,0,0,,,0,0,0,0,0,0,0,0,0,0,0,0,,,,0,0,0,0,0,0,0,,0,0,0,0,,163.7,190.7
00-0039041,E.Higgins,Elijah Higgins,TE,TE,"https://static.www.nfl.com/image/upload/f_auto,q_auto/league/yjvdxmqromyt64w89bhq",2023,REG,ARI,11,0,0,0,0,0,0,0,0,0,0,0,0,,,0,,0,0,0,0,0,0,,0,14,19,163,1,0,0,128,67,9,10.2362891270604,0,1.2734375,0.0351851851851852,0.0305781175346393,0.0741824600520253,0,0,0,3,0,0,0,0,0,0,0,0,0,0,0,0,0,0,0,0,0,0,3,24,0,0,0,0,0,0,0,0,,,0,0,0,0,0,0,0,0,0,0,0,0,,,,0,0,0,0,0,0,0,,0,0,0,0,,22.3,36.3
00-0039047,D.Hall,Derick Hall,LB,LB,"https://static.www.nfl.com/image/upload/f_auto,q_auto/league/gbzmlna8fujliinb6g33",2023,REG,SEA,15,0,0,0,0,0,0,0,0,0,0,0,0,,,0,,0,0,0,0,0,0,,0,0,0,0,0,0,0,0,0,0,,0,,0,0,0,0,14,4,20,3,4,0,0,0,5,0,0,1,0,0,0,0,0,0,0,0,0,3,18,0,0,0,0,0,0,0,0,,,0,0,0,0,0,0,0,0,0,0,0,0,,,,0,0,0,0,0,0,0,,0,0,0,0,,0,0
00-0039048,M.Bergeron,Matthew Bergeron,G,OL,"https://static.www.nfl.com/image/upload/f_auto,q_auto/league/lyfj3zqtupagc1yrcdr7",2023,REG,ATL,4,0,0,0,0,0,0,0,0,0,0,0,0,,,0,,0,0,0,0,0,0,,0,0,0,0,0,0,0,0,0,0,,0,,0,0,0,0,1,0,0,0,0,0,0,0,0,0,0,0,0,0,0,0,0,0,0,0,0,4,20,0,0,0,0,0,0,0,0,,,0,0,0,0,0,0,0,0,0,0,0,0,,,,0,0,0,0,0,0,0,,0,0,0,0,,0,0
00-0039049,S.Dennis,SirVocea Dennis,LB,LB,"https://static.www.nfl.com/image/upload/f_auto,q_auto/league/gdi13xin0t60pyxsmjc6",2023,REG,TB,7,0,0,0,0,0,0,0,0,0,0,0,0,,,0,,0,0,0,0,0,0,,0,0,0,0,0,0,0,0,0,0,,0,,0,0,0,0,8,3,2,0,0,0,0,0,0,0,0,1,0,0,0,0,0,0,0,0,0,2,19,0,0,0,0,0,0,0,0,,,0,0,0,0,0,0,0,0,0,0,0,0,,,,0,0,0,0,0,0,0,,0,0,0,0,,0,0
00-0039050,P.Durham,Payne Durham,TE,TE,"https://static.www.nfl.com/image/upload/f_auto,q_auto/league/ijjyd8bvvkjttepqv82u",2023,REG,TB,6,0,0,0,0,0,0,0,0,0,0,0,0,,,0,,0,0,0,0,0,0,,0,5,7,58,0,0,0,69,16,3,3.69075510452967,0,0.840579710144928,0.0127272727272727,0.0141829393627955,0.0290189666448659,0,0,0,0,0,0,0,0,0,0,0,0,0,0,0,0,0,0,0,0,0,0,0,0,0,0,0,0,0,0,0,0,,,0,0,0,0,0,0,0,0,0,0,0,0,,,,0,0,0,0,0,0,0,,0,0,0,0,,5.8,10.8
00-0039051,J.Hayes,Josh Hayes,CB,DB,"https://static.www.nfl.com/image/upload/f_auto,q_auto/league/yikjuckgb86cwgym5tf4",2023,REG,TB,10,0,0,0,0,0,0,0,0,0,0,0,0,,,0,,0,0,0,0,0,0,,0,0,0,0,0,0,0,0,0,0,,0,,0,0,0,0,9,0,8,0,0,0,0,0,0,0,0,0,0,0,0,0,0,0,0,0,0,3,20,0,0,0,0,0,0,0,0,,,0,0,0,0,0,0,0,0,0,0,0,0,,,,0,0,0,0,0,0,0,,0,0,0,0,,0,0
00-0039052,T.Palmer,Trey Palmer,WR,WR,"https://static.www.nfl.com/image/upload/f_auto,q_auto/league/ptc6qdhbltadeencvb9r",2023,REG,TB,17,0,0,0,0,0,0,0,0,0,0,0,0,,,0,,3,22,0,0,0,1,1.09168822760694,0,39,68,385,3,3,1,736,103,17,-9.26056589275201,0,0.523097826086957,0.123636363636364,0.151284686536485,0.291353826030085,0,1,0,0,0,0,0,0,0,0,0,0,0,0,0,0,0,0,0,0,0,0,4,35,0,0,0,0,0,0,0,0,,,0,0,0,0,0,0,0,0,0,0,0,0,,,,0,0,0,0,0,0,0,,0,0,0,0,,56.7,95.7
00-0039054,M.Mapu,Marte Mapu,LB,LB,"https://static.www.nfl.com/image/upload/f_auto,q_auto/league/yowcsdwn6r2bh5q2fpa0",2023,REG,NE,10,0,0,0,0,0,0,0,0,0,0,0,0,,,0,,0,0,0,0,0,0,,0,0,0,0,0,0,0,0,0,0,,0,,0,0,0,0,11,1,6,0,0,1,0,0,0,1,20,1,0,0,0,0,0,0,0,0,0,2,20,0,0,0,0,0,0,0,0,,,0,0,0,0,0,0,0,0,0,0,0,0,,,,0,0,0,0,0,0,0,,0,0,0,0,,0,0
00-0039058,S.Avila,Steve Avila,G,OL,"https://static.www.nfl.com/image/upload/f_auto,q_auto/league/k8py6unecntq8dio0wrz",2023,REG,LA,2,0,0,0,0,0,0,0,0,0,0,0,0,,,0,,0,0,0,0,0,0,,0,0,0,0,0,0,0,0,0,0,,0,,0,0,0,0,0,0,0,0,0,0,0,0,0,0,0,0,0,0,0,0,0,0,0,0,0,2,15,0,0,0,0,0,0,0,0,,,0,0,0,0,0,0,0,0,0,0,0,0,,,,0,0,0,0,0,0,0,,0,0,0,0,,0,0
00-0039059,E.Evans,Ethan Evans,P,SPEC,"https://static.www.nfl.com/image/upload/f_auto,q_auto/league/xqev6nqi3dzbwf6q5xkg",2023,REG,LA,17,0,0,0,0,0,0,0,0,0,0,0,0,,,0,,0,0,0,0,0,0,,0,0,0,0,0,0,0,0,0,0,,0,,0,0,0,0,0,0,0,0,0,0,0,0,0,0,0,0,0,0,0,0,0,0,0,0,0,0,0,0,0,0,0,0,0,0,0,,,0,0,0,0,0,0,0,0,0,0,0,0,,,,0,0,0,0,0,0,0,,0,0,0,0,,0,0
00-0039060,J.Taylor,Jason Taylor II,SAF,DB,"https://static.www.nfl.com/image/upload/f_auto,q_auto/league/aozchrij1ghc0d9lpk86",2023,REG,LA,3,0,0,0,0,0,0,0,0,0,0,0,0,,,0,,0,0,0,0,0,0,,0,0,0,0,0,0,0,0,0,0,,0,,0,0,0,0,4,1,0,0,0,0,0,0,0,0,0,0,0,0,0,0,0,0,0,0,0,0,0,0,0,0,0,0,0,0,0,,,0,0,0,0,0,0,0,0,0,0,0,0,,,,0,0,0,0,0,0,0,,0,0,0,0,,0,0
00-0039061,D.Johnson,Desjuan Johnson,DE,DL,"https://static.www.nfl.com/image/upload/f_auto,q_auto/league/daqugeefmqpj99qzpjmh",2023,REG,LA,5,0,0,0,0,0,0,0,0,0,0,0,0,,,0,,0,0,0,0,0,0,,0,0,0,0,0,0,0,0,0,0,,0,,0,0,0,0,2,3,4,1,10,1,2,10,2,0,0,0,0,0,0,0,0,0,0,0,0,0,0,0,0,0,0,0,0,0,0,,,0,0,0,0,0,0,0,0,0,0,0,0,,,,0,0,0,0,0,0,0,,0,0,0,0,,0,0
00-0039062,J.Mingo,Jonathan Mingo,WR,WR,"https://static.www.nfl.com/image/upload/f_auto,q_auto/league/adaubthdtcqe2ez7dw9w",2023,REG,CAR,15,0,0,0,0,0,0,0,0,0,0,0,0,,,0,,0,0,0,0,0,0,,0,43,85,418,0,1,0,921,155,15,-24.6459438826527,0,0.45385450597177,0.159176029962547,0.205488621151272,0.38260607974971,0,2,0,0,0,0,0,0,0,0,0,0,0,0,0,0,0,0,0,0,0,0,1,5,0,0,0,0,0,0,0,0,,,0,0,0,0,0,0,0,0,0,0,0,0,,,,0,0,0,0,0,0,0,,0,0,0,0,,41.8,84.8
00-0039063,C.Kancey,Calijah Kancey,DT,DL,"https://static.www.nfl.com/image/upload/f_auto,q_auto/league/idizvzmzmmdkc4dprb0g",2023,REG,TB,13,0,0,0,0,0,0,0,0,0,0,0,0,,,0,,0,0,0,0,0,0,,0,0,0,0,0,0,0,0,0,0,,0,,0,0,0,0,17,2,7,9,34,0,4,22,12,0,0,1,0,0,0,0,0,0,0,0,0,1,5,0,0,0,0,0,0,0,0,,,0,0,0,0,0,0,0,0,0,0,0,0,,,,0,0,0,0,0,0,0,,0,0,0,0,,0,0
00-0039064,Z.Flowers,Zay Flowers,WR,WR,"https://static.www.nfl.com/image/upload/f_auto,q_auto/league/sqqh8gmxdpo55qwpsszj",2023,REG,BAL,16,0,0,0,0,0,0,0,0,0,0,0,0,,,0,,8,56,1,0,0,1,4.30611578980461,0,77,108,858,5,0,0,921,387,41,28.9356095549542,1,0.931596091205212,0.226890756302521,0.225238444607484,0.49800304567902,0,1,0,0,0,0,0,0,0,0,0,0,0,0,0,0,0,0,0,0,0,0,0,0,0,0,0,0,0,0,0,0,,,0,0,0,0,0,0,0,0,0,0,0,0,,,,0,0,0,0,0,0,0,,0,0,0,0,,129.4,206.4
00-0039065,S.LaPorta,Sam LaPorta,TE,TE,"https://static.www.nfl.com/image/upload/f_auto,q_auto/league/qfcy3taaoage00rrl0cc",2023,REG,DET,17,0,0,0,0,0,0,0,0,0,0,0,0,,,0,,1,4,0,0,0,0,0.133189848565962,0,86,120,889,10,0,0,851,358,48,40.4328950199898,2,1.04465334900118,0.209059233449477,0.208272148800783,0.459379354334764,0,1,0,3,0,0,0,0,0,0,0,0,0,0,0,0,0,0,0,0,0,0,1,5,0,0,0,0,0,0,0,0,,,0,0,0,0,0,0,0,0,0,0,0,0,,,,0,0,0,0,0,0,0,,0,0,0,0,,153.3,239.3
00-0039066,M.Mayer,Michael Mayer,TE,TE,"https://static.www.nfl.com/image/upload/f_auto,q_auto/league/crb4nzumiww6ftxcyiqm",2023,REG,LV,13,0,0,0,0,0,0,0,0,0,0,0,0,,,0,,0,0,0,0,0,0,,0,27,40,304,2,0,0,227,164,19,17.7773883694555,1,1.33920704845815,0.0753295668549906,0.0530249941602429,0.150111846194656,0,2,0,1,0,0,0,0,0,0,0,0,0,0,0,0,0,0,0,0,0,0,3,30,0,0,0,0,0,0,0,0,,,0,0,0,0,0,0,0,0,0,0,0,0,,,,0,0,0,0,0,0,0,,0,0,0,0,,44.4,71.4
00-0039067,R.Rice,Rashee Rice,WR,WR,"https://static.www.nfl.com/image/upload/f_auto,q_auto/league/iy0uidp9wokc6a7u8lwq",2023,REG,KC,16,0,0,0,0,0,0,0,0,0,0,0,0,,,0,,1,-3,0,0,0,0,-2.20213012397289,0,79,102,938,7,2,1,491,654,44,39.4724151469952,0,1.91038696537678,0.170283806343907,0.11990231990232,0.339357333447484,0,3,0,0,0,0,0,0,0,0,0,0,0,0,0,0,0,1,1,0,0,0,2,15,0,0,0,0,0,0,0,0,,,0,0,0,0,0,0,0,0,0,0,0,0,,,,0,0,0,0,0,0,0,,0,0,0,0,,133.5,212.5
00-0039068,Y.Diaby,Yaya Diaby,LB,LB,"https://static.www.nfl.com/image/upload/f_auto,q_auto/league/wccyapm2qdoidjmfveos",2023,REG,TB,15,0,0,0,0,0,0,0,0,0,0,0,0,,,0,,0,0,0,0,0,0,,0,0,0,0,0,0,0,0,0,0,,0,,0,0,0,0,22,3,13,10,66,1,7.5,48,8,0,0,0,0,0,0,0,0,0,2,2,0,2,10,0,0,0,0,0,0,0,0,,,0,0,0,0,0,0,0,0,0,0,0,0,,,,0,0,0,0,0,0,0,,0,0,0,0,,0,0
00-0039070,G.Dexter,Gervon Dexter Sr.,DT,DL,"https://static.www.nfl.com/image/private/f_auto,q_auto/league/vj6m4qixxhqmufrr5ilo",2023,REG,CHI,11,0,0,0,0,0,0,0,0,0,0,0,0,,,0,,0,0,0,0,0,0,,0,0,0,0,0,0,0,0,0,0,,0,,0,0,0,0,12,1,7,0,0,0,2.5,11,12,0,0,2,0,0,0,0,0,0,0,0,0,1,15,0,0,0,0,0,0,0,0,,,0,0,0,0,0,0,0,0,0,0,0,0,,,,0,0,0,0,0,0,0,,0,0,0,0,,0,0
00-0039071,T.Stevenson,Tyrique Stevenson,CB,DB,"https://static.www.nfl.com/image/upload/f_auto,q_auto/league/whzeosd28apu5wrlaixk",2023,REG,CHI,16,0,0,0,0,0,0,0,0,0,0,0,0,,,0,,0,0,0,0,0,0,,0,0,0,0,0,0,0,0,0,0,,0,,0,0,0,0,56,9,21,1,2,2,0,0,0,4,46,16,0,0,0,0,0,0,0,0,0,5,53,0,0,0,0,0,0,0,0,,,0,0,0,0,0,0,0,0,0,0,0,0,,,,0,0,0,0,0,0,0,,0,0,0,0,,0,0
00-0039072,J.Bennett,Jakorian Bennett,CB,DB,"https://static.www.nfl.com/image/upload/f_auto,q_auto/league/faleietqfsmpnhibdhad",2023,REG,LV,10,0,0,0,0,0,0,0,0,0,0,0,0,,,0,,0,0,0,0,0,0,,0,0,0,0,0,0,0,0,0,0,,0,,0,0,0,0,23,1,8,0,0,0,0,0,0,0,0,3,0,0,0,0,0,0,0,0,0,4,43,0,0,0,0,0,0,0,0,,,0,0,0,0,0,0,0,0,0,0,0,0,,,,0,0,0,0,0,0,0,,0,0,0,0,,0,0
00-0039074,D.Allen,Davis Allen,TE,TE,"https://static.www.nfl.com/image/upload/f_auto,q_auto/league/knzujvs0ge3lozkyilsf",2023,REG,LA,7,0,0,0,0,0,0,0,0,0,0,0,0,,,0,,0,0,0,0,0,0,,0,10,11,95,1,0,0,24,74,7,9.99433434364619,0,3.95833333333333,0.0198198198198198,0.00532504992234302,0.0334572646753698,0,2,0,0,0,0,0,0,0,0,0,0,0,0,0,0,0,0,0,0,0,0,2,15,0,0,0,0,0,0,0,0,,,0,0,0,0,0,0,0,0,0,0,0,0,,,,0,0,0,0,0,0,0,,0,0,0,0,,15.5,25.5
00-0039075,P.Nacua,Puka Nacua,WR,WR,"https://static.www.nfl.com/image/upload/f_auto,q_auto/league/zvi4hdm6fywcekfe7ceb",2023,REG,LA,17,0,0,0,0,0,0,0,0,0,0,0,0,,,0,,12,89,0,0,0,6,3.86805375423864,0,105,160,1486,6,1,0,1453,639,68,67.8077402600768,0,1.02271163110805,0.288288288288288,0.32238739738185,0.658103610599728,0,1,0,0,0,0,0,0,0,0,0,0,0,0,0,0,0,1,1,0,0,0,5,43,0,0,0,0,0,0,0,0,,,0,0,0,0,0,0,0,0,0,0,0,0,,,,0,0,0,0,0,0,0,,0,0,0,0,,193.5,298.5
00-0039076,N.Hampton,Nick Hampton,LB,LB,"https://static.www.nfl.com/image/upload/f_auto,q_auto/league/pyouk6br5ca950zlofia",2023,REG,LA,5,0,0,0,0,0,0,0,0,0,0,0,0,,,0,,0,0,0,0,0,0,,0,0,0,0,0,0,0,0,0,0,,0,,0,0,0,0,2,0,2,0,0,0,0,0,0,0,0,1,0,0,0,0,0,0,0,0,0,0,0,0,0,0,0,0,0,0,0,,,0,0,0,0,0,0,0,0,0,0,0,0,,,,0,0,0,0,0,0,0,,0,0,0,0,,0,0
00-0039108,W.Anderson,Will Anderson Jr.,DE,DL,"https://static.www.nfl.com/image/upload/f_auto,q_auto/league/ar9k2r2btzzb10zc0xja",2023,REG,HOU,15,0,0,0,0,0,0,0,0,0,0,0,0,,,0,,0,0,0,0,0,0,,0,0,0,0,0,0,0,0,0,0,,0,,0,0,0,0,21,8,16,9,54,0,7,48,22,0,0,1,0,0,0,0,0,0,0,0,0,4,44,0,0,0,0,0,0,0,0,,,0,0,0,0,0,0,0,0,0,0,0,0,,,,0,0,0,0,0,0,0,,0,0,0,0,,0,0
00-0039109,B.Jones,Broderick Jones,OT,OL,"https://static.www.nfl.com/image/upload/f_auto,q_auto/league/vaquwulcfwqcn8vaumac",2023,REG,PIT,4,0,0,0,0,0,0,0,0,0,0,0,0,,,0,,0,0,0,0,0,0,,0,0,0,0,0,0,0,0,0,0,,0,,0,0,0,0,0,0,1,0,0,0,0,0,0,0,0,0,0,0,0,0,1,1,0,0,0,3,30,0,0,0,0,0,0,0,0,,,0,0,0,0,0,0,0,0,0,0,0,0,,,,0,0,0,0,0,0,0,,0,0,0,0,,0,0
00-0039110,K.Benton,Keeanu Benton,DT,DL,"https://static.www.nfl.com/image/upload/f_auto,q_auto/league/xhauoqvtf8w00rv8wtwv",2023,REG,PIT,16,0,0,0,0,0,0,0,0,0,0,0,0,,,0,,0,0,0,0,0,0,,0,0,0,0,0,0,0,0,0,0,,0,,0,0,0,0,14,2,20,1,9,2,1,9,8,0,0,2,0,0,0,0,0,0,0,0,0,1,5,0,0,0,0,0,0,0,0,,,0,0,0,0,0,0,0,0,0,0,0,0,,,,0,0,0,0,0,0,0,,0,0,0,0,,0,0
00-0039111,T.Tuipulotu,Tuli Tuipulotu,LB,LB,"https://static.www.nfl.com/image/upload/f_auto,q_auto/league/dxdvukwnw4gk0j5ttihc",2023,REG,LAC,17,0,0,0,0,0,0,0,0,0,0,0,0,,,0,,0,0,0,0,0,0,,0,0,0,0,0,0,0,0,0,0,,0,,0,0,0,0,28,9,16,8,43,2,4.5,37.5,12,0,0,1,0,0,0,0,0,0,1,1,0,1,5,0,0,0,0,0,0,0,0,,,0,0,0,0,0,0,0,0,0,0,0,0,,,,0,0,0,0,0,0,0,,0,0,0,0,,0,0
00-0039112,L.Van Ness,Lukas Van Ness,DE,DL,"https://static.www.nfl.com/image/upload/f_auto,q_auto/league/qxrs2r7nvy9k6hlkqvyb",2023,REG,GB,16,0,0,0,0,0,0,0,0,0,0,0,0,,,0,,0,0,0,0,0,0,,0,0,0,0,0,0,0,0,0,0,,0,,0,0,0,0,21,3,8,8,40,0,4,31,10,0,0,1,0,0,0,0,0,0,0,0,0,2,30,0,0,0,0,0,0,0,0,,,0,0,0,0,0,0,0,0,0,0,0,0,,,,0,0,0,0,0,0,0,,0,0,0,0,,0,0
00-0039133,C.Smith,Cam Smith,CB,DB,"https://static.www.nfl.com/image/upload/f_auto,q_auto/league/wigvosz3n5ozh2uihk7o",2023,REG,MIA,2,0,0,0,0,0,0,0,0,0,0,0,0,,,0,,0,0,0,0,0,0,,0,0,0,0,0,0,0,0,0,0,,0,,0,0,0,0,1,0,1,0,0,0,0,0,0,0,0,0,0,0,0,0,0,0,0,0,0,0,0,0,0,0,0,0,0,0,0,,,0,0,0,0,0,0,0,0,0,0,0,0,,,,0,0,0,0,0,0,0,,0,0,0,0,,0,0
00-0039134,T.Tomlinson,Tre Tomlinson,CB,DB,"https://static.www.nfl.com/image/upload/f_auto,q_auto/league/n5pfv126xw0psc0d1ydz",2023,REG,LA,9,0,0,0,0,0,0,0,0,0,0,0,0,,,0,,0,0,0,0,0,0,,0,0,0,0,0,0,0,0,0,0,,0,,0,0,0,0,9,2,2,0,0,0,0,0,0,0,0,0,0,0,0,0,0,0,0,0,0,4,34,0,0,0,0,0,0,0,0,,,0,0,0,0,0,0,0,0,0,0,0,0,,,,0,0,0,0,0,0,0,,0,0,0,0,,0,0
00-0039135,O.Mathis,Ochaun Mathis,LB,LB,"https://static.www.nfl.com/image/upload/f_auto,q_auto/league/wk5nybgfppan8k2tai2c",2023,REG,LA,3,0,0,0,0,0,0,0,0,0,0,0,0,,,0,,0,0,0,0,0,0,,0,0,0,0,0,0,0,0,0,0,,0,,0,0,0,0,1,0,1,0,0,0,0,0,1,0,0,0,0,0,0,0,0,0,0,0,0,0,0,0,0,0,0,0,0,0,0,,,0,0,0,0,0,0,0,0,0,0,0,0,,,,0,0,0,0,0,0,0,,0,0,0,0,,0,0
00-0039136,Z.Evans,Zach Evans,RB,RB,"https://static.www.nfl.com/image/upload/f_auto,q_auto/league/i2hxbdi464do6jaxgpua",2023,REG,LA,4,0,0,0,0,0,0,0,0,0,0,0,0,,,0,,9,19,0,0,0,0,-5.21281556869527,0,0,0,0,0,0,0,0,0,0,,0,,0,0,0,0,0,0,0,0,0,0,0,0,0,0,0,0,0,0,0,0,0,0,0,0,0,0,0,0,0,0,0,0,0,0,0,,,0,0,0,0,0,0,0,0,0,0,0,0,,,,0,0,0,0,0,0,0,,0,0,0,0,,1.9,1.9
00-0039137,B.Young,Byron Young,LB,LB,"https://static.www.nfl.com/image/upload/f_auto,q_auto/league/q68ctteciw57fgxh8c4u",2023,REG,LA,17,0,0,0,0,0,0,0,0,0,0,0,0,,,0,,0,0,0,0,0,0,,0,0,0,0,0,0,0,0,0,0,,0,,0,0,0,0,31,11,19,6,19,2,8,41,19,0,0,0,0,0,0,0,0,0,1,1,0,0,0,0,0,0,0,0,0,0,0,,,0,0,0,0,0,0,0,0,0,0,0,0,,,,0,0,0,0,0,0,0,,0,0,0,0,,0,0
00-0039138,K.Turner,Kobie Turner,DE,DL,"https://static.www.nfl.com/image/upload/f_auto,q_auto/league/tmifh6zibjgxpesgp7bf",2023,REG,LA,17,0,0,0,0,0,0,0,0,0,0,0,0,,,0,,0,0,0,0,0,0,,0,0,0,0,0,0,0,0,0,0,,0,,0,0,0,0,17,12,28,8,65,0,9,77.5,16,0,0,2,0,0,0,0,0,0,0,0,0,2,16,0,0,0,0,0,0,0,0,,,0,0,0,0,0,0,0,0,0,0,0,0,,,,0,0,0,0,0,0,0,,0,0,0,0,,0,0
00-0039139,J.Gibbs,Jahmyr Gibbs,RB,RB,"https://static.www.nfl.com/image/upload/f_auto,q_auto/league/hjxk3judytgsxkqiilre",2023,REG,DET,15,0,0,0,0,0,0,0,0,0,0,0,0,,,0,,182,945,10,2,1,43,-5.18102973025623,0,52,71,316,1,0,0,8,314,20,-12.1002350766636,0,39.5,0.123693379790941,0.00195790504160548,0.186910603215535,0,0,0,0,0,0,0,0,0,0,0,0,0,0,0,0,0,0,0,0,0,0,0,0,0,0,0,0,0,0,0,0,,,0,0,0,0,0,0,0,0,0,0,0,0,,,,0,0,0,0,0,0,0,,0,0,0,0,,190.1,242.1
00-0039140,K.Ringo,Kelee Ringo,CB,DB,"https://static.www.nfl.com/image/upload/f_auto,q_auto/league/ly44wusmozddh3mx9jqv",2023,REG,PHI,10,0,0,0,0,0,0,0,0,0,0,0,0,,,0,,0,0,0,0,0,0,,0,0,0,0,0,0,0,0,0,0,,0,,0,0,0,0,16,1,4,0,0,0,1,0,1,1,0,2,0,0,0,0,1,1,0,0,0,5,74,0,0,0,0,0,0,0,0,,,0,0,0,0,0,0,0,0,0,0,0,0,,,,0,0,0,0,0,0,0,,0,0,0,0,,0,0
00-0039141,B.Branch,Brian Branch,SAF,DB,"https://static.www.nfl.com/image/upload/f_auto,q_auto/league/zcri8hzscyasi2nhjdlk",2023,REG,DET,15,0,0,0,0,0,0,0,0,0,0,0,0,,,0,,0,0,0,0,0,0,,0,0,0,0,0,0,0,0,0,0,,0,,0,0,0,0,43,7,24,6,23,1,1,6,3,3,63,13,1,0,0,0,0,0,0,0,0,6,47,0,0,0,0,0,0,0,0,,,0,0,0,0,0,0,0,0,0,0,0,0,,,,0,0,0,0,0,0,0,,0,0,0,0,,0,0
00-0039142,W.McDonald,Will McDonald IV,DE,DL,"https://static.www.nfl.com/image/private/f_auto,q_auto/league/nw8aiicw9bjhxaqwbeo9",2023,REG,NYJ,11,0,0,0,0,0,0,0,0,0,0,0,0,,,0,,0,0,0,0,0,0,,0,0,0,0,0,0,0,0,0,0,,0,,0,0,0,0,8,1,5,4,33,1,3,25.5,5,0,0,0,0,0,0,0,1,1,0,0,0,0,0,0,0,0,0,0,0,0,0,,,0,0,0,0,0,0,0,0,0,0,0,0,,,,0,0,0,0,0,0,0,,0,0,0,0,,0,0
00-0039143,I.Foskey,Isaiah Foskey,DE,DL,"https://static.www.nfl.com/image/upload/f_auto,q_auto/league/tp8wa1rbwxtoaabgjm4r",2023,REG,NO,5,0,0,0,0,0,0,0,0,0,0,0,0,,,0,,0,0,0,0,0,0,,0,0,0,0,0,0,0,0,0,0,,0,,0,0,0,0,5,0,5,0,0,0,0.5,1.5,1,0,0,1,0,0,0,0,0,0,0,0,0,0,0,0,0,0,0,0,0,0,0,,,0,0,0,0,0,0,0,0,0,0,0,0,,,,0,0,0,0,0,0,0,,0,0,0,0,,0,0
00-0039144,L.Musgrave,Luke Musgrave,TE,TE,"https://static.www.nfl.com/image/upload/f_auto,q_auto/league/erqld7keza48co6umuaa",2023,REG,GB,11,0,0,0,0,0,0,0,0,0,0,0,0,,,0,,0,0,0,0,0,0,,0,34,46,352,1,0,0,344,169,14,12.0297873275131,0,1.02325581395349,0.0819964349376114,0.0696356275303644,0.171739591677672,0,0,0,0,0,0,0,0,0,0,0,0,0,0,0,0,0,0,0,0,0,0,1,5,0,0,0,0,0,0,0,0,,,0,0,0,0,0,0,0,0,0,0,0,0,,,,0,0,0,0,0,0,0,,0,0,0,0,,41.2,75.2
00-0039145,J.Tippmann,Joe Tippmann,G,OL,"https://static.www.nfl.com/image/upload/f_auto,q_auto/league/q8sbzzwjkyb42gn9shb3",2023,REG,NYJ,5,0,0,0,0,0,0,0,0,0,0,0,0,,,0,,0,0,0,0,0,0,,0,0,0,0,0,0,0,0,0,0,,0,,0,0,0,0,0,0,0,0,0,0,0,0,0,0,0,0,0,0,0,0,0,0,0,0,0,5,30,0,0,0,0,0,0,0,0,,,0,0,0,0,0,0,0,0,0,0,0,0,,,,0,0,0,0,0,0,0,,0,0,0,0,,0,0
00-0039146,J.Reed,Jayden Reed,WR,WR,"https://static.www.nfl.com/image/upload/f_auto,q_auto/league/blh2tfg9qjthqo2g6ot4",2023,REG,GB,16,0,0,0,0,0,0,0,0,0,0,0,0,,,0,,11,119,2,0,0,6,4.53442744018696,0,64,94,793,8,0,0,970,335,32,34.3522616618623,1,0.817525773195876,0.167557932263815,0.196356275303644,0.388786291108273,0,1,0,0,0,0,0,0,0,0,0,0,0,0,2,0,0,1,1,0,0,0,3,20,11,94,0,0,0,0,0,0,,,0,0,0,0,0,0,0,0,0,0,0,0,,,,0,0,0,0,0,0,0,,0,0,0,0,,153.2,217.2
00-0039147,C.Gonzalez,Christian Gonzalez,CB,DB,"https://static.www.nfl.com/image/upload/f_auto,q_auto/league/iua1eh08ixdlgp2qisst",2023,REG,NE,4,0,0,0,0,0,0,0,0,0,0,0,0,,,0,,0,0,0,0,0,0,,0,0,0,0,0,0,0,0,0,0,,0,,0,0,0,0,14,0,3,1,8,0,1,8,1,1,0,3,0,0,0,0,0,0,0,0,0,0,0,0,0,0,0,0,0,0,0,,,0,0,0,0,0,0,0,0,0,0,0,0,,,,0,0,0,0,0,0,0,,0,0,0,0,,0,0
00-0039148,K.White,Keion White,DE,DL,"https://static.www.nfl.com/image/upload/f_auto,q_auto/league/wkq3kmgtrqxsndffclam",2023,REG,NE,12,0,0,0,0,0,0,0,0,0,0,0,0,,,0,,0,0,0,0,0,0,,0,0,0,0,0,0,0,0,0,0,,0,,0,0,0,0,10,2,14,2,17,0,1,9,5,0,0,3,0,0,0,0,0,0,0,0,0,1,8,0,0,0,0,0,0,0,0,,,0,0,0,0,0,0,0,0,0,0,0,0,,,,0,0,0,0,0,0,0,,0,0,0,0,,0,0
00-0039149,J.Martin,Quan Martin,SAF,DB,"https://static.www.nfl.com/image/upload/f_auto,q_auto/league/mqvepjtbymevlwn2c7qj",2023,REG,WAS,14,0,0,0,0,0,0,0,0,0,0,0,0,,,0,,0,0,0,0,0,0,,0,0,0,0,0,0,0,0,0,0,,0,,0,0,0,0,25,3,18,1,10,0,1,0,1,2,7,4,0,0,0,0,0,0,0,0,0,1,10,0,0,0,0,0,0,0,0,,,0,0,0,0,0,0,0,0,0,0,0,0,,,,0,0,0,0,0,0,0,,0,0,0,0,,0,0
00-0039150,B.Young,Bryce Young,QB,QB,"https://static.www.nfl.com/image/upload/f_auto,q_auto/league/qy1lfhlzhiacsyzzm1j7",2023,REG,CAR,16,315,527,2877,11,10,62,-477,9,6,4009,1300,135,-159.273441874737,-1.40984062762821,1,0.71763532052881,39,253,0,2,0,20,22.6692995195758,1,0,0,0,0,0,0,0,0,0,,0,,0,0,0,0,0,0,0,0,0,0,0,0,0,0,0,0,0,0,0,0,4,4,0,0,0,2,25,0,0,0,0,0,0,0,0,,,0,0,0,0,0,0,0,0,0,0,0,0,,,,0,0,0,0,0,0,0,,0,0,0,0,,156.38,156.38
00-0039151,E.Forbes,Emmanuel Forbes,CB,DB,"https://static.www.nfl.com/image/upload/f_auto,q_auto/league/zuqfigu7eadzoeo0uymt",2023,REG,WAS,12,0,0,0,0,0,0,0,0,0,0,0,0,,,0,,0,0,0,0,0,0,,0,0,0,0,0,0,0,0,0,0,,0,,0,0,0,0,31,4,3,2,6,0,0,0,0,1,3,11,0,2,0,0,0,0,0,0,0,3,35,0,0,0,0,0,0,0,0,,,0,0,0,0,0,0,0,0,0,0,0,0,,,,0,0,0,0,0,0,0,,0,0,0,0,,0,0
00-0039152,W.Levis,Will Levis,QB,QB,"https://static.www.nfl.com/image/upload/f_auto,q_auto/league/n7usvaleeuqvwomo68kf",2023,REG,TEN,9,149,255,1808,8,4,28,-185,5,2,2688,746,81,-12.8334908396109,-0.382610123891097,1,0.672619047619048,25,57,1,2,2,9,-9.42832683457527,0,0,0,0,0,0,0,0,0,0,,0,,0,0,0,0,0,0,0,0,0,0,0,0,0,0,0,0,0,0,0,0,1,3,1,1,0,1,5,0,0,0,0,0,0,0,0,,,0,0,0,0,0,0,0,0,0,0,0,0,,,,0,0,0,0,0,0,0,,0,0,0,0,,102.02,102.02
00-0039155,B.Ojulari,BJ Ojulari,LB,LB,"https://static.www.nfl.com/image/upload/f_auto,q_auto/league/yiulza2bhdta4aegzpnm",2023,REG,ARI,13,0,0,0,0,0,0,0,0,0,0,0,0,,,0,,0,0,0,0,0,0,,0,0,0,0,0,0,0,0,0,0,,0,,0,0,0,0,19,4,17,5,29,0,4,28,6,0,0,1,0,0,0,0,0,0,0,0,0,0,0,0,0,0,0,0,0,0,0,,,0,0,0,0,0,0,0,0,0,0,0,0,,,,0,0,0,0,0,0,0,,0,0,0,0,,0,0
00-0039156,J.Brents,Julius Brents,CB,DB,"https://static.www.nfl.com/image/upload/f_auto,q_auto/league/chqdioyasofpjnu25iqi",2023,REG,IND,8,0,0,0,0,0,0,0,0,0,0,0,0,,,0,,0,0,0,0,0,0,,0,0,0,0,0,0,0,0,0,0,,0,,0,0,0,0,28,2,13,0,0,1,0,0,0,1,0,6,0,0,0,0,0,0,1,1,0,2,19,0,0,0,0,0,0,0,0,,,0,0,0,0,0,0,0,0,0,0,0,0,,,,0,0,0,0,0,0,0,,0,0,0,0,,0,0
00-0039157,C.Mauch,Cody Mauch,G,OL,"https://static.www.nfl.com/image/upload/f_auto,q_auto/league/m0851jmhecw29hxwlygs",2023,REG,TB,4,0,0,0,0,0,0,0,0,0,0,0,0,,,0,,0,0,0,0,0,0,,0,0,0,0,0,0,0,0,0,0,,0,,0,0,0,0,0,0,0,0,0,0,0,0,0,0,0,0,0,0,0,0,0,0,0,0,0,4,34,0,0,0,0,0,0,0,0,,,0,0,0,0,0,0,0,0,0,0,0,0,,,,0,0,0,0,0,0,0,,0,0,0,0,,0,0
00-0039158,B.Freeland,Blake Freeland,OT,OL,"https://static.www.nfl.com/image/upload/f_auto,q_auto/league/jehv0joja3f4ansvv4ng",2023,REG,IND,4,0,0,0,0,0,0,0,0,0,0,0,0,,,0,,0,0,0,0,0,0,,0,0,0,0,0,0,0,0,0,0,,0,,0,0,0,0,0,0,0,0,0,0,0,0,0,0,0,0,0,0,0,0,0,0,0,0,0,5,25,0,0,0,0,0,0,0,0,,,0,0,0,0,0,0,0,0,0,0,0,0,,,,0,0,0,0,0,0,0,,0,0,0,0,,0,0
00-0039163,C.Stroud,C.J. Stroud,QB,QB,"https://static.www.nfl.com/image/upload/f_auto,q_auto/league/tt4zrtxlhifaljhj0rn7",2023,REG,HOU,15,319,499,4108,23,5,38,-331,6,3,4481,1762,188,61.9851726107086,0.210334999220712,0,0.916759651863423,39,167,3,2,1,19,6.11049569134925,1,1,1,0,0,0,0,-1,1,0,-0.873243719805032,0,0,0.00176678445229682,-0.000193162062970833,0.00251496323436565,0,0,0,0,0,0,0,0,0,0,0,0,0,0,0,0,0,1,3,0,0,0,1,14,0,0,0,0,0,0,0,0,,,0,0,0,0,0,0,0,0,0,0,0,0,,,,0,0,0,0,0,0,0,,0,0,0,0,,275.02,276.02
00-0039164,A.Richardson,Anthony Richardson,QB,QB,"https://static.www.nfl.com/image/upload/f_auto,q_auto/league/wrddeyklfcgk9qybgofq",2023,REG,IND,4,50,84,577,3,1,7,-29,1,0,676,297,31,6.69379128707211,-7.68746189129205,2,0.853550295857988,25,136,4,2,1,9,0.430104339262471,0,0,0,0,0,0,0,0,0,0,,0,,0,0,0,0,0,0,0,0,0,0,0,0,0,0,0,0,0,0,0,0,1,2,0,0,0,0,0,0,0,0,0,0,0,0,0,,,0,0,0,0,0,0,0,0,0,0,0,0,,,,0,0,0,0,0,0,0,,0,0,0,0,,72.68,72.68
00-0039165,Z.Charbonnet,Zach Charbonnet,RB,RB,"https://static.www.nfl.com/image/upload/f_auto,q_auto/league/jqbzg5e8pdltbnb7hc8p",2023,REG,SEA,16,0,0,0,0,0,0,0,0,0,0,0,0,,,0,,108,462,1,0,0,32,-7.12166702465278,0,33,40,209,0,0,0,-41,248,7,-4.69321138452782,0,-5.09756097560976,0.0731261425959781,-0.00994904149478282,0.102724884847619,0,0,0,1,0,0,0,0,0,0,0,0,0,0,0,0,0,0,0,0,0,0,1,5,0,0,0,0,0,0,0,0,,,0,0,0,0,0,0,0,0,0,0,0,0,,,,0,0,0,0,0,0,0,,0,0,0,0,,73.1,106.1
00-0039167,J.Porter,Joey Porter Jr.,CB,DB,"https://static.www.nfl.com/image/upload/f_auto,q_auto/league/pcan3dqynqusx1ltmecf",2023,REG,PIT,16,0,0,0,0,0,0,0,0,0,0,0,0,,,0,,0,0,0,0,0,0,,0,0,0,0,0,0,0,0,0,0,,0,,0,0,0,0,29,3,11,1,5,0,0,0,0,1,0,10,0,0,0,0,0,0,0,0,0,8,75,0,0,0,0,0,0,0,0,,,0,0,0,0,0,0,0,0,0,0,0,0,,,,0,0,0,0,0,0,0,,0,0,0,0,,0,0
00-0039169,D.Witherspoon,Devon Witherspoon,CB,DB,"https://static.www.nfl.com/image/upload/f_auto,q_auto/league/zlp8cnwllrdonrcmoxpl",2023,REG,SEA,14,0,0,0,0,0,0,0,0,0,0,0,0,,,0,,0,0,0,0,0,0,,0,0,0,0,0,0,0,0,0,0,,0,,0,0,0,0,48,8,23,7,31,1,3,19,4,1,97,16,1,0,0,0,0,0,0,0,0,5,47,0,0,0,0,0,0,0,0,,,0,0,0,0,0,0,0,0,0,0,0,0,,,,0,0,0,0,0,0,0,,0,0,0,0,,0,0
,,,,,,2023,REG,MIA,272,0,0,0,0,0,0,0,0,0,0,0,0,,,0,,0,0,0,0,0,0,,0,0,0,0,0,0,0,0,0,0,,0,,0,0,0,0,0,0,0,0,0,0,0,0,0,0,0,0,0,0,9,0,0,0,0,0,0,255,1282,0,0,0,0,0,0,0,0,,,0,0,0,0,0,0,0,0,0,0,0,0,,,,0,0,0,0,0,0,0,,0,0,0,0,,0,0
